snapshot_time,時段,sno,sna,sarea,act,Quantity,available_rent_bikes,available_return_bikes,latitude,longitude
2026-09-25 12:28:52,09/25 12:28,500101001,YouBike2.0_捷運科技大樓站,大安區,1,28,26,2,25.02605,121.5436
2026-09-25 12:28:52,09/25 12:28,500101002,YouBike2.0_復興南路二段273號前,大安區,1,21,21,0,25.02565,121.54357
2026-09-25 12:28:52,09/25 12:28,500101003,YouBike2.0_國北教大實小東側門,大安區,1,28,1,27,25.02429,121.54124
2026-09-25 12:28:52,09/25 12:28,500101004,YouBike2.0_和平公園東側,大安區,1,11,11,0,25.02351,121.54282
2026-09-25 12:28:52,09/25 12:28,500101005,YouBike2.0_辛亥復興路口西北側,大安區,1,16,8,8,25.02153,121.54299
2026-09-25 12:28:52,09/25 12:28,500101006,YouBike2.0_復興南路二段280號前,大安區,1,27,10,17,25.02429,121.54328
2026-09-25 12:28:52,09/25 12:28,500101007,YouBike2.0_復興南路二段340巷口,大安區,1,11,1,10,25.02253,121.54326
2026-09-25 12:28:52,09/25 12:28,500101008,YouBike2.0_新生南路三段52號前,大安區,1,17,7,10,25.02112,121.53407
2026-09-25 12:28:52,09/25 12:28,500101009,YouBike2.0_新生南路三段66號前,大安區,1,16,14,2,25.01976,121.53384
2026-09-25 12:28:52,09/25 12:28,500101010,YouBike2.0_新生南路三段82號前,大安區,1,20,16,4,25.01894,121.53361
2026-09-25 12:28:52,09/25 12:28,500101012,YouBike2.0_辛亥路一段30號前,大安區,1,8,1,7,25.01986,121.52982
2026-09-25 12:28:52,09/25 12:28,500101013,YouBike2.0_和平復興路口西北側,大安區,1,9,8,0,25.02543,121.54332
2026-09-25 12:28:52,09/25 12:28,500101014,YouBike2.0_羅斯福路三段311號前,大安區,1,11,9,2,25.01717,121.53202
2026-09-25 12:28:52,09/25 12:28,500101015,YouBike2.0_大安運動中心停車場,大安區,1,19,0,19,25.02089,121.54697
2026-09-25 12:28:52,09/25 12:28,500101016,YouBike2.0_羅斯福路三段245號前,大安區,1,8,2,6,25.01927,121.52989
2026-09-25 12:28:52,09/25 12:28,500101018,YouBike2.0_溫州公園,大安區,1,11,6,5,25.01895,121.53156
2026-09-25 12:28:52,09/25 12:28,500101019,YouBike2.0_和平臥龍街口,大安區,1,24,3,21,25.024461,121.546705
2026-09-25 12:28:52,09/25 12:28,500101020,YouBike2.0_溫州停車場,大安區,0,5,0,0,25.02093,121.5331
2026-09-25 12:28:52,09/25 12:28,500101021,YouBike2.0_銘傳國小側門,大安區,1,7,2,5,25.01385,121.53549
2026-09-25 12:28:52,09/25 12:28,500101022,YouBike2.0_捷運公館站(2號出口),大安區,1,99,74,8,25.01491,121.53438
2026-09-25 12:28:52,09/25 12:28,500101023,YouBike2.0_第二學生活動中心,大安區,1,87,6,81,25.01244,121.53661
2026-09-25 12:28:52,09/25 12:28,500101024,YouBike2.0_臺灣科技大學正門,大安區,1,50,0,50,25.01451,121.54142
2026-09-25 12:28:52,09/25 12:28,500101025,YouBike2.0_臺灣科技大學側門,大安區,1,97,1,96,25.01295,121.53973
2026-09-25 12:28:52,09/25 12:28,500101026,YouBike2.0_公館公園,大安區,1,51,0,51,25.01137,121.54062
2026-09-25 12:28:52,09/25 12:28,500101027,YouBike2.0_臺灣科技大學後門,大安區,1,99,1,98,25.01182,121.54165
2026-09-25 12:28:52,09/25 12:28,500101028,YouBike2.0_臺大醫學院附設癌醫中心,大安區,1,20,1,19,25.01426,121.54382
2026-09-25 12:28:52,09/25 12:28,500101029,YouBike2.0_臺大環研大樓,大安區,1,41,8,33,25.01234,121.54503
2026-09-25 12:28:52,09/25 12:28,500101030,YouBike2.0_臺大永齡生醫工程館,大安區,1,34,1,32,25.0136,121.54656
2026-09-25 12:28:52,09/25 12:28,500101031,YouBike2.0_臺大男七舍前,大安區,1,20,0,20,25.01537,121.54698
2026-09-25 12:28:52,09/25 12:28,500101032,YouBike2.0_臺大男一舍前,大安區,1,61,0,61,25.01637,121.54535
2026-09-25 12:28:52,09/25 12:28,500101033,YouBike2.0_臺大男六舍前,大安區,1,40,1,39,25.01664,121.5452
2026-09-25 12:28:52,09/25 12:28,500101034,YouBike2.0_臺大動物醫院前,大安區,1,18,0,17,25.01576,121.54291
2026-09-25 12:28:52,09/25 12:28,500101035,YouBike2.0_臺大土木研究大樓前,大安區,1,24,7,16,25.01787,121.5476
2026-09-25 12:28:52,09/25 12:28,500101036,YouBike2.0_臺大萬才館前,大安區,1,20,0,19,25.02032,121.54497
2026-09-25 12:28:52,09/25 12:28,500101037,YouBike2.0_臺大國青大樓宿舍前,大安區,1,20,0,20,25.02076,121.54432
2026-09-25 12:28:52,09/25 12:28,500101038,YouBike2.0_臺大社科院圖書館前,大安區,1,27,1,25,25.02101,121.54284
2026-09-25 12:28:52,09/25 12:28,500101039,YouBike2.0_臺大法人語言訓練中心前,大安區,1,28,6,21,25.02104,121.54081
2026-09-25 12:28:52,09/25 12:28,500101040,YouBike2.0_臺大綜合體育館停車場前,大安區,1,25,8,16,25.0222,121.53626
2026-09-25 12:28:52,09/25 12:28,500101041,YouBike2.0_辛亥新生路口東南側,大安區,1,50,6,44,25.02218,121.53474
2026-09-25 12:28:52,09/25 12:28,500101042,YouBike2.0_基隆長興路口東側,大安區,1,15,0,15,25.01727,121.54471
2026-09-25 12:28:52,09/25 12:28,500101091,YouBike2.0_國北教大側門南側,大安區,1,34,0,34,25.022864,121.546622
2026-09-25 12:28:52,09/25 12:28,500101092,YouBike2.0_和平實小東北側,大安區,1,25,2,23,25.021641,121.54704
2026-09-25 12:28:52,09/25 12:28,500101093,YouBike2.0_大安區健康服務中心,大安區,1,23,2,21,25.021469,121.544069
2026-09-25 12:28:52,09/25 12:28,500101094,YouBike2.0_辛亥泰順街口,大安區,1,20,4,16,25.02193,121.53165
2026-09-25 12:28:52,09/25 12:28,500101095,YouBike2.0_臺北市芳和實驗中學,大安區,1,76,17,59,25.0189,121.55013
2026-09-25 12:28:52,09/25 12:28,500101097,YouBike2.0_臥龍樂業街口,大安區,1,64,19,44,25.01856,121.55558
2026-09-25 12:28:52,09/25 12:28,500101098,YouBike2.0_臥龍公園,大安區,1,25,9,16,25.01623,121.55037
2026-09-25 12:28:52,09/25 12:28,500101099,YouBike2.0_嘉興公園,大安區,1,44,28,16,25.021,121.55211
2026-09-25 12:28:52,09/25 12:28,500101100,YouBike2.0_捷運麟光站(2號出口),大安區,1,69,26,43,25.0181,121.55929
2026-09-25 12:28:52,09/25 12:28,500101101,YouBike2.0_捷運六張犁站,大安區,1,64,43,20,25.02397,121.55266
2026-09-25 12:28:52,09/25 12:28,500101102,YouBike2.0_喬治工商,大安區,1,22,1,21,25.02705,121.55551
2026-09-25 12:28:52,09/25 12:28,500101103,YouBike2.0_法治公園,大安區,1,41,8,33,25.02694,121.55325
2026-09-25 12:28:52,09/25 12:28,500101104,YouBike2.0_捷運臺電大樓站(2號出口),大安區,1,18,18,0,25.02021,121.52942
2026-09-25 12:28:52,09/25 12:28,500101105,YouBike2.0_和平金山路口,大安區,1,58,14,44,25.02669,121.52529
2026-09-25 12:28:52,09/25 12:28,500101107,YouBike2.0_和平龍泉街口,大安區,1,34,0,29,25.02638,121.52971
2026-09-25 12:28:52,09/25 12:28,500101108,YouBike2.0_和平泰順街口,大安區,1,19,4,13,25.02621,121.53171
2026-09-25 12:28:52,09/25 12:28,500101109,YouBike2.0_臺灣師範大學(圖書館),大安區,1,40,2,37,25.0266,121.52973
2026-09-25 12:28:52,09/25 12:28,500101110,YouBike2.0_捷運古亭站(6號出口),大安區,1,60,13,47,25.0276,121.52217
2026-09-25 12:28:52,09/25 12:28,500101111,YouBike2.0_捷運古亭站(5號出口),大安區,0,14,0,0,25.02715,121.52293
2026-09-25 12:28:52,09/25 12:28,500101113,YouBike2.0_臺北市立圖書館(總館),大安區,1,99,9,87,25.02895,121.5379
2026-09-25 12:28:52,09/25 12:28,500101114,YouBike2.0_新生和平路口東北側,大安區,1,51,48,2,25.02657,121.53515
2026-09-25 12:28:52,09/25 12:28,500101115,YouBike2.0_建國和平路口西北側,大安區,1,50,30,20,25.02606,121.53738
2026-09-25 12:28:52,09/25 12:28,500101116,YouBike2.0_金華公園,大安區,1,44,40,2,25.02984,121.53107
2026-09-25 12:28:52,09/25 12:28,500101117,YouBike2.0_捷運東門站(3號出口),大安區,0,18,0,0,25.03383,121.52815
2026-09-25 12:28:52,09/25 12:28,500101118,YouBike2.0_金甌女中,大安區,1,15,2,13,25.03519,121.5245
2026-09-25 12:28:52,09/25 12:28,500101119,YouBike2.0_金杭公園,大安區,1,20,0,20,25.03325,121.52436
2026-09-25 12:28:52,09/25 12:28,500101120,YouBike2.0_愛國金山路口,大安區,1,57,8,47,25.03164,121.52661
2026-09-25 12:28:52,09/25 12:28,500101122,YouBike2.0_敦化南路二段293巷口南側,大安區,1,14,1,13,25.0237,121.54899
2026-09-25 12:28:52,09/25 12:28,500101123,YouBike2.0_敦化基隆路口,大安區,1,38,1,37,25.02215,121.54839
2026-09-25 12:28:52,09/25 12:28,500101124,YouBike2.0_安和路二段181巷口,大安區,1,29,11,18,25.02721,121.54988
2026-09-25 12:28:52,09/25 12:28,500101125,YouBike2.0_臨江街夜市(通化街101巷口),大安區,1,30,3,27,25.02952,121.55406
2026-09-25 12:28:52,09/25 12:28,500101126,YouBike2.0_臨江街夜市(基隆路),大安區,1,29,3,25,25.02931,121.55721
2026-09-25 12:28:52,09/25 12:28,500101127,YouBike2.0_台北科技大學億光大樓,大安區,1,59,1,58,25.04177,121.53833
2026-09-25 12:28:52,09/25 12:28,500101128,YouBike2.0_新生南路一段119巷口,大安區,1,64,15,48,25.04003,121.53299
2026-09-25 12:28:52,09/25 12:28,500101129,YouBike2.0_幸安國小(仁愛路),大安區,1,28,19,7,25.03753,121.53523
2026-09-25 12:28:52,09/25 12:28,500101130,YouBike2.0_民榮公園,大安區,1,31,6,25,25.03534,121.5354
2026-09-25 12:28:52,09/25 12:28,500101131,YouBike2.0_復興南路1段340巷口,大安區,1,50,22,27,25.03701,121.54348
2026-09-25 12:28:52,09/25 12:28,500101132,YouBike2.0_建國濟南路口,大安區,1,54,12,42,25.03935,121.53828
2026-09-25 12:28:52,09/25 12:28,500101133,YouBike2.0_捷運忠孝復興站(2號出口),大安區,1,29,25,4,25.04035,121.5436
2026-09-25 12:28:52,09/25 12:28,500101134,YouBike2.0_捷運大安站(4號出口),大安區,1,16,5,10,25.0332,121.5439
2026-09-25 12:28:52,09/25 12:28,500101135,YouBike2.0_捷運大安站(2號出口),大安區,1,60,10,50,25.03358,121.54141
2026-09-25 12:28:52,09/25 12:28,500101136,YouBike2.0_信義大安路口(信維大樓),大安區,1,18,6,12,25.03317,121.54639
2026-09-25 12:28:52,09/25 12:28,500101137,YouBike2.0_龍門廣場,大安區,1,70,42,28,25.04092,121.54825
2026-09-25 12:28:52,09/25 12:28,500101138,YouBike2.0_仁愛安和路口,大安區,1,33,19,14,25.03754,121.55285
2026-09-25 12:28:52,09/25 12:28,500101139,YouBike2.0_信義敦化路口,大安區,1,52,15,37,25.03333,121.54977
2026-09-25 12:28:52,09/25 12:28,500101140,YouBike2.0_仁愛國中,大安區,1,25,5,20,25.03706,121.55166
2026-09-25 12:28:52,09/25 12:28,500101141,YouBike2.0_捷運信義安和站(2號出口),大安區,1,24,3,21,25.03304,121.55171
2026-09-25 12:28:52,09/25 12:28,500101142,YouBike2.0_八德市場,大安區,1,30,3,27,25.04463,121.53665
2026-09-25 12:28:52,09/25 12:28,500101143,YouBike2.0_昌隆公園,大安區,1,16,6,10,25.04448,121.53946
2026-09-25 12:28:52,09/25 12:28,500101144,YouBike2.0_捷運大安森林公園站(2號出口),大安區,1,69,20,49,25.03332,121.53435
2026-09-25 12:28:52,09/25 12:28,500101145,YouBike2.0_信義延吉街口,大安區,1,15,1,13,25.03318,121.55725
2026-09-25 12:28:52,09/25 12:28,500101146,YouBike2.0_光信公園(光復南路456巷),大安區,1,25,4,21,25.03513,121.5561
2026-09-25 12:28:52,09/25 12:28,500101147,YouBike2.0_僑安地下停車場(2號出口)東南側,大安區,1,28,14,13,25.0391,121.5569
2026-09-25 12:28:52,09/25 12:28,500101148,YouBike2.0_建國南路一段279巷口,大安區,1,62,9,53,25.03635,121.53833
2026-09-25 12:28:52,09/25 12:28,500101149,YouBike2.0_捷運忠孝新生站(6號出口),大安區,1,35,10,25,25.04091,121.53295
2026-09-25 12:28:52,09/25 12:28,500101150,YouBike2.0_捷運忠孝新生站(4號出口),大安區,1,46,20,24,25.04239,121.53324
2026-09-25 12:28:52,09/25 12:28,500101151,YouBike2.0_大安高工,大安區,1,23,7,15,25.03126,121.54339
2026-09-25 12:28:52,09/25 12:28,500101152,YouBike2.0_捷運忠孝新生站(3號出口),大安區,1,43,20,22,25.04189,121.53376
2026-09-25 12:28:52,09/25 12:28,500101153,YouBike2.0_瑠公公園,大安區,1,20,15,5,25.04201,121.54612
2026-09-25 12:28:52,09/25 12:28,500101154,YouBike2.0_敦化市民路口,大安區,1,23,0,23,25.04405,121.5486
2026-09-25 12:28:52,09/25 12:28,500101155,YouBike2.0_捷運大安森林公園站(5號出口),大安區,1,15,14,1,25.03336,121.5364
2026-09-25 12:28:52,09/25 12:28,500101156,YouBike2.0_信義建國路口,大安區,1,52,33,19,25.0328,121.53746
2026-09-25 12:28:52,09/25 12:28,500101157,YouBike2.0_東豐公園,大安區,1,19,8,9,25.03569,121.5451
2026-09-25 12:28:52,09/25 12:28,500101158,YouBike2.0_德安公園(四維路66巷),大安區,1,22,6,16,25.03473,121.54767
2026-09-25 12:28:52,09/25 12:28,500101159,YouBike2.0_捷運忠孝復興站(5號出口),大安區,1,30,27,0,25.04253,121.54407
2026-09-25 12:28:52,09/25 12:28,500101160,YouBike2.0_捷運忠孝敦化站(2號出口),大安區,1,17,11,5,25.04153,121.5524
2026-09-25 12:28:52,09/25 12:28,500101161,YouBike2.0_捷運忠孝敦化站(7號出口),大安區,1,18,14,3,25.04159,121.54937
2026-09-25 12:28:52,09/25 12:28,500101162,YouBike2.0_忠孝東路四段223巷口(市民大道側),大安區,1,49,19,30,25.04427,121.55291
2026-09-25 12:28:52,09/25 12:28,500101163,YouBike2.0_瑞安街208巷,大安區,1,15,8,6,25.02979,121.54053
2026-09-25 12:28:52,09/25 12:28,500101165,YouBike2.0_樂利路21巷口,大安區,1,17,3,14,25.0277,121.55132
2026-09-25 12:28:52,09/25 12:28,500101166,YouBike2.0_捷運科技大樓站(台北教育大學),大安區,1,54,50,4,25.02472,121.54417
2026-09-25 12:28:52,09/25 12:28,500101167,YouBike2.0_捷運國父紀念館站(2號出口),大安區,1,62,28,33,25.04122,121.55745
2026-09-25 12:28:52,09/25 12:28,500101168,YouBike2.0_仁愛醫院,大安區,1,36,13,23,25.03756,121.54587
2026-09-25 12:28:52,09/25 12:28,500101169,YouBike2.0_捷運信義安和站(4號出口),大安區,1,49,23,26,25.03305,121.55378
2026-09-25 12:28:52,09/25 12:28,500101170,YouBike2.0_成功國宅,大安區,1,36,12,24,25.02681,121.54668
2026-09-25 12:28:52,09/25 12:28,500101171,YouBike2.0_仁愛延吉街口,大安區,1,33,6,25,25.03748,121.55564
2026-09-25 12:28:52,09/25 12:28,500101172,YouBike2.0_捷運信義安和站(1號出口),大安區,1,49,3,46,25.03331,121.55265
2026-09-25 12:28:52,09/25 12:28,500101173,YouBike2.0_敦化南路二段103巷口,大安區,1,24,3,21,25.0287,121.54904
2026-09-25 12:28:52,09/25 12:28,500101174,YouBike2.0_復興南路二段128巷口,大安區,1,31,25,5,25.02861,121.54336
2026-09-25 12:28:52,09/25 12:28,500101175,YouBike2.0_和平東建國南路口,大安區,1,17,5,12,25.02575,121.5377
2026-09-25 12:28:52,09/25 12:28,500101176,YouBike2.0_芳蘭山莊,大安區,1,16,1,15,25.01223,121.54788
2026-09-25 12:28:52,09/25 12:28,500101177,YouBike2.0_復興南路一段126巷口,大安區,1,15,7,6,25.04311,121.54313
2026-09-25 12:28:52,09/25 12:28,500101179,YouBike2.0_捷運東門站(5號出口),大安區,1,28,3,25,25.03363,121.52962
2026-09-25 12:28:52,09/25 12:28,500101180,YouBike2.0_仁愛路四段48巷口,大安區,1,12,12,0,25.03597,121.54693
2026-09-25 12:28:52,09/25 12:28,500101181,YouBike2.0_捷運公館站(3號出口),大安區,1,99,25,72,25.01551,121.53374
2026-09-25 12:28:52,09/25 12:28,500101182,YouBike2.0_臺北科技大學(電機工程系),大安區,1,34,3,31,25.04196,121.53653
2026-09-25 12:28:52,09/25 12:28,500101184,YouBike2.0_新生南路三段94巷口,大安區,1,15,12,3,25.01744,121.53334
2026-09-25 12:28:52,09/25 12:28,500101185,YouBike2.0_辛亥新生路口西北側,大安區,1,41,2,38,25.02267,121.5341
2026-09-25 12:28:52,09/25 12:28,500101186,YouBike2.0_捷運大安站(6號出口),大安區,1,29,6,23,25.03479,121.54376
2026-09-25 12:28:52,09/25 12:28,500101187,YouBike2.0_臥龍街195巷口,大安區,1,14,12,2,25.01783,121.55224
2026-09-25 12:28:52,09/25 12:28,500101188,YouBike2.0_辛亥路三段157巷口,大安區,1,27,3,24,25.01727,121.54904
2026-09-25 12:28:52,09/25 12:28,500101189,YouBike2.0_臥龍基隆路口,大安區,1,25,3,22,25.02039,121.54853
2026-09-25 12:28:52,09/25 12:28,500101190,YouBike2.0_敦親公園,大安區,1,26,8,18,25.02347,121.54108
2026-09-25 12:28:52,09/25 12:28,500101191,YouBike2.0_大安運動中心,大安區,1,40,2,37,25.02054,121.54561
2026-09-25 12:28:52,09/25 12:28,500101192,YouBike2.0_和平敦化路口,大安區,1,36,30,6,25.02444,121.54908
2026-09-25 12:28:52,09/25 12:28,500101193,YouBike2.0_基隆長興路口,大安區,1,51,0,51,25.01705,121.54435
2026-09-25 12:28:52,09/25 12:28,500101194,YouBike2.0_仁愛路四段122巷口,大安區,1,25,5,20,25.03762,121.55009
2026-09-25 12:28:52,09/25 12:28,500101196,YouBike2.0_市民敦化路口,大安區,1,62,2,58,25.04464,121.54944
2026-09-25 12:28:52,09/25 12:28,500101197,YouBike2.0_忠孝東路四段49巷口,大安區,1,15,5,10,25.04172,121.54541
2026-09-25 12:28:52,09/25 12:28,500101198,YouBike2.0_市民復興路口(東南側),大安區,1,26,26,0,25.04472,121.54401
2026-09-25 12:28:52,09/25 12:28,500101199,YouBike2.0_和平新生路口西南側,大安區,1,24,20,1,25.02604,121.534
2026-09-25 12:28:52,09/25 12:28,500101200,YouBike2.0_全安公園,大安區,1,16,4,10,25.02535,121.55101
2026-09-25 12:28:52,09/25 12:28,500101201,YouBike2.0_信義路三段134巷口,大安區,1,28,4,24,25.03333,121.53968
2026-09-25 12:28:52,09/25 12:28,500101202,YouBike2.0_仁愛敦南圓環(東南側),大安區,1,16,4,11,25.03715,121.54936
2026-09-25 12:28:52,09/25 12:28,500101203,YouBike2.0_臺北遠企購物中心,大安區,1,33,24,9,25.02709,121.54902
2026-09-25 12:28:52,09/25 12:28,500101204,YouBike2.0_外交部外交及國際事務學院,大安區,1,26,25,0,25.0371,121.54839
2026-09-25 12:28:52,09/25 12:28,500101205,YouBike2.0_四維路170巷口,大安區,1,22,11,11,25.02821,121.54864
2026-09-25 12:28:52,09/25 12:28,500101206,YouBike2.0_捷運大安站(3號出口),大安區,1,46,32,14,25.03328,121.5425
2026-09-25 12:28:52,09/25 12:28,500101207,YouBike2.0_捷運臺電大樓站(2號出口)_1,大安區,1,38,9,29,25.02055,121.52855
2026-09-25 12:28:52,09/25 12:28,500101208,YouBike2.0_信義路四段199巷,大安區,1,21,2,19,25.03459,121.55164
2026-09-25 12:28:52,09/25 12:28,500101209,YouBike2.0_臺大資訊大樓,大安區,1,76,0,73,25.02101,121.54153
2026-09-25 12:28:52,09/25 12:28,500101210,YouBike2.0_敦化南路二段81巷,大安區,1,40,18,22,25.03002,121.54893
2026-09-25 12:28:52,09/25 12:28,500101211,YouBike2.0_原臺北刑務所官舍,大安區,1,23,2,21,25.03054,121.52466
2026-09-25 12:28:52,09/25 12:28,500101212,YouBike2.0_捷運國父紀念館站(1號出口),大安區,1,24,22,0,25.04205,121.55657
2026-09-25 12:28:52,09/25 12:28,500101213,YouBike2.0_懷生國中,大安區,1,24,14,10,25.0401,121.54122
2026-09-25 12:28:52,09/25 12:28,500101214,YouBike2.0_仁愛敦南圓環(西北側),大安區,1,20,1,17,25.03827,121.54802
2026-09-25 12:28:52,09/25 12:28,500101215,YouBike2.0_立人國小,大安區,1,17,17,0,25.02974,121.55146
2026-09-25 12:28:52,09/25 12:28,500101216,YouBike2.0_和平東路二段18巷口,大安區,1,24,11,12,25.02268,121.53608
2026-09-25 12:28:52,09/25 12:28,500101217,YouBike2.0_捷運大安站(5號出口),大安區,1,26,13,12,25.03303,121.54372
2026-09-25 12:28:52,09/25 12:28,500101218,YouBike2.0_臨江公園,大安區,1,23,3,20,25.02832,121.55592
2026-09-25 12:28:52,09/25 12:28,500101219,YouBike2.0_羅斯福路四段113巷19弄口,大安區,1,14,1,13,25.01027,121.53998
2026-09-25 12:28:52,09/25 12:28,500101221,YouBike2.0_忠孝東路四段248巷口,大安區,1,25,18,7,25.04132,121.55393
2026-09-25 12:28:52,09/25 12:28,500101222,YouBike2.0_仁愛延吉路口(西北側),大安區,1,24,6,18,25.03795,121.55466
2026-09-25 12:28:52,09/25 12:28,500101223,YouBike2.0_樂利路101巷口,大安區,1,13,5,8,25.02528,121.55224
2026-09-25 12:28:52,09/25 12:28,500101224,YouBike2.0_羅斯福浦城街口,大安區,1,25,4,21,25.02208,121.52678
2026-09-25 12:28:52,09/25 12:28,500101225,YouBike2.0_敦化南路一段295巷口,大安區,1,18,6,12,25.03551,121.54951
2026-09-25 12:28:52,09/25 12:28,500101226,YouBike2.0_通安區民活動中心,大安區,1,24,6,17,25.02942,121.55294
2026-09-25 12:28:52,09/25 12:28,500101227,YouBike2.0_復興忠孝東路口(東南側),大安區,1,28,22,6,25.04061,121.54389
2026-09-25 12:28:52,09/25 12:28,500101228,YouBike2.0_仁愛大安路口(東北側),大安區,1,21,0,21,25.03813,121.54631
2026-09-25 12:28:52,09/25 12:28,500101229,YouBike2.0_臺灣師範大學(浦城街),大安區,1,20,5,15,25.02476,121.52803
2026-09-25 12:28:52,09/25 12:28,500101230,YouBike2.0_安和路二段69巷口,大安區,1,20,17,3,25.03056,121.55252
2026-09-25 12:28:52,09/25 12:28,500101231,YouBike2.0_大安國小,大安區,1,25,3,22,25.02014,121.55084
2026-09-25 12:28:52,09/25 12:28,500101232,YouBike2.0_捷運古亭站(3號出口),大安區,1,15,15,0,25.02572,121.52359
2026-09-25 12:28:52,09/25 12:28,500101233,YouBike2.0_捷運忠孝復興站(3號出口),大安區,1,37,11,26,25.04152,121.54414
2026-09-25 12:28:52,09/25 12:28,500101234,YouBike2.0_和平東路二段90巷,大安區,1,20,1,19,25.02468,121.53965
2026-09-25 12:28:52,09/25 12:28,500101235,YouBike2.0_光復南路420巷口,大安區,1,16,3,13,25.03601,121.55742
2026-09-25 12:28:52,09/25 12:28,500101236,YouBike2.0_富陽臥龍街口,大安區,1,18,8,10,25.0187,121.55688
2026-09-25 12:28:52,09/25 12:28,500101237,YouBike2.0_仁愛復興路口,大安區,1,29,10,19,25.03817,121.544
2026-09-25 12:28:52,09/25 12:28,500101238,YouBike2.0_仁愛敦南圓環(東側),大安區,1,26,13,13,25.03804,121.55042
2026-09-25 12:28:52,09/25 12:28,500101239,YouBike2.0_古風公園,大安區,1,15,3,11,25.02187,121.52912
2026-09-25 12:28:52,09/25 12:28,500101240,YouBike2.0_和平東路二段76巷,大安區,1,40,1,38,25.02263,121.53906
2026-09-25 12:28:52,09/25 12:28,500101241,YouBike2.0_敦化信義路口(東南側),大安區,1,20,7,13,25.03276,121.54907
2026-09-25 12:28:52,09/25 12:28,500101242,YouBike2.0_和平東路三段308巷口,大安區,1,14,5,9,25.01883,121.5544
2026-09-25 12:28:52,09/25 12:28,500101243,YouBike2.0_忠孝建國路口(東南側),大安區,1,21,13,8,25.04159,121.5378
2026-09-25 12:28:52,09/25 12:28,500101244,YouBike2.0_浦城街26巷,大安區,1,17,2,15,25.02324,121.52618
2026-09-25 12:28:52,09/25 12:28,500101245,YouBike2.0_青峰活動中心,大安區,1,25,14,11,25.01524,121.55121
2026-09-25 12:28:52,09/25 12:28,500101246,YouBike2.0_忠孝東路三段216巷口,大安區,1,28,12,15,25.04157,121.5402
2026-09-25 12:28:52,09/25 12:28,500101247,YouBike2.0_捷運忠孝復興站(4號出口),大安區,1,25,9,15,25.04173,121.54412
2026-09-25 12:28:52,09/25 12:28,500101248,YouBike2.0_和平溫州街口,大安區,1,23,22,1,25.02634,121.53342
2026-09-25 12:28:52,09/25 12:28,500101250,YouBike2.0_國立臺北教育大學創意館,大安區,1,32,3,29,25.02305,121.54394
2026-09-25 12:28:52,09/25 12:28,500101251,YouBike2.0_捷運忠孝復興站(1號出口),大安區,1,27,8,18,25.04199,121.54362
2026-09-25 12:28:52,09/25 12:28,500101252,YouBike2.0_政大公企中心,大安區,1,13,13,0,25.03076,121.52781
2026-09-25 12:28:52,09/25 12:28,500101253,YouBike2.0_大安路二段90巷口,大安區,1,19,3,16,25.03117,121.54602
2026-09-25 12:28:52,09/25 12:28,500101254,YouBike2.0_師大附中運動中心,大安區,1,33,1,31,25.03626,121.53997
2026-09-25 12:28:52,09/25 12:28,500101255,YouBike2.0_錦安區民活動中心,大安區,1,20,9,11,25.02846,121.52935
2026-09-25 12:28:52,09/25 12:28,500101256,YouBike2.0_敦化基隆路口(東北側),大安區,1,22,1,21,25.02196,121.54899
2026-09-25 12:28:52,09/25 12:28,500101257,YouBike2.0_龍圖公園,大安區,1,20,0,20,25.0305,121.54184
2026-09-25 12:28:52,09/25 12:28,500101258,YouBike2.0_新生南路二段54巷口,大安區,1,26,25,0,25.02878,121.53412
2026-09-25 12:28:52,09/25 12:28,500101259,YouBike2.0_臺靜農人文會館,大安區,1,12,10,1,25.02462,121.53347
2026-09-25 12:28:52,09/25 12:28,500101260,YouBike2.0_建國南路二段瑞安街264巷口,大安區,1,33,9,21,25.02716,121.53782
2026-09-25 12:28:52,09/25 12:28,500101261,YouBike2.0_辛亥路一段77巷口,大安區,1,22,4,18,25.02128,121.53034
2026-09-25 12:28:52,09/25 12:28,500101262,YouBike2.0_愛國東路210巷口,大安區,1,34,7,27,25.03187,121.52407
2026-09-25 12:28:52,09/25 12:28,500101264,YouBike2.0_金華國中,大安區,1,21,16,5,25.03165,121.53306
2026-09-25 12:28:52,09/25 12:28,500101265,YouBike2.0_羅斯福路三段283巷,大安區,1,18,10,7,25.02017,121.53178
2026-09-25 12:28:52,09/25 12:28,500101266,YouBike2.0_臺科大側門(基隆路四段73巷),大安區,0,35,0,35,25.01291,121.53967
2026-09-25 12:28:52,09/25 12:28,500101267,YouBike2.0_黎和公園,大安區,1,15,10,5,25.01663,121.56011
2026-09-25 12:28:52,09/25 12:28,500101268,YouBike2.0_信義四維路口,大安區,1,19,15,4,25.03341,121.54796
2026-09-25 12:28:52,09/25 12:28,500101269,YouBike2.0_和平高中(辛亥基隆路口),大安區,1,55,0,55,25.01917,121.54708
2026-09-25 12:28:52,09/25 12:28,500101270,YouBike2.0_和平東路二段107巷口,大安區,1,12,7,5,25.02555,121.53951
2026-09-25 12:28:52,09/25 12:28,500101271,YouBike2.0_信義金山路口(西南側),大安區,1,12,6,6,25.03407,121.52682
2026-09-25 12:28:52,09/25 12:28,500101272,YouBike2.0_金華國中(新生南路二段30巷),大安區,1,15,5,10,25.03137,121.5313
2026-09-25 12:28:52,09/25 12:28,500101273,YouBike2.0_羅斯福路四段123巷,大安區,1,15,0,15,25.01036,121.53752
2026-09-25 12:28:52,09/25 12:28,500101274,YouBike2.0_捷運科技大樓站(2號出口),大安區,1,72,22,50,25.02592,121.54328
2026-09-25 12:28:52,09/25 12:28,500101276,YouBike2.0_羅斯福新生南路口,大安區,1,32,9,22,25.01604,121.53316
2026-09-25 12:28:52,09/25 12:28,500101277,YouBike2.0_金山南路二段156巷口,大安區,1,16,5,11,25.02877,121.52618
2026-09-25 12:28:52,09/25 12:28,500101279,YouBike2.0_和平金山路口(西北側),大安區,1,10,3,7,25.02693,121.5258
2026-09-25 12:28:52,09/25 12:28,500101280,YouBike2.0_大安11號綠地,大安區,1,12,5,7,25.02283,121.55363
2026-09-25 12:28:52,09/25 12:28,500103001,YouBike2.0_延平國宅,大同區,1,41,11,27,25.07894,121.51121
2026-09-25 12:28:52,09/25 12:28,500103002,YouBike2.0_臺北市立圖書館大同分館,大同區,1,57,13,42,25.0741,121.51349
2026-09-25 12:28:52,09/25 12:28,500103003,YouBike2.0_合昌宮,大同區,1,15,7,8,25.07717,121.50934
2026-09-25 12:28:52,09/25 12:28,500103004,YouBike2.0_民族延平路口,大同區,1,36,17,19,25.06864,121.5107
2026-09-25 12:28:52,09/25 12:28,500103005,YouBike2.0_重慶酒泉街口,大同區,1,44,28,15,25.07158,121.51368
2026-09-25 12:28:52,09/25 12:28,500103006,YouBike2.0_樹德公園,大同區,1,14,6,8,25.06647,121.5165
2026-09-25 12:28:52,09/25 12:28,500103007,YouBike2.0_陳天來故居,大同區,1,16,7,8,25.05601,121.50895
2026-09-25 12:28:52,09/25 12:28,500103008,YouBike2.0_臺北孔廟,大同區,1,37,16,13,25.07378,121.51583
2026-09-25 12:28:52,09/25 12:28,500103009,YouBike2.0_捷運圓山站(1號出口),大同區,1,81,66,12,25.07133,121.52024
2026-09-25 12:28:52,09/25 12:28,500103010,YouBike2.0_酒泉延平路口,大同區,1,46,12,34,25.0722,121.51057
2026-09-25 12:28:52,09/25 12:28,500103011,YouBike2.0_重慶國中,大同區,1,64,24,39,25.07567,121.51862
2026-09-25 12:28:52,09/25 12:28,500103012,YouBike2.0_重慶北路三段383巷口,大同區,1,34,12,22,25.07598,121.51409
2026-09-25 12:28:52,09/25 12:28,500103013,YouBike2.0_台北數位產業園區,大同區,1,24,15,9,25.07447,121.52003
2026-09-25 12:28:52,09/25 12:28,500103019,YouBike2.0_民權延平路口(西北側),大同區,1,20,16,4,25.06326,121.51099
2026-09-25 12:28:52,09/25 12:28,500103020,YouBike2.0_民權迪化街口,大同區,1,45,6,39,25.06327,121.50943
2026-09-25 12:28:52,09/25 12:28,500103021,YouBike2.0_大稻埕公園,大同區,1,35,19,16,25.05915,121.51033
2026-09-25 12:28:52,09/25 12:28,500103022,YouBike2.0_大龍老人住宅,大同區,1,14,4,9,25.06853,121.51729
2026-09-25 12:28:52,09/25 12:28,500103023,YouBike2.0_大龍峒社會住宅,大同區,1,34,10,24,25.0708,121.51826
2026-09-25 12:28:52,09/25 12:28,500103024,YouBike2.0_捷運大橋頭站(2號出口),大同區,1,57,29,28,25.06314,121.51308
2026-09-25 12:28:52,09/25 12:28,500103025,YouBike2.0_捷運大橋頭站(1A出口),大同區,1,30,4,26,25.06325,121.51162
2026-09-25 12:28:52,09/25 12:28,500103026,YouBike2.0_捷運民權西路站(2號出口),大同區,1,25,0,24,25.06174,121.51969
2026-09-25 12:28:52,09/25 12:28,500103027,YouBike2.0_捷運雙連站(2號出口),大同區,1,41,17,22,25.05826,121.52063
2026-09-25 12:28:52,09/25 12:28,500103028,YouBike2.0_捷運北門站(3號出口),大同區,1,86,24,61,25.04991,121.5104
2026-09-25 12:28:52,09/25 12:28,500103029,YouBike2.0_朝陽公園,大同區,1,10,0,10,25.05592,121.51367
2026-09-25 12:28:52,09/25 12:28,500103030,YouBike2.0_永樂市場,大同區,1,36,12,24,25.05454,121.51052
2026-09-25 12:28:52,09/25 12:28,500103031,YouBike2.0_大龍公園,大同區,1,26,12,10,25.07049,121.51596
2026-09-25 12:28:52,09/25 12:28,500103032,YouBike2.0_重慶涼州街口,大同區,1,13,10,2,25.06054,121.51338
2026-09-25 12:28:52,09/25 12:28,500103033,YouBike2.0_圓山線形公園,大同區,1,26,11,15,25.06867,121.51993
2026-09-25 12:28:52,09/25 12:28,500103034,YouBike2.0_圓環站,大同區,1,31,2,28,25.05369,121.51418
2026-09-25 12:28:52,09/25 12:28,500103035,YouBike2.0_重慶民族路口,大同區,1,32,6,25,25.06853,121.51359
2026-09-25 12:28:52,09/25 12:28,500103036,YouBike2.0_承德路三段8巷口,大同區,1,21,5,16,25.06407,121.51822
2026-09-25 12:28:52,09/25 12:28,500103037,YouBike2.0_太原廣場,大同區,1,31,24,7,25.04925,121.51468
2026-09-25 12:28:52,09/25 12:28,500103038,YouBike2.0_國順公園,大同區,1,20,13,6,25.06594,121.51078
2026-09-25 12:28:52,09/25 12:28,500103039,YouBike2.0_聯合醫院中興院區,大同區,1,48,2,45,25.05205,121.50818
2026-09-25 12:28:52,09/25 12:28,500103040,YouBike2.0_蔣渭水紀念公園,大同區,1,47,3,44,25.06011,121.51729
2026-09-25 12:28:52,09/25 12:28,500103041,YouBike2.0_迪化休閒運動公園,大同區,1,31,22,8,25.07491,121.5115
2026-09-25 12:28:52,09/25 12:28,500103042,YouBike2.0_大同運動中心,大同區,1,16,2,14,25.06496,121.51608
2026-09-25 12:28:52,09/25 12:28,500103043,YouBike2.0_重慶保安街口(家樂福重慶店),大同區,1,20,11,9,25.05918,121.51373
2026-09-25 12:28:52,09/25 12:28,500103044,YouBike2.0_大稻埕碼頭,大同區,1,52,49,2,25.05662,121.50783
2026-09-25 12:28:52,09/25 12:28,500103045,YouBike2.0_歸綏戲曲公園,大同區,1,25,9,15,25.05805,121.51353
2026-09-25 12:28:52,09/25 12:28,500103046,YouBike2.0_民權國中(民權西路),大同區,1,25,14,11,25.06322,121.5144
2026-09-25 12:28:52,09/25 12:28,500103047,YouBike2.0_承德民權路口,大同區,1,36,3,33,25.06247,121.51839
2026-09-25 12:28:52,09/25 12:28,500103048,YouBike2.0_南京太原路口,大同區,1,29,1,27,25.05366,121.51638
2026-09-25 12:28:52,09/25 12:28,500103049,YouBike2.0_承德民生西路口,大同區,1,19,2,17,25.05756,121.51828
2026-09-25 12:28:52,09/25 12:28,500103050,YouBike2.0_太原五原路口,大同區,1,39,15,23,25.05646,121.51698
2026-09-25 12:28:52,09/25 12:28,500103051,YouBike2.0_臺北轉運站(華陰街),大同區,1,20,19,1,25.04937,121.51914
2026-09-25 12:28:52,09/25 12:28,500103052,YouBike2.0_捷運民權西路站(3號出口),大同區,1,50,5,45,25.06129,121.52021
2026-09-25 12:28:52,09/25 12:28,500103053,YouBike2.0_捷運中山站(5號出口),大同區,1,18,13,4,25.05296,121.51938
2026-09-25 12:28:52,09/25 12:28,500103054,YouBike2.0_重慶長安路口,大同區,1,21,8,13,25.0515,121.51398
2026-09-25 12:28:52,09/25 12:28,500103055,YouBike2.0_承德昌吉街口,大同區,1,18,5,13,25.06587,121.51847
2026-09-25 12:28:52,09/25 12:28,500103056,YouBike2.0_大同16號廣場,大同區,1,14,9,5,25.05658,121.50826
2026-09-25 12:28:52,09/25 12:28,500103057,YouBike2.0_捷運圓山站(2號出口),大同區,1,36,31,5,25.07182,121.51929
2026-09-25 12:28:52,09/25 12:28,500103058,YouBike2.0_樹德公園_1,大同區,1,40,12,28,25.06669,121.51615
2026-09-25 12:28:52,09/25 12:28,500103059,YouBike2.0_承德鄭州路口(市民高架下),大同區,1,38,35,2,25.04879,121.51626
2026-09-25 12:28:52,09/25 12:28,500103060,YouBike2.0_成淵高中,大同區,1,27,1,26,25.06036,121.51996
2026-09-25 12:28:52,09/25 12:28,500103061,YouBike2.0_雙蓮國小,大同區,1,20,6,13,25.06157,121.51683
2026-09-25 12:28:52,09/25 12:28,500103062,YouBike2.0_寧夏涼州街口,大同區,1,15,1,14,25.06095,121.51428
2026-09-25 12:28:52,09/25 12:28,500103063,YouBike2.0_延平涼州街口,大同區,1,14,7,7,25.06092,121.51126
2026-09-25 12:28:52,09/25 12:28,500103064,YouBike2.0_大同行政中心,大同區,1,16,8,7,25.06603,121.51481
2026-09-25 12:28:52,09/25 12:28,500103065,YouBike2.0_大龍市場,大同區,1,15,13,2,25.07473,121.51451
2026-09-25 12:28:52,09/25 12:28,500103066,YouBike2.0_南京西寧北路口(西北側),大同區,1,13,7,4,25.05348,121.50855
2026-09-25 12:28:52,09/25 12:28,500103068,YouBike2.0_哈密街23巷19弄口,大同區,1,23,5,18,25.07563,121.51815
2026-09-25 12:28:52,09/25 12:28,500103069,YouBike2.0_民權西路160巷口,大同區,1,15,2,13,25.06289,121.51544
2026-09-25 12:28:52,09/25 12:28,500103070,YouBike2.0_重慶北路三段205巷口,大同區,1,19,4,15,25.06997,121.51388
2026-09-25 12:28:52,09/25 12:28,500103071,YouBike2.0_承德路二段91巷口,大同區,1,20,10,9,25.05621,121.51847
2026-09-25 12:28:52,09/25 12:28,500103072,YouBike2.0_酒泉庫倫街口,大同區,1,15,1,14,25.07194,121.51626
2026-09-25 12:28:52,09/25 12:28,500103073,YouBike2.0_民族西大龍街口,大同區,1,16,12,4,25.06864,121.51559
2026-09-25 12:28:52,09/25 12:28,500103074,YouBike2.0_承德路三段324巷口,大同區,1,45,13,31,25.07477,121.51977
2026-09-25 12:28:52,09/25 12:28,500103075,YouBike2.0_玉泉公園(鄭州路),大同區,1,20,4,16,25.05044,121.50766
2026-09-25 12:28:52,09/25 12:28,500103076,YouBike2.0_玉泉公園(忠孝西路),大同區,1,25,7,18,25.04888,121.50745
2026-09-25 12:28:52,09/25 12:28,500103077,YouBike2.0_太平國小,大同區,1,23,5,18,25.06189,121.51343
2026-09-25 12:28:52,09/25 12:28,500103078,YouBike2.0_明倫高中,大同區,1,32,5,27,25.07576,121.52011
2026-09-25 12:28:52,09/25 12:28,500103079,YouBike2.0_伊寧重慶北路口,大同區,1,15,9,6,25.06465,121.51335
2026-09-25 12:28:52,09/25 12:28,500103080,YouBike2.0_永樂國小,大同區,1,17,11,6,25.06174,121.50982
2026-09-25 12:28:52,09/25 12:28,500103081,YouBike2.0_民權延平路口(西南側),大同區,1,14,3,11,25.06263,121.51107
2026-09-25 12:28:52,09/25 12:28,500103082,YouBike2.0_捷運民權西路站(1號出口),大同區,1,19,14,4,25.06277,121.51933
2026-09-25 12:28:52,09/25 12:28,500103083,YouBike2.0_承德路三段301巷,大同區,1,39,12,24,25.07535,121.52138
2026-09-25 12:28:52,09/25 12:28,500103084,YouBike2.0_捷運圓山站(庫倫街61巷口),大同區,1,35,17,18,25.07197,121.51961
2026-09-25 12:28:52,09/25 12:28,500103085,YouBike2.0_大龍國小地下停車場,大同區,1,17,13,4,25.07374,121.5173
2026-09-25 12:28:52,09/25 12:28,500103086,YouBike2.0_捷運北門站(1號出口),大同區,1,26,8,18,25.04885,121.50988
2026-09-25 12:28:52,09/25 12:28,500103087,YouBike2.0_重慶北路派出所,大同區,1,18,5,13,25.07553,121.5136
2026-09-25 12:28:52,09/25 12:28,500103088,YouBike2.0_承德路三段251巷口,大同區,1,20,5,14,25.06993,121.51852
2026-09-25 12:28:52,09/25 12:28,500103089,YouBike2.0_忠和公園,大同區,1,12,8,4,25.0581,121.50871
2026-09-25 12:28:52,09/25 12:28,500103090,YouBike2.0_臺北當代藝術館,大同區,1,12,8,4,25.05066,121.51846
2026-09-25 12:28:52,09/25 12:28,500104001,YouBike2.0_劍潭抽水站,士林區,1,17,14,2,25.08128,121.51784
2026-09-25 12:28:52,09/25 12:28,500104002,YouBike2.0_通河東街大南路口,士林區,1,15,10,5,25.08914,121.51542
2026-09-25 12:28:52,09/25 12:28,500104003,YouBike2.0_福港街停車場,士林區,1,38,15,20,25.08695,121.51901
2026-09-25 12:28:52,09/25 12:28,500104004,YouBike2.0_百齡國小,士林區,1,68,43,25,25.08521,121.51918
2026-09-25 12:28:52,09/25 12:28,500104005,YouBike2.0_雨聲街165巷口,士林區,1,24,5,19,25.10277,121.53357
2026-09-25 12:28:52,09/25 12:28,500104006,YouBike2.0_天和公園,士林區,1,16,13,3,25.12011,121.53357
2026-09-25 12:28:52,09/25 12:28,500104007,YouBike2.0_中山天母路口,士林區,1,29,6,21,25.11856,121.52964
2026-09-25 12:28:52,09/25 12:28,500104008,YouBike2.0_天母運動公園,士林區,1,62,18,44,25.11633,121.53414
2026-09-25 12:28:52,09/25 12:28,500104009,YouBike2.0_臺北市立大學(天母校區),士林區,1,48,14,33,25.11356,121.53718
2026-09-25 12:28:52,09/25 12:28,500104010,YouBike2.0_忠誠路二段53巷,士林區,1,39,22,15,25.11127,121.53244
2026-09-25 12:28:52,09/25 12:28,500104012,YouBike2.0_天母棒球場,士林區,1,26,26,0,25.11341,121.53195
2026-09-25 12:28:52,09/25 12:28,500104013,YouBike2.0_天母北天玉街口,士林區,1,22,3,18,25.12011,121.52652
2026-09-25 12:28:52,09/25 12:28,500104014,YouBike2.0_蘭興公園,士林區,1,61,57,4,25.11184,121.52589
2026-09-25 12:28:52,09/25 12:28,500104015,YouBike2.0_明勝公園,士林區,1,14,13,1,25.08009,121.51895
2026-09-25 12:28:52,09/25 12:28,500104016,YouBike2.0_劍潭海外青年活動中心,士林區,1,23,11,11,25.07994,121.52426
2026-09-25 12:28:52,09/25 12:28,500104018,YouBike2.0_忠誠路一段173巷口,士林區,1,11,0,11,25.10813,121.5304
2026-09-25 12:28:52,09/25 12:28,500104019,YouBike2.0_雨農國小,士林區,1,21,1,20,25.1054,121.5295
2026-09-25 12:28:52,09/25 12:28,500104020,YouBike2.0_忠誠公園,士林區,1,25,11,14,25.10399,121.52593
2026-09-25 12:28:52,09/25 12:28,500104021,YouBike2.0_芝山抽水站,士林區,1,41,19,20,25.10155,121.52832
2026-09-25 12:28:52,09/25 12:28,500104022,YouBike2.0_至誠路一段305巷口,士林區,1,21,3,18,25.10186,121.53083
2026-09-25 12:28:52,09/25 12:28,500104023,YouBike2.0_華齡公園,士林區,1,32,18,13,25.08302,121.52069
2026-09-25 12:28:52,09/25 12:28,500104024,YouBike2.0_前港公園(福德宮),士林區,1,31,18,12,25.08671,121.52096
2026-09-25 12:28:52,09/25 12:28,500104025,YouBike2.0_華齡街185巷口,士林區,1,18,9,7,25.08828,121.51985
2026-09-25 12:28:52,09/25 12:28,500104026,YouBike2.0_前港公園(前港街),士林區,1,27,17,9,25.0848,121.52125
2026-09-25 12:28:52,09/25 12:28,500104027,YouBike2.0_百齡高中,士林區,1,27,2,25,25.08736,121.52272
2026-09-25 12:28:52,09/25 12:28,500104028,YouBike2.0_捷運芝山站(2號出口),士林區,1,50,16,34,25.10364,121.52219
2026-09-25 12:28:52,09/25 12:28,500104029,YouBike2.0_臺灣戲曲中心,士林區,1,25,2,23,25.10208,121.51979
2026-09-25 12:28:52,09/25 12:28,500104030,YouBike2.0_捷運劍潭站(2號出口),士林區,1,49,7,42,25.08388,121.52535
2026-09-25 12:28:52,09/25 12:28,500104031,YouBike2.0_劍潭基河路口,士林區,1,66,46,20,25.08403,121.5249
2026-09-25 12:28:52,09/25 12:28,500104032,YouBike2.0_志成公園,士林區,1,23,1,21,25.09716,121.53214
2026-09-25 12:28:52,09/25 12:28,500104033,YouBike2.0_福林國小,士林區,1,26,3,23,25.09896,121.53025
2026-09-25 12:28:52,09/25 12:28,500104034,YouBike2.0_中山中正路口,士林區,1,19,9,9,25.09651,121.52753
2026-09-25 12:28:52,09/25 12:28,500104035,YouBike2.0_士林運動中心,士林區,1,30,13,17,25.08911,121.52154
2026-09-25 12:28:52,09/25 12:28,500104036,YouBike2.0_陽明高中,士林區,1,77,19,58,25.09164,121.51706
2026-09-25 12:28:52,09/25 12:28,500104037,YouBike2.0_兒童新樂園,士林區,1,23,9,13,25.09631,121.51449
2026-09-25 12:28:52,09/25 12:28,500104038,YouBike2.0_臺北市立天文館,士林區,1,50,33,16,25.09598,121.51776
2026-09-25 12:28:52,09/25 12:28,500104039,YouBike2.0_華聲公園,士林區,1,35,32,1,25.09619,121.5223
2026-09-25 12:28:52,09/25 12:28,500104040,YouBike2.0_福林公園,士林區,1,25,9,16,25.09419,121.52833
2026-09-25 12:28:52,09/25 12:28,500104041,YouBike2.0_捷運士林站(2號出口),士林區,1,30,20,9,25.09343,121.52642
2026-09-25 12:28:52,09/25 12:28,500104042,YouBike2.0_銘傳大學,士林區,1,26,6,20,25.08771,121.52677
2026-09-25 12:28:52,09/25 12:28,500104043,YouBike2.0_士林高商,士林區,1,26,24,1,25.09435,121.51702
2026-09-25 12:28:52,09/25 12:28,500104044,YouBike2.0_蘭雅公園,士林區,1,38,16,22,25.10991,121.53039
2026-09-25 12:28:52,09/25 12:28,500104045,YouBike2.0_聯合醫院陽明院區,士林區,1,25,5,20,25.10455,121.53195
2026-09-25 12:28:52,09/25 12:28,500104046,YouBike2.0_捷運芝山站(1號出口),士林區,1,35,17,17,25.10225,121.52286
2026-09-25 12:28:52,09/25 12:28,500104047,YouBike2.0_至誠公園,士林區,1,20,8,11,25.10143,121.53585
2026-09-25 12:28:52,09/25 12:28,500104048,YouBike2.0_原住民文化主題公園,士林區,1,21,13,8,25.10113,121.55159
2026-09-25 12:28:52,09/25 12:28,500104049,YouBike2.0_通河東街2段10巷口,士林區,1,15,6,7,25.09106,121.51502
2026-09-25 12:28:52,09/25 12:28,500104050,YouBike2.0_梅林新村,士林區,1,25,6,19,25.09755,121.54036
2026-09-25 12:28:52,09/25 12:28,500104051,YouBike2.0_延平北中正路口,士林區,1,30,23,6,25.08678,121.50948
2026-09-25 12:28:52,09/25 12:28,500104052,YouBike2.0_重慶北路四段190巷口,士林區,1,13,1,12,25.08505,121.51166
2026-09-25 12:28:52,09/25 12:28,500104053,YouBike2.0_重慶北葫東街口,士林區,0,15,0,15,25.08393,121.51169
2026-09-25 12:28:52,09/25 12:28,500104054,YouBike2.0_葫蘆國小,士林區,1,30,13,17,25.08254,121.5075
2026-09-25 12:28:52,09/25 12:28,500104055,YouBike2.0_士林3號廣場,士林區,1,38,18,20,25.10459,121.52417
2026-09-25 12:28:52,09/25 12:28,500104056,YouBike2.0_社正公園,士林區,1,15,13,2,25.08824,121.51054
2026-09-25 12:28:52,09/25 12:28,500104057,YouBike2.0_社子國小,士林區,1,11,2,8,25.09186,121.50292
2026-09-25 12:28:52,09/25 12:28,500104058,YouBike2.0_社中街384巷口,士林區,1,24,10,12,25.09346,121.50376
2026-09-25 12:28:52,09/25 12:28,500104059,YouBike2.0_忠誠路一段138號,士林區,1,15,4,10,25.10641,121.52944
2026-09-25 12:28:52,09/25 12:28,500104060,YouBike2.0_社子公園,士林區,1,31,18,13,25.0902,121.50622
2026-09-25 12:28:52,09/25 12:28,500104061,YouBike2.0_國立故宮博物院,士林區,1,27,0,27,25.09833,121.54788
2026-09-25 12:28:52,09/25 12:28,500104062,YouBike2.0_泰北高中,士林區,1,23,11,12,25.09763,121.53402
2026-09-25 12:28:52,09/25 12:28,500104063,YouBike2.0_後港公園,士林區,1,15,6,9,25.09312,121.51419
2026-09-25 12:28:52,09/25 12:28,500104064,YouBike2.0_重慶北路四段117號,士林區,1,24,17,7,25.08279,121.51219
2026-09-25 12:28:52,09/25 12:28,500104065,YouBike2.0_社子島島頭公園,士林區,1,22,6,16,25.10893,121.46639
2026-09-25 12:28:52,09/25 12:28,500104066,YouBike2.0_延平北路八段133巷口,士林區,1,22,8,14,25.10304,121.48297
2026-09-25 12:28:52,09/25 12:28,500104067,YouBike2.0_坤天亭,士林區,1,14,11,2,25.1064,121.4836
2026-09-25 12:28:52,09/25 12:28,500104068,YouBike2.0_社子島濕地解說小築,士林區,1,15,6,9,25.11314,121.48974
2026-09-25 12:28:52,09/25 12:28,500104069,YouBike2.0_福安國中,士林區,0,25,0,24,25.10261,121.48819
2026-09-25 12:28:52,09/25 12:28,500104070,YouBike2.0_福安消防分隊,士林區,1,20,2,16,25.09669,121.49706
2026-09-25 12:28:52,09/25 12:28,500104071,YouBike2.0_聖山綠地,士林區,1,15,6,9,25.10696,121.53234
2026-09-25 12:28:52,09/25 12:28,500104072,YouBike2.0_芝山國小,士林區,1,38,29,9,25.11044,121.53595
2026-09-25 12:28:52,09/25 12:28,500104073,YouBike2.0_士林新天地,士林區,1,29,3,24,25.08899,121.51751
2026-09-25 12:28:52,09/25 12:28,500104074,YouBike2.0_蘭雅國小,士林區,1,30,13,17,25.10775,121.52312
2026-09-25 12:28:52,09/25 12:28,500104075,YouBike2.0_中正基河路口,士林區,1,37,13,22,25.09382,121.51921
2026-09-25 12:28:52,09/25 12:28,500104076,YouBike2.0_福林公園(福林路),士林區,1,47,8,39,25.09587,121.53123
2026-09-25 12:28:52,09/25 12:28,500104077,YouBike2.0_至善臨溪路口,士林區,1,48,0,48,25.09709,121.54229
2026-09-25 12:28:52,09/25 12:28,500104078,YouBike2.0_市立圖書館葫蘆堵分館,士林區,1,18,10,8,25.08217,121.51074
2026-09-25 12:28:52,09/25 12:28,500104079,YouBike2.0_東山路110巷口,士林區,1,16,12,4,25.11306,121.53945
2026-09-25 12:28:52,09/25 12:28,500104080,YouBike2.0_永平社會住宅,士林區,1,15,11,4,25.08887,121.50314
2026-09-25 12:28:52,09/25 12:28,500104081,YouBike2.0_雨農橋,士林區,1,24,13,10,25.10012,121.53253
2026-09-25 12:28:52,09/25 12:28,500104082,YouBike2.0_通河街76巷/承德路四段10巷口,士林區,1,14,2,12,25.08019,121.5202
2026-09-25 12:28:52,09/25 12:28,500104083,YouBike2.0_芝山聖佑宮,士林區,1,25,4,20,25.10455,121.53025
2026-09-25 12:28:52,09/25 12:28,500104084,YouBike2.0_至誠雨聲街口,士林區,1,9,3,6,25.10199,121.52927
2026-09-25 12:28:52,09/25 12:28,500104085,YouBike2.0_捷運線型公園(後街),士林區,1,28,8,20,25.09812,121.52449
2026-09-25 12:28:52,09/25 12:28,500104086,YouBike2.0_天母公園,士林區,1,12,6,6,25.12408,121.53003
2026-09-25 12:28:52,09/25 12:28,500104087,YouBike2.0_基河文林路口,士林區,1,50,9,40,25.08637,121.5247
2026-09-25 12:28:52,09/25 12:28,500104088,YouBike2.0_文林福華路口,士林區,1,38,16,22,25.10094,121.52243
2026-09-25 12:28:52,09/25 12:28,500104089,YouBike2.0_劍潭海外青年活動中心_1,士林區,1,39,12,27,25.0796,121.5237
2026-09-25 12:28:52,09/25 12:28,500104090,YouBike2.0_社子國小_1,士林區,1,50,23,25,25.09029,121.50189
2026-09-25 12:28:52,09/25 12:28,500104091,YouBike2.0_捷運劍潭站(1號出口),士林區,1,70,28,41,25.08577,121.52531
2026-09-25 12:28:52,09/25 12:28,500104092,YouBike2.0_德行東山路口,士林區,1,12,2,9,25.1107,121.53999
2026-09-25 12:28:52,09/25 12:28,500104094,YouBike2.0_重慶北通河西街口,士林區,1,12,8,4,25.08756,121.51177
2026-09-25 12:28:52,09/25 12:28,500104095,YouBike2.0_葫蘆國小(延平北路五段285巷),士林區,1,25,12,13,25.08406,121.5067
2026-09-25 12:28:52,09/25 12:28,500104096,YouBike2.0_社子市場,士林區,1,15,13,2,25.0881,121.50873
2026-09-25 12:28:52,09/25 12:28,500104097,YouBike2.0_士林區農會社子分部,士林區,1,8,6,2,25.08912,121.5049
2026-09-25 12:28:52,09/25 12:28,500104098,YouBike2.0_承德劍潭路口,士林區,1,19,10,9,25.0841,121.52341
2026-09-25 12:28:52,09/25 12:28,500104099,YouBike2.0_文林路101巷口,士林區,1,17,11,6,25.08761,121.52608
2026-09-25 12:28:52,09/25 12:28,500104100,YouBike2.0_延平北路五段257巷15弄口,士林區,1,11,5,6,25.08408,121.50959
2026-09-25 12:28:52,09/25 12:28,500104101,YouBike2.0_延平北路五段257巷4弄口,士林區,1,15,6,8,25.08471,121.5089
2026-09-25 12:28:52,09/25 12:28,500104102,YouBike2.0_啟明學校,士林區,1,16,0,16,25.11742,121.53472
2026-09-25 12:28:52,09/25 12:28,500104103,YouBike2.0_中山福國路口,士林區,1,30,16,14,25.10203,121.52561
2026-09-25 12:28:52,09/25 12:28,500104104,YouBike2.0_德行公園,士林區,1,27,11,16,25.10585,121.52376
2026-09-25 12:28:52,09/25 12:28,500104105,YouBike2.0_承德後港街口,士林區,1,20,18,2,25.08238,121.52309
2026-09-25 12:28:52,09/25 12:28,500104106,YouBike2.0_中山北路五段698巷口,士林區,1,15,5,10,25.09765,121.52757
2026-09-25 12:28:52,09/25 12:28,500104107,YouBike2.0_捷運士林站(1號出口),士林區,1,60,17,41,25.09643,121.52519
2026-09-25 12:28:52,09/25 12:28,500104108,YouBike2.0_捷運芝山站(2號出口)_1,士林區,1,62,47,15,25.10336,121.52263
2026-09-25 12:28:52,09/25 12:28,500104109,YouBike2.0_銘傳大學(中山北路五段280巷口),士林區,1,23,10,13,25.08762,121.52711
2026-09-25 12:28:52,09/25 12:28,500104110,YouBike2.0_海光公園南側,士林區,1,12,0,12,25.08036,121.5084
2026-09-25 12:28:52,09/25 12:28,500104111,YouBike2.0_士商路40巷口,士林區,0,15,0,15,25.09013,121.52054
2026-09-25 12:28:52,09/25 12:28,500104112,YouBike2.0_劍潭郵局,士林區,1,32,26,6,25.08182,121.52431
2026-09-25 12:28:52,09/25 12:28,500104113,YouBike2.0_士東路91巷口,士林區,1,16,8,6,25.11247,121.52914
2026-09-25 12:28:52,09/25 12:28,500104114,YouBike2.0_美崙公園,士林區,1,22,12,10,25.09677,121.51931
2026-09-25 12:28:52,09/25 12:28,500104115,YouBike2.0_臺北市立大學(忠誠路二段207巷),士林區,1,17,2,15,25.11642,121.53743
2026-09-25 12:28:52,09/25 12:28,500104116,YouBike2.0_天母東路8巷/忠誠路二段154巷口,士林區,1,25,17,4,25.11579,121.53113
2026-09-25 12:28:52,09/25 12:28,500104117,YouBike2.0_美崙公園(東北側),士林區,1,25,2,23,25.09886,121.51835
2026-09-25 12:28:52,09/25 12:28,500104118,YouBike2.0_福安河濱公園,士林區,1,14,6,8,25.09646,121.49358
2026-09-25 12:28:52,09/25 12:28,500104119,YouBike2.0_忠誠忠義街口(北側),士林區,1,13,1,12,25.10566,121.52922
2026-09-25 12:28:52,09/25 12:28,500104120,YouBike2.0_忠誠忠義街口(南側),士林區,1,14,2,12,25.10519,121.52869
2026-09-25 12:28:52,09/25 12:28,500104121,YouBike2.0_士林國小,士林區,1,15,0,15,25.09204,121.52472
2026-09-25 12:28:52,09/25 12:28,500104122,YouBike2.0_雙溪濕地公園,士林區,1,15,6,9,25.09762,121.51321
2026-09-25 12:28:52,09/25 12:28,500104123,YouBike2.0_劍潭海外青年活動中心(志清大樓),士林區,1,30,1,29,25.07793,121.52357
2026-09-25 12:28:52,09/25 12:28,500104124,YouBike2.0_天和一號公園,士林區,1,15,7,8,25.11836,121.53466
2026-09-25 12:28:52,09/25 12:28,500104125,YouBike2.0_忠誠路二段178巷口,士林區,1,15,8,7,25.11633,121.53295
2026-09-25 12:28:52,09/25 12:28,500104126,YouBike2.0_克強磺溪街口,士林區,1,24,13,11,25.10893,121.52319
2026-09-25 12:28:52,09/25 12:28,500104128,YouBike2.0_蘭雅公園(西側),士林區,1,15,10,5,25.10985,121.52859
2026-09-25 12:28:52,09/25 12:28,500104129,YouBike2.0_福林路100巷77弄口,士林區,1,18,4,14,25.09441,121.53285
2026-09-25 12:28:52,09/25 12:28,500104130,YouBike2.0_福林路100巷11弄口,士林區,1,15,14,1,25.09601,121.53262
2026-09-25 12:28:52,09/25 12:28,500104131,YouBike2.0_重慶北路四段190巷口(通河西街側),士林區,1,16,3,13,25.0848,121.51253
2026-09-25 12:28:52,09/25 12:28,500104132,YouBike2.0_承德區民活動中心,士林區,1,25,13,11,25.07892,121.52157
2026-09-25 12:28:52,09/25 12:28,500104133,YouBike2.0_福林路255巷口,士林區,1,18,5,13,25.09854,121.53528
2026-09-25 12:28:52,09/25 12:28,500104134,YouBike2.0_中山北路五段378巷口,士林區,1,27,15,12,25.09064,121.52765
2026-09-25 12:28:52,09/25 12:28,500104135,YouBike2.0_中山北路六段405巷,士林區,1,21,13,7,25.11576,121.52693
2026-09-25 12:28:52,09/25 12:28,500104136,YouBike2.0_圓山育樂中心,士林區,1,22,14,8,25.08248,121.52548
2026-09-25 12:28:52,09/25 12:28,500104137,YouBike2.0_至善公園,士林區,1,25,4,21,25.09862,121.53749
2026-09-25 12:28:52,09/25 12:28,500104138,YouBike2.0_社子島抽水站,士林區,1,15,6,9,25.10844,121.49552
2026-09-25 12:28:52,09/25 12:28,500104139,YouBike2.0_中山北路六段427巷口,士林區,1,12,9,2,25.11383,121.52698
2026-09-25 12:28:52,09/25 12:28,500104140,YouBike2.0_士林分局,士林區,1,24,4,20,25.09033,121.52687
2026-09-25 12:28:52,09/25 12:28,500104141,YouBike2.0_忠誠路二段98巷口,士林區,1,24,15,9,25.113,121.53128
2026-09-25 12:28:52,09/25 12:28,500104142,YouBike2.0_東吳大學,士林區,1,22,0,22,25.095,121.54521
2026-09-25 12:28:52,09/25 12:28,500104143,YouBike2.0_福志公園,士林區,1,22,17,5,25.10022,121.53438
2026-09-25 12:28:52,09/25 12:28,500104144,YouBike2.0_德行東路331巷口,士林區,1,14,7,6,25.1106,121.53759
2026-09-25 12:28:52,09/25 12:28,500104145,YouBike2.0_天母北路87巷9弄,士林區,1,20,5,15,25.12207,121.52731
2026-09-25 12:28:52,09/25 12:28,500104146,YouBike2.0_重慶北路四段108號(通河西街側),士林區,1,17,1,16,25.08294,121.51293
2026-09-25 12:28:52,09/25 12:28,500104147,YouBike2.0_臺灣戲曲中心(文林德行西路口),士林區,1,27,9,18,25.10288,121.5197
2026-09-25 12:28:52,09/25 12:28,500104148,YouBike2.0_中山北路六段252巷口,士林區,1,10,9,1,25.10926,121.52544
2026-09-25 12:28:52,09/25 12:28,500104149,YouBike2.0_志成中正路口,士林區,1,17,2,14,25.09655,121.53016
2026-09-25 12:28:52,09/25 12:28,500104150,YouBike2.0_承德中正路口,士林區,1,18,4,12,25.09076,121.51708
2026-09-25 12:28:52,09/25 12:28,500104151,YouBike2.0_士商中正路口(西南側),士林區,1,20,4,13,25.09149,121.51934
2026-09-25 12:28:52,09/25 12:28,500104152,YouBike2.0_天母公園平面停車場,士林區,1,20,3,16,25.12518,121.53063
2026-09-25 12:28:52,09/25 12:28,500104153,YouBike2.0_通河東街福港街262巷口,士林區,0,20,0,20,25.08407,121.51617
2026-09-25 12:28:52,09/25 12:28,500104154,YouBike2.0_明安宮,士林區,1,15,6,9,25.10188,121.49616
2026-09-25 12:28:52,09/25 12:28,500104155,YouBike2.0_中山北路五段756巷口,士林區,1,21,13,8,25.09952,121.52704
2026-09-25 12:28:52,09/25 12:28,500104156,YouBike2.0_社子派出所,士林區,1,17,11,5,25.08953,121.50529
2026-09-25 12:28:52,09/25 12:28,500104157,YouBike2.0_通河西街二段102巷口,士林區,1,18,13,5,25.09264,121.50878
2026-09-25 12:28:52,09/25 12:28,500104158,YouBike2.0_社子公園(永平街80巷),士林區,1,15,7,8,25.09128,121.50662
2026-09-25 12:28:52,09/25 12:28,500104159,YouBike2.0_忠義街71巷口,士林區,1,16,1,14,25.10586,121.53154
2026-09-25 12:28:52,09/25 12:28,500104160,YouBike2.0_承德路四段292巷口,士林區,1,13,5,8,25.08953,121.51922
2026-09-25 12:28:52,09/25 12:28,500105001,YouBike2.0_台北花木批發市場,文山區,1,40,11,29,25.00402,121.54074
2026-09-25 12:28:52,09/25 12:28,500105002,YouBike2.0_捷運萬隆站(4號出口),文山區,1,22,21,1,25.0027,121.53861
2026-09-25 12:28:52,09/25 12:28,500105003,YouBike2.0_捷運萬隆站(1號出口),文山區,1,34,31,3,25.00115,121.53916
2026-09-25 12:28:52,09/25 12:28,500105004,YouBike2.0_萬和二號公園,文山區,1,35,23,12,25.00154,121.5364
2026-09-25 12:28:52,09/25 12:28,500105005,YouBike2.0_捷運萬隆站(2號出口),文山區,1,18,12,0,25.00144,121.53983
2026-09-25 12:28:52,09/25 12:28,500105006,YouBike2.0_景仁公園,文山區,1,16,6,9,24.99621,121.54043
2026-09-25 12:28:52,09/25 12:28,500105007,YouBike2.0_捷運景美站(2號出口),文山區,1,87,47,40,24.99366,121.54124
2026-09-25 12:28:52,09/25 12:28,500105008,YouBike2.0_羅斯福景隆街口,文山區,1,50,28,22,24.99898,121.5403
2026-09-25 12:28:52,09/25 12:28,500105009,YouBike2.0_景福街/羅斯福路6段142巷口,文山區,1,28,19,9,24.998336212959,121.53686287812
2026-09-25 12:28:52,09/25 12:28,500105010,YouBike2.0_興旺公園,文山區,1,30,11,17,25.00587,121.55012
2026-09-25 12:28:52,09/25 12:28,500105011,YouBike2.0_興福國中,文山區,1,21,4,15,25.00465,121.54916
2026-09-25 12:28:52,09/25 12:28,500105012,YouBike2.0_興隆路2段203巷,文山區,1,32,24,7,25.00346,121.54709
2026-09-25 12:28:52,09/25 12:28,500105013,YouBike2.0_景美運動公園,文山區,1,26,6,18,25.00219,121.54454
2026-09-25 12:28:52,09/25 12:28,500105014,YouBike2.0_景美醫院,文山區,1,18,13,5,24.99136,121.54008
2026-09-25 12:28:52,09/25 12:28,500105015,YouBike2.0_師範大學公館校區,文山區,1,14,1,13,25.00792,121.53731
2026-09-25 12:28:52,09/25 12:28,500105016,YouBike2.0_景華街128巷口,文山區,1,27,19,6,24.99543,121.54725
2026-09-25 12:28:52,09/25 12:28,500105017,YouBike2.0_仙跡岩登山口(景興路),文山區,1,22,5,17,24.99118,121.5436
2026-09-25 12:28:52,09/25 12:28,500105018,YouBike2.0_國立政治大學,文山區,1,62,25,36,24.98737,121.57726
2026-09-25 12:28:52,09/25 12:28,500105019,YouBike2.0_捷運動物園站,文山區,1,57,3,54,24.99873,121.57985
2026-09-25 12:28:52,09/25 12:28,500105020,YouBike2.0_捷運木柵站,文山區,1,46,12,34,24.99798,121.57455
2026-09-25 12:28:52,09/25 12:28,500105021,YouBike2.0_捷運萬芳社區站,文山區,1,48,11,37,24.99886,121.56769
2026-09-25 12:28:52,09/25 12:28,500105022,YouBike2.0_文山運動中心,文山區,1,36,5,31,24.99676,121.5596
2026-09-25 12:28:52,09/25 12:28,500105023,YouBike2.0_捷運辛亥站,文山區,1,42,11,31,25.00467,121.55684
2026-09-25 12:28:52,09/25 12:28,500105024,YouBike2.0_興豐公園,文山區,1,36,18,15,24.99982,121.54761
2026-09-25 12:28:52,09/25 12:28,500105025,YouBike2.0_木柵光輝路口,文山區,1,26,9,16,24.98722,121.55495
2026-09-25 12:28:52,09/25 12:28,500105026,YouBike2.0_考試院,文山區,1,39,21,18,24.98747,121.54984
2026-09-25 12:28:52,09/25 12:28,500105027,YouBike2.0_和興路26巷口,文山區,1,39,6,33,24.98573,121.54532
2026-09-25 12:28:52,09/25 12:28,500105028,YouBike2.0_世新大學,文山區,1,44,11,33,24.98859,121.54336
2026-09-25 12:28:52,09/25 12:28,500105029,YouBike2.0_一壽橋,文山區,1,28,15,13,24.97837,121.55548
2026-09-25 12:28:52,09/25 12:28,500105030,YouBike2.0_臺北市立景美女中,文山區,1,25,22,3,24.98058,121.55624
2026-09-25 12:28:52,09/25 12:28,500105031,YouBike2.0_永安藝文館_表演36房,文山區,1,29,1,28,24.98414,121.56907
2026-09-25 12:28:52,09/25 12:28,500105032,YouBike2.0_忠順區民活動中心,文山區,1,34,22,11,24.98471,121.56332
2026-09-25 12:28:52,09/25 12:28,500105033,YouBike2.0_景文中學,文山區,1,64,4,60,24.98574,121.56745
2026-09-25 12:28:52,09/25 12:28,500105034,YouBike2.0_老泉街籃球場,文山區,1,20,2,18,24.97619,121.5583
2026-09-25 12:28:52,09/25 12:28,500105035,YouBike2.0_文山行政中心,文山區,1,40,18,22,24.98959,121.56959
2026-09-25 12:28:52,09/25 12:28,500105036,YouBike2.0_木柵公園,文山區,1,38,5,33,24.98718,121.56059
2026-09-25 12:28:52,09/25 12:28,500105037,YouBike2.0_興隆公共住宅D2區,文山區,1,27,13,14,24.98814,121.56356
2026-09-25 12:28:52,09/25 12:28,500105038,YouBike2.0_木新路3段95巷口,文山區,1,24,23,1,24.98088,121.56313
2026-09-25 12:28:52,09/25 12:28,500105039,YouBike2.0_樟腳里公園,文山區,1,15,14,1,24.98181,121.56567
2026-09-25 12:28:52,09/25 12:28,500105040,YouBike2.0_實踐國中,文山區,1,13,3,9,24.98301,121.55404
2026-09-25 12:28:52,09/25 12:28,500105041,YouBike2.0_指南路3段2巷,文山區,1,13,8,5,24.98537,121.57959
2026-09-25 12:28:52,09/25 12:28,500105042,YouBike2.0_萊茵公園,文山區,1,21,8,13,24.98642,121.56514
2026-09-25 12:28:52,09/25 12:28,500105043,YouBike2.0_木柵社會住宅,文山區,1,12,9,3,24.98935,121.56651
2026-09-25 12:28:52,09/25 12:28,500105044,YouBike2.0_秀明路一段185巷口,文山區,1,20,9,11,24.99151,121.56836
2026-09-25 12:28:52,09/25 12:28,500105045,YouBike2.0_秀明路一段129巷口,文山區,0,22,1,21,24.99111,121.56703
2026-09-25 12:28:52,09/25 12:28,500105046,YouBike2.0_恆光橋(老泉街),文山區,1,13,6,7,24.97989,121.56753
2026-09-25 12:28:52,09/25 12:28,500105047,YouBike2.0_萬有3號公園,文山區,1,14,6,7,24.99889,121.5433
2026-09-25 12:28:52,09/25 12:28,500105048,YouBike2.0_捷運萬芳醫院站(興隆路三段115巷),文山區,1,20,8,12,24.99939,121.55848
2026-09-25 12:28:52,09/25 12:28,500105049,YouBike2.0_興得閱覽室,文山區,1,24,8,16,24.99579,121.55498
2026-09-25 12:28:52,09/25 12:28,500105050,YouBike2.0_辛亥生態公園,文山區,1,23,11,12,25.00348,121.55642
2026-09-25 12:28:52,09/25 12:28,500105051,YouBike2.0_博嘉運動公園,文山區,1,12,1,11,25.00079,121.57534
2026-09-25 12:28:52,09/25 12:28,500105053,YouBike2.0_仙岩公園,文山區,1,20,13,7,24.99797,121.54982
2026-09-25 12:28:52,09/25 12:28,500105054,YouBike2.0_政大一街口,文山區,1,14,2,12,24.98543,121.58006
2026-09-25 12:28:52,09/25 12:28,500105055,YouBike2.0_文山第二行政中心,文山區,1,38,20,18,25.00115,121.55142
2026-09-25 12:28:52,09/25 12:28,500105056,YouBike2.0_移民署訓練中心,文山區,1,13,9,4,24.99271,121.55865
2026-09-25 12:28:52,09/25 12:28,500105057,YouBike2.0_海巡署(南側),文山區,1,10,5,5,24.99472,121.55949
2026-09-25 12:28:52,09/25 12:28,500105058,YouBike2.0_明道國小東南側,文山區,1,28,3,25,24.98695,121.56456
2026-09-25 12:28:52,09/25 12:28,500105059,YouBike2.0_木南公園,文山區,1,17,1,16,24.98662,121.57071
2026-09-25 12:28:52,09/25 12:28,500105060,YouBike2.0_實踐國中(木新路三段310巷口),文山區,1,17,3,14,24.98339,121.55645
2026-09-25 12:28:52,09/25 12:28,500105061,YouBike2.0_師範大學公館校區_1,文山區,1,34,2,31,25.00753,121.53719
2026-09-25 12:28:52,09/25 12:28,500105062,YouBike2.0_捷運動物園站(2號出口),文山區,0,39,0,0,24.99766,121.57875
2026-09-25 12:28:52,09/25 12:28,500105063,YouBike2.0_政大水岸電梯,文山區,1,10,4,6,24.982,121.5717
2026-09-25 12:28:52,09/25 12:28,500105064,YouBike2.0_敦南山林,文山區,1,14,2,12,25.00264,121.5768
2026-09-25 12:28:52,09/25 12:28,500105066,YouBike2.0_景美污水抽水站,文山區,1,15,0,15,25.01076,121.53637
2026-09-25 12:28:52,09/25 12:28,500105067,YouBike2.0_萬和三號公園(北側),文山區,1,35,7,28,25.00345,121.53636
2026-09-25 12:28:52,09/25 12:28,500105068,YouBike2.0_景興國中,文山區,1,10,6,4,24.99609,121.54284
2026-09-25 12:28:52,09/25 12:28,500105069,YouBike2.0_景仁公園_1,文山區,1,30,6,24,24.9966,121.5403
2026-09-25 12:28:52,09/25 12:28,500105070,YouBike2.0_師大公館校區學二舍,文山區,1,84,10,71,25.00825,121.53419
2026-09-25 12:28:52,09/25 12:28,500105071,YouBike2.0_景行公園,文山區,1,15,8,7,24.99279,121.54255
2026-09-25 12:28:52,09/25 12:28,500105072,YouBike2.0_萬興國小,文山區,1,25,7,18,24.98939,121.57682
2026-09-25 12:28:52,09/25 12:28,500105073,YouBike2.0_辛亥路四段77巷口,文山區,1,23,8,15,25.00743,121.55877
2026-09-25 12:28:52,09/25 12:28,500105074,YouBike2.0_景興路42巷口,文山區,1,12,3,9,24.99696,121.54454
2026-09-25 12:28:52,09/25 12:28,500105075,YouBike2.0_木柵路三段48巷,文山區,1,15,5,10,24.98768,121.56565
2026-09-25 12:28:52,09/25 12:28,500105076,YouBike2.0_木柵路二段109巷,文山區,1,15,5,10,24.98944,121.56195
2026-09-25 12:28:52,09/25 12:28,500105077,YouBike2.0_試院公園,文山區,1,15,3,11,24.98808,121.54723
2026-09-25 12:28:52,09/25 12:28,500105079,YouBike2.0_樟樹公園,文山區,1,15,7,8,24.9825,121.55949
2026-09-25 12:28:52,09/25 12:28,500105080,YouBike2.0_萬美萬安街口,文山區,1,25,5,20,25.00223,121.57039
2026-09-25 12:28:52,09/25 12:28,500105081,YouBike2.0_興隆路二段203巷(敦南),文山區,1,27,21,3,25.00198,121.54856
2026-09-25 12:28:52,09/25 12:28,500105082,YouBike2.0_新光秀明路口,文山區,1,15,8,7,24.99197,121.57371
2026-09-25 12:28:52,09/25 12:28,500105083,YouBike2.0_光輝路134巷口,文山區,1,15,13,2,24.98532,121.55831
2026-09-25 12:28:52,09/25 12:28,500105084,YouBike2.0_光輝公園,文山區,1,27,7,17,24.98655,121.5552
2026-09-25 12:28:52,09/25 12:28,500105085,YouBike2.0_木新公園,文山區,1,12,3,9,24.98217,121.55782
2026-09-25 12:28:52,09/25 12:28,500105086,YouBike2.0_興隆路二段275巷1弄口,文山區,1,16,12,4,25.00268,121.55277
2026-09-25 12:28:52,09/25 12:28,500105087,YouBike2.0_中國科技大學,文山區,1,21,17,4,24.99925,121.55553
2026-09-25 12:28:52,09/25 12:28,500105088,YouBike2.0_樟新街8巷,文山區,1,17,5,12,24.97932,121.55406
2026-09-25 12:28:52,09/25 12:28,500105089,YouBike2.0_仙岩路22巷口,文山區,1,28,17,8,24.99892,121.54887
2026-09-25 12:28:52,09/25 12:28,500105090,YouBike2.0_木柵萬芳路口,文山區,1,29,6,23,24.99509,121.57199
2026-09-25 12:28:52,09/25 12:28,500105091,YouBike2.0_福興路78巷,文山區,1,14,6,6,25.00437,121.55048
2026-09-25 12:28:52,09/25 12:28,500105092,YouBike2.0_辛亥木柵路口,文山區,1,20,4,16,24.98839,121.55238
2026-09-25 12:28:52,09/25 12:28,500105093,YouBike2.0_興泰公園,文山區,1,12,3,9,25.00492,121.55582
2026-09-25 12:28:52,09/25 12:28,500105094,YouBike2.0_興岩社會福利綜合大樓,文山區,1,18,12,6,25.00061,121.54941
2026-09-25 12:28:52,09/25 12:28,500105095,YouBike2.0_興隆路二段22巷9弄口,文山區,1,13,10,3,24.99746,121.54543
2026-09-25 12:28:52,09/25 12:28,500105096,YouBike2.0_木新路三段155巷口,文山區,1,15,12,3,24.98184,121.56125
2026-09-25 12:28:52,09/25 12:28,500105097,YouBike2.0_景興路102巷口,文山區,1,14,5,9,24.99438,121.54376
2026-09-25 12:28:52,09/25 12:28,500105098,YouBike2.0_景福街223巷,文山區,1,17,14,1,24.99442,121.53844
2026-09-25 12:28:52,09/25 12:28,500105100,YouBike2.0_達賢圖書館,文山區,1,27,10,17,24.9884,121.57786
2026-09-25 12:28:52,09/25 12:28,500105101,YouBike2.0_捷運木柵站(西側),文山區,1,26,15,11,24.9983,121.57279
2026-09-25 12:28:52,09/25 12:28,500105102,YouBike2.0_世新大學(試院路),文山區,1,16,6,9,24.98981,121.54783
2026-09-25 12:28:52,09/25 12:28,500105103,YouBike2.0_興隆社會住宅D1區,文山區,1,31,6,25,24.98783,121.55831
2026-09-25 12:28:52,09/25 12:28,500105104,YouBike2.0_名門社區,文山區,1,18,3,15,25.00516,121.56757
2026-09-25 12:28:52,09/25 12:28,500105106,YouBike2.0_政大國際會館,文山區,1,20,13,7,24.98994,121.57513
2026-09-25 12:28:52,09/25 12:28,500105107,YouBike2.0_萬芳出租國宅,文山區,1,36,10,26,25.00335,121.5655
2026-09-25 12:28:52,09/25 12:28,500105108,YouBike2.0_景美國小,文山區,1,25,1,24,24.9893,121.53976
2026-09-25 12:28:52,09/25 12:28,500105109,YouBike2.0_景文街142巷口,文山區,1,16,2,11,24.98826,121.54065
2026-09-25 12:28:52,09/25 12:28,500105110,YouBike2.0_保儀路142巷,文山區,1,22,18,4,24.98327,121.56515
2026-09-25 12:28:52,09/25 12:28,500105111,YouBike2.0_和興水岸社會住宅,文山區,1,29,18,11,24.98505,121.54953
2026-09-25 12:28:52,09/25 12:28,500105112,YouBike2.0_萬芳路107巷口,文山區,1,20,3,16,24.99715,121.56179
2026-09-25 12:28:52,09/25 12:28,500105113,YouBike2.0_考選部國家考場,文山區,1,26,10,16,24.98703,121.54884
2026-09-25 12:28:52,09/25 12:28,500105114,YouBike2.0_明道國小(明道國宅),文山區,1,26,7,19,24.98686,121.56301
2026-09-25 12:28:52,09/25 12:28,500105115,YouBike2.0_興隆社會住宅A區,文山區,1,49,4,45,24.988,121.56018
2026-09-25 12:28:52,09/25 12:28,500105116,YouBike2.0_景興路177巷,文山區,1,11,6,4,24.99275,121.54479
2026-09-25 12:28:52,09/25 12:28,500105117,YouBike2.0_捷運景美站(1號出口),文山區,1,21,2,19,24.99274,121.5409
2026-09-25 12:28:52,09/25 12:28,500105118,YouBike2.0_秀明路二段92巷口,文山區,1,27,7,19,24.99155,121.57635
2026-09-25 12:28:52,09/25 12:28,500105119,YouBike2.0_樟新社會住宅,文山區,1,20,8,11,24.97735,121.55603
2026-09-25 12:28:52,09/25 12:28,500105120,YouBike2.0_忠順路二段57巷口,文山區,1,18,2,15,24.98484,121.56456
2026-09-25 12:28:52,09/25 12:28,500105121,YouBike2.0_景豐公園,文山區,1,18,6,10,24.99984,121.54489
2026-09-25 12:28:52,09/25 12:28,500105122,YouBike2.0_樟新區民活動中心,文山區,1,20,11,9,24.97942,121.55656
2026-09-25 12:28:52,09/25 12:28,500105123,YouBike2.0_貓空纜車動物園站,文山區,1,48,9,39,24.99645,121.57603
2026-09-25 12:28:52,09/25 12:28,500105124,YouBike2.0_保儀公園(興隆路四段195巷),文山區,1,11,8,3,24.98326,121.56307
2026-09-25 12:28:52,09/25 12:28,500105125,YouBike2.0_景新大樓,文山區,1,16,3,12,24.99005,121.54236
2026-09-25 12:28:52,09/25 12:28,500105126,YouBike2.0_文山溪洲福德宮,文山區,1,27,7,20,25.00622,121.53421
2026-09-25 12:28:52,09/25 12:28,500105128,YouBike2.0_萬有二號公園(景明街29巷),文山區,1,20,13,7,25.00045,121.54176
2026-09-25 12:28:52,09/25 12:28,500105129,YouBike2.0_指南綠地,文山區,1,18,7,9,24.98294,121.57993
2026-09-25 12:28:52,09/25 12:28,500105130,YouBike2.0_木新派出所,文山區,1,28,15,13,24.98232,121.5672
2026-09-25 12:28:52,09/25 12:28,500106001,YouBike2.0_臺北自來水事業處,中正區,1,20,17,1,25.013741,121.53068
2026-09-25 12:28:52,09/25 12:28,500106002,YouBike2.0_汀州思源街口東南側,中正區,1,34,14,20,25.014697,121.531908
2026-09-25 12:28:52,09/25 12:28,500106003,YouBike2.0_捷運公館站(1號出口),中正區,1,12,6,6,25.014529,121.534374
2026-09-25 12:28:52,09/25 12:28,500106004,YouBike2.0_捷運公館站(4號出口),中正區,1,12,7,5,25.015069,121.533828
2026-09-25 12:28:52,09/25 12:28,500106005,YouBike2.0_捷運古亭站(9號出口),中正區,1,24,22,2,25.02694,121.52224
2026-09-25 12:28:52,09/25 12:28,500106006,YouBike2.0_捷運古亭站(2號出口),中正區,1,55,43,11,25.0255,121.52346
2026-09-25 12:28:52,09/25 12:28,500106007,YouBike2.0_捷運臺電大樓站(1號出口),中正區,1,34,33,0,25.0197,121.529
2026-09-25 12:28:52,09/25 12:28,500106008,YouBike2.0_客家文化主題公園,中正區,1,31,12,19,25.02069,121.52456
2026-09-25 12:28:52,09/25 12:28,500106009,YouBike2.0_河堤國小,中正區,1,59,23,36,25.02277,121.52289
2026-09-25 12:28:52,09/25 12:28,500106010,YouBike2.0_紀州庵,中正區,1,45,17,28,25.02092,121.52049
2026-09-25 12:28:52,09/25 12:28,500106011,YouBike2.0_捷運臺電大樓站(5號出口),中正區,1,21,10,11,25.02075,121.52771
2026-09-25 12:28:52,09/25 12:28,500106012,YouBike2.0_捷運臺電大樓站(4號出口),中正區,1,13,9,4,25.02102,121.52751
2026-09-25 12:28:52,09/25 12:28,500106013,YouBike2.0_羅斯福三段金門街口,中正區,1,15,1,13,25.02345,121.52498
2026-09-25 12:28:52,09/25 12:28,500106014,YouBike2.0_牯嶺公園,中正區,1,69,30,32,25.02338,121.51889
2026-09-25 12:28:52,09/25 12:28,500106015,YouBike2.0_捷運古亭站(8號出口),中正區,1,15,12,1,25.02701,121.52164
2026-09-25 12:28:52,09/25 12:28,500106016,YouBike2.0_捷運古亭站(7號出口),中正區,1,12,7,5,25.02805,121.52155
2026-09-25 12:28:52,09/25 12:28,500106017,YouBike2.0_南昌公園,中正區,1,55,26,28,25.02698,121.52081
2026-09-25 12:28:52,09/25 12:28,500106018,YouBike2.0_和平重慶路口,中正區,1,69,9,60,25.02723,121.51659
2026-09-25 12:28:52,09/25 12:28,500106019,YouBike2.0_孫立人將軍官邸,中正區,1,23,7,16,25.02933,121.51854
2026-09-25 12:28:52,09/25 12:28,500106020,YouBike2.0_羅斯福路二段6巷口,中正區,1,22,2,20,25.02923,121.52058
2026-09-25 12:28:52,09/25 12:28,500106021,YouBike2.0_金華杭州南路口,中正區,1,51,12,38,25.031,121.52211
2026-09-25 12:28:52,09/25 12:28,500106022,YouBike2.0_捷運中正紀念堂站(3號出口),中正區,1,36,23,13,25.03239,121.51866
2026-09-25 12:28:52,09/25 12:28,500106023,YouBike2.0_捷運中正紀念堂站(4號出口),中正區,1,21,14,7,25.03376,121.51772
2026-09-25 12:28:52,09/25 12:28,500106025,YouBike2.0_螢橋國小,中正區,1,41,20,19,25.02609,121.51389
2026-09-25 12:28:52,09/25 12:28,500106026,YouBike2.0_古亭智慧圖書館,中正區,1,21,3,18,25.02543,121.51052
2026-09-25 12:28:52,09/25 12:28,500106027,YouBike2.0_永昌公園,中正區,1,28,5,22,25.02643,121.50936
2026-09-25 12:28:52,09/25 12:28,500106028,YouBike2.0_中華路二段409巷口,中正區,1,15,5,10,25.02598,121.50806
2026-09-25 12:28:52,09/25 12:28,500106029,YouBike2.0_南機場夜市(中華路二段),中正區,1,22,14,8,25.02886,121.50518
2026-09-25 12:28:52,09/25 12:28,500106030,YouBike2.0_南海和平路口西南側,中正區,1,19,13,6,25.03024,121.50904
2026-09-25 12:28:52,09/25 12:28,500106031,YouBike2.0_莒光和平路口,中正區,1,20,18,2,25.03132,121.50745
2026-09-25 12:28:52,09/25 12:28,500106037,YouBike2.0_水源路11_1號旁,中正區,1,31,6,25,25.01602,121.52565
2026-09-25 12:28:52,09/25 12:28,500106038,YouBike2.0_南門國中,中正區,1,40,10,28,25.03543,121.50834
2026-09-25 12:28:52,09/25 12:28,500106039,YouBike2.0_捷運小南門站(2號出口),中正區,1,24,21,2,25.03567,121.51006
2026-09-25 12:28:52,09/25 12:28,500106040,YouBike2.0_介壽公園,中正區,1,35,5,29,25.03907,121.5138
2026-09-25 12:28:52,09/25 12:28,500106041,YouBike2.0_中華貴陽街口,中正區,1,20,0,17,25.03938,121.50772
2026-09-25 12:28:52,09/25 12:28,500106042,YouBike2.0_華山文創園區,中正區,1,39,10,27,25.04367,121.52849
2026-09-25 12:28:52,09/25 12:28,500106043,YouBike2.0_捷運善導寺站(1號出口),中正區,1,46,14,32,25.04527,121.5222
2026-09-25 12:28:52,09/25 12:28,500106044,YouBike2.0_濟南紹興路口,中正區,1,74,2,71,25.04193,121.52459
2026-09-25 12:28:52,09/25 12:28,500106046,YouBike2.0_林森仁愛路口,中正區,1,13,4,8,25.03915,121.52163
2026-09-25 12:28:52,09/25 12:28,500106047,YouBike2.0_中正運動中心,中正區,1,40,3,35,25.03786,121.51985
2026-09-25 12:28:52,09/25 12:28,500106048,YouBike2.0_信義杭州路口,中正區,1,64,0,64,25.0357,121.5241
2026-09-25 12:28:52,09/25 12:28,500106049,YouBike2.0_捷運善導寺站(3號出口),中正區,1,20,10,10,25.04428,121.52336
2026-09-25 12:28:52,09/25 12:28,500106050,YouBike2.0_捷運小南門站(1號出口),中正區,1,46,14,32,25.03648,121.50951
2026-09-25 12:28:52,09/25 12:28,500106051,YouBike2.0_延平南路133巷口,中正區,1,36,5,31,25.03792,121.50846
2026-09-25 12:28:52,09/25 12:28,500106052,YouBike2.0_捷運西門站(2號出口),中正區,1,36,15,21,25.0416,121.50842
2026-09-25 12:28:52,09/25 12:28,500106053,YouBike2.0_寶慶博愛路口,中正區,1,47,3,44,25.04129,121.5112
2026-09-25 12:28:52,09/25 12:28,500106054,YouBike2.0_法務部,中正區,1,27,8,19,25.03705,121.51249
2026-09-25 12:28:52,09/25 12:28,500106055,YouBike2.0_臺北市立大學(博愛校區),中正區,1,99,3,94,25.03545,121.51327
2026-09-25 12:28:52,09/25 12:28,500106056,YouBike2.0_國家圖書館,中正區,1,50,8,42,25.03763,121.51709
2026-09-25 12:28:52,09/25 12:28,500106057,YouBike2.0_市民金山路口,中正區,1,98,27,71,25.0459,121.53068
2026-09-25 12:28:52,09/25 12:28,500106058,YouBike2.0_聯合醫院和平院區,中正區,1,32,19,12,25.03516,121.50641
2026-09-25 12:28:52,09/25 12:28,500106059,YouBike2.0_中山堂,中正區,1,43,16,27,25.04412,121.51025
2026-09-25 12:28:52,09/25 12:28,500106060,YouBike2.0_中華漢口街口,中正區,1,19,1,18,25.04533,121.50944
2026-09-25 12:28:52,09/25 12:28,500106061,YouBike2.0_中華路一段21巷口,中正區,1,22,3,19,25.04677,121.50989
2026-09-25 12:28:52,09/25 12:28,500106062,YouBike2.0_捷運臺大醫院站(4號出口),中正區,1,60,43,16,25.04297,121.51643
2026-09-25 12:28:52,09/25 12:28,500106063,YouBike2.0_寶藏巖觀音亭,中正區,1,23,8,14,25.01027,121.5331
2026-09-25 12:28:52,09/25 12:28,500106064,YouBike2.0_師大水源路口,中正區,1,28,5,22,25.0203,121.52302
2026-09-25 12:28:52,09/25 12:28,500106065,YouBike2.0_中山徐州路口,中正區,1,41,16,25,25.04178,121.51907
2026-09-25 12:28:52,09/25 12:28,500106066,YouBike2.0_信義連雲街口,中正區,1,39,8,31,25.03377,121.53041
2026-09-25 12:28:52,09/25 12:28,500106067,YouBike2.0_臺北轉運站,中正區,1,68,58,1,25.04842,121.51994
2026-09-25 12:28:52,09/25 12:28,500106068,YouBike2.0_莒光大埔街口,中正區,1,32,12,20,25.03132,121.50519
2026-09-25 12:28:52,09/25 12:28,500106069,YouBike2.0_捷運忠孝新生站(2號出口),中正區,1,32,12,20,25.04235,121.53222
2026-09-25 12:28:52,09/25 12:28,500106070,YouBike2.0_光華商場,中正區,1,39,27,12,25.04478,121.53274
2026-09-25 12:28:52,09/25 12:28,500106071,YouBike2.0_中山青島路口,中正區,1,40,33,5,25.04503,121.51968
2026-09-25 12:28:52,09/25 12:28,500106072,YouBike2.0_捷運中正紀念堂站(5號出口),中正區,1,29,4,25,25.03526,121.5168
2026-09-25 12:28:52,09/25 12:28,500106073,YouBike2.0_北平東杭州北路口,中正區,1,20,11,9,25.04553,121.52736
2026-09-25 12:28:52,09/25 12:28,500106074,YouBike2.0_王貫英先生紀念圖書館,中正區,1,15,6,7,25.02266,121.52362
2026-09-25 12:28:52,09/25 12:28,500106075,YouBike2.0_金山信義路口,中正區,1,25,12,10,25.03443,121.52721
2026-09-25 12:28:52,09/25 12:28,500106077,YouBike2.0_林森徐州路口,中正區,1,32,2,30,25.04094,121.52215
2026-09-25 12:28:52,09/25 12:28,500106078,YouBike2.0_徐州杭州路口,中正區,1,30,3,27,25.04023,121.52565
2026-09-25 12:28:52,09/25 12:28,500106079,YouBike2.0_捷運中正紀念堂站(6號出口),中正區,1,17,2,15,25.03615,121.5166
2026-09-25 12:28:52,09/25 12:28,500106080,YouBike2.0_捷運臺北車站(M2出口),中正區,1,20,17,2,25.04821,121.51903
2026-09-25 12:28:52,09/25 12:28,500106083,YouBike2.0_臺北市國父史蹟館(逸仙公園),中正區,1,31,28,0,25.04779,121.52042
2026-09-25 12:28:52,09/25 12:28,500106084,YouBike2.0_捷運西門站(5號出口),中正區,1,30,9,21,25.04244,121.50864
2026-09-25 12:28:52,09/25 12:28,500106085,YouBike2.0_弘道國中,中正區,1,33,2,30,25.03828,121.51524
2026-09-25 12:28:52,09/25 12:28,500106086,YouBike2.0_臺北市第一女子高級中學,中正區,1,28,4,24,25.0385,121.51288
2026-09-25 12:28:52,09/25 12:28,500106087,YouBike2.0_台北市替代役中心,中正區,1,15,4,11,25.01808,121.5275
2026-09-25 12:28:52,09/25 12:28,500106088,YouBike2.0_紹興徐州路口,中正區,1,18,0,18,25.04051,121.52401
2026-09-25 12:28:52,09/25 12:28,500106089,YouBike2.0_羅斯福寧波東街口,中正區,1,26,1,23,25.03145,121.51941
2026-09-25 12:28:52,09/25 12:28,500106090,YouBike2.0_自來水園區,中正區,1,40,8,32,25.01328,121.53004
2026-09-25 12:28:52,09/25 12:28,500106091,YouBike2.0_仁愛林森路口,中正區,1,46,13,33,25.03895,121.52233
2026-09-25 12:28:52,09/25 12:28,500106092,YouBike2.0_捷運西門站(3號出口),中正區,1,36,10,26,25.04178,121.50869
2026-09-25 12:28:52,09/25 12:28,500106093,YouBike2.0_仁愛金山路口,中正區,1,9,4,4,25.0384,121.52801
2026-09-25 12:28:52,09/25 12:28,500106094,YouBike2.0_杭州南路一段101巷口,中正區,1,14,6,7,25.03746,121.52799
2026-09-25 12:28:52,09/25 12:28,500106095,YouBike2.0_仁愛杭州路口,中正區,1,25,6,19,25.03846,121.52497
2026-09-25 12:28:52,09/25 12:28,500106096,YouBike2.0_龍興里活動中心,中正區,1,21,0,21,25.02815,121.51108
2026-09-25 12:28:52,09/25 12:28,500106097,YouBike2.0_植物園,中正區,1,29,1,28,25.0299,121.51033
2026-09-25 12:28:52,09/25 12:28,500106098,YouBike2.0_郵政博物館,中正區,1,24,2,22,25.03158,121.51464
2026-09-25 12:28:52,09/25 12:28,500106099,YouBike2.0_林森北平路口,中正區,1,20,1,19,25.04659,121.52377
2026-09-25 12:28:52,09/25 12:28,500106100,YouBike2.0_北平紹興路口,中正區,1,39,4,35,25.04597,121.52579
2026-09-25 12:28:52,09/25 12:28,500106101,YouBike2.0_天津北平路口,中正區,1,25,3,22,25.04692,121.52208
2026-09-25 12:28:52,09/25 12:28,500106102,YouBike2.0_捷運忠孝新生站(1號出口),中正區,1,19,12,7,25.04272,121.53207
2026-09-25 12:28:52,09/25 12:28,500106103,YouBike2.0_捷運忠孝新生站(5號出口),中正區,1,13,8,5,25.04113,121.53273
2026-09-25 12:28:52,09/25 12:28,500106104,YouBike2.0_捷運臺大醫院站(1號出口),中正區,1,19,14,5,25.04074,121.51586
2026-09-25 12:28:52,09/25 12:28,500106105,YouBike2.0_臺大醫院兒童醫院,中正區,1,22,20,1,25.04461,121.5188
2026-09-25 12:28:52,09/25 12:28,500106106,YouBike2.0_林森濟南路口(東北側),中正區,1,26,0,26,25.0425,121.5227
2026-09-25 12:28:52,09/25 12:28,500106107,YouBike2.0_仁愛紹興街口(南側),中正區,1,20,9,11,25.03837,121.52345
2026-09-25 12:28:52,09/25 12:28,500106108,YouBike2.0_中華南海路口,中正區,1,15,9,6,25.02703,121.50686
2026-09-25 12:28:52,09/25 12:28,500106109,YouBike2.0_立法院台北會館,中正區,1,15,8,7,25.03371,121.51068
2026-09-25 12:28:52,09/25 12:28,500106110,YouBike2.0_捷運善導寺站(3號出口)(忠孝東路側),中正區,1,31,11,19,25.04467,121.52357
2026-09-25 12:28:52,09/25 12:28,500106111,YouBike2.0_國家音樂廳,中正區,1,22,2,20,25.03788,121.51904
2026-09-25 12:28:52,09/25 12:28,500106112,YouBike2.0_忠孝西重慶南路口,中正區,1,33,11,17,25.04724,121.51272
2026-09-25 12:28:52,09/25 12:28,500106113,YouBike2.0_濟南路二段8巷口,中正區,1,14,1,13,25.04127,121.52697
2026-09-25 12:28:52,09/25 12:28,500106114,YouBike2.0_仁愛金山路口(東南側),中正區,1,14,1,13,25.03811,121.52855
2026-09-25 12:28:52,09/25 12:28,500106115,YouBike2.0_臺灣文學基地,中正區,1,23,12,10,25.04148,121.5287
2026-09-25 12:28:52,09/25 12:28,500106116,YouBike2.0_重慶南詔安街口,中正區,1,19,12,7,25.02507,121.51645
2026-09-25 12:28:52,09/25 12:28,500106117,YouBike2.0_文光公園,中正區,1,28,6,22,25.03898,121.53058
2026-09-25 12:28:52,09/25 12:28,500106118,YouBike2.0_捷運中正紀念堂站(2號出口),中正區,1,12,12,0,25.03212,121.51861
2026-09-25 12:28:52,09/25 12:28,500106119,YouBike2.0_螢圃里小公園,中正區,1,25,11,12,25.02484,121.51973
2026-09-25 12:28:52,09/25 12:28,500106120,YouBike2.0_螢橋公園,中正區,1,29,15,14,25.02682,121.51737
2026-09-25 12:28:52,09/25 12:28,500106121,YouBike2.0_泉州寧波西街口,中正區,1,49,4,44,25.02965,121.51415
2026-09-25 12:28:52,09/25 12:28,500106122,YouBike2.0_和平西路二段98巷口,中正區,1,16,4,11,25.0289,121.5097
2026-09-25 12:28:52,09/25 12:28,500106123,YouBike2.0_仁愛新生路口(西南側),中正區,1,18,4,14,25.03796,121.53261
2026-09-25 12:28:52,09/25 12:28,500106124,YouBike2.0_幸安市場,中正區,1,15,14,1,25.04032,121.53141
2026-09-25 12:28:52,09/25 12:28,500106125,YouBike2.0_龍口市場,中正區,1,14,13,1,25.0275,121.51013
2026-09-25 12:28:52,09/25 12:28,500106126,YouBike2.0_捷運善導寺站(5號出口),中正區,1,31,10,21,25.04418,121.52552
2026-09-25 12:28:52,09/25 12:28,500106127,YouBike2.0_青島杭州路口,中正區,1,17,2,15,25.04281,121.52629
2026-09-25 12:28:52,09/25 12:28,500106128,YouBike2.0_詔安街37巷口,中正區,1,28,18,9,25.02542,121.51233
2026-09-25 12:28:52,09/25 12:28,500106129,YouBike2.0_南海路112巷口,中正區,1,31,11,19,25.02757,121.50771
2026-09-25 12:28:52,09/25 12:28,500106130,YouBike2.0_牯嶺街95巷,中正區,1,16,4,11,25.0255,121.52067
2026-09-25 12:28:52,09/25 12:28,500106131,YouBike2.0_仁愛紹興路口(北側),中正區,1,23,0,22,25.03862,121.52385
2026-09-25 12:28:52,09/25 12:28,500106132,YouBike2.0_貴陽博愛路口,中正區,1,69,26,43,25.03896,121.51093
2026-09-25 12:28:52,09/25 12:28,500106133,YouBike2.0_國立臺灣博物館南門館,中正區,1,21,10,11,25.03351,121.5156
2026-09-25 12:28:52,09/25 12:28,500106134,YouBike2.0_汀州路一段106巷口,中正區,1,21,18,3,25.03008,121.50768
2026-09-25 12:28:52,09/25 12:28,500106135,YouBike2.0_羅斯福路四段108巷口,中正區,1,20,14,6,25.01346,121.5355
2026-09-25 12:28:52,09/25 12:28,500106136,YouBike2.0_公館水岸廣場,中正區,1,27,9,18,25.01193,121.52861
2026-09-25 12:28:52,09/25 12:28,500106137,YouBike2.0_捷運小南門站(3號出口),中正區,1,19,10,9,25.03532,121.51117
2026-09-25 12:28:52,09/25 12:28,500106138,YouBike2.0_臨沂街停車場,中正區,1,33,8,25,25.0426,121.53006
2026-09-25 12:28:52,09/25 12:28,500106142,YouBike2.0_愛國東羅斯福路口,中正區,1,24,6,18,25.03454,121.51733
2026-09-25 12:28:52,09/25 12:28,500106143,YouBike2.0_螢橋國中,中正區,1,18,6,11,25.01933,121.52582
2026-09-25 12:28:52,09/25 12:28,500106144,YouBike2.0_立法院中興大樓,中正區,1,13,8,4,25.04278,121.52119
2026-09-25 12:28:52,09/25 12:28,500106145,YouBike2.0_汀州南海路口,中正區,1,19,13,4,25.0288,121.50875
2026-09-25 12:28:52,09/25 12:28,500106146,YouBike2.0_捷運中正紀念堂站(7號出口),中正區,1,23,7,16,25.03465,121.5156
2026-09-25 12:28:52,09/25 12:28,500106147,YouBike2.0_羅斯福路三段210巷口,中正區,1,16,5,10,25.01884,121.52994
2026-09-25 12:28:52,09/25 12:28,500106149,YouBike2.0_忠義實小,中正區,1,19,12,7,25.02968,121.50631
2026-09-25 12:28:52,09/25 12:28,500106150,YouBike2.0_中華路二段313巷口,中正區,1,35,8,25,25.02816,121.50574
2026-09-25 12:28:52,09/25 12:28,500106151,YouBike2.0_牯嶺街9巷口,中正區,1,19,5,13,25.0313,121.51554
2026-09-25 12:28:52,09/25 12:28,500106152,YouBike2.0_量水室古蹟廣場,中正區,1,44,8,35,25.01279,121.53401
2026-09-25 12:28:52,09/25 12:28,500107001,YouBike2.0_通北街65巷口,中山區,1,27,1,25,25.08251,121.54004
2026-09-25 12:28:52,09/25 12:28,500107002,YouBike2.0_圓山風景區,中山區,1,15,15,0,25.07805,121.5295
2026-09-25 12:28:52,09/25 12:28,500107003,YouBike2.0_樂群二堤頂大道口,中山區,1,20,5,15,25.0803,121.56251
2026-09-25 12:28:52,09/25 12:28,500107004,YouBike2.0_劍潭社區,中山區,1,13,5,8,25.08524,121.53748
2026-09-25 12:28:52,09/25 12:28,500107005,YouBike2.0_培英公園,中山區,1,40,8,31,25.08258,121.54462
2026-09-25 12:28:52,09/25 12:28,500107006,YouBike2.0_樂群二明水路口,中山區,1,20,3,17,25.08009,121.55226
2026-09-25 12:28:52,09/25 12:28,500107007,YouBike2.0_北安大直街口,中山區,1,63,17,46,25.08474,121.54968
2026-09-25 12:28:52,09/25 12:28,500107008,YouBike2.0_捷運劍南路站(2號出口),中山區,1,40,13,27,25.084751813542,121.555090270105
2026-09-25 12:28:52,09/25 12:28,500107009,YouBike2.0_樂群二敬業三路口,中山區,1,20,9,11,25.07985,121.55609
2026-09-25 12:28:52,09/25 12:28,500107010,YouBike2.0_樂群二敬業四路口,中山區,1,36,21,15,25.07976,121.55813
2026-09-25 12:28:52,09/25 12:28,500107011,YouBike2.0_捷運大直站(3號出口),中山區,1,34,2,32,25.07923,121.5473
2026-09-25 12:28:52,09/25 12:28,500107012,YouBike2.0_復興市民路口,中山區,1,52,17,34,25.04585,121.54375
2026-09-25 12:28:52,09/25 12:28,500107013,YouBike2.0_南京遼寧街口,中山區,1,42,10,32,25.05176,121.54217
2026-09-25 12:28:52,09/25 12:28,500107014,YouBike2.0_伊通長安路口,中山區,1,21,20,1,25.04833,121.53469
2026-09-25 12:28:52,09/25 12:28,500107015,YouBike2.0_新生長安路口,中山區,1,44,16,25,25.04861,121.52935
2026-09-25 12:28:52,09/25 12:28,500107016,YouBike2.0_市民林森路口,中山區,1,69,16,51,25.04765,121.52589
2026-09-25 12:28:52,09/25 12:28,500107017,YouBike2.0_南京新生路口,中山區,1,36,14,22,25.05194,121.52766
2026-09-25 12:28:52,09/25 12:28,500107018,YouBike2.0_一江公園,中山區,1,37,4,33,25.05316,121.53146
2026-09-25 12:28:52,09/25 12:28,500107019,YouBike2.0_松江公園,中山區,1,42,2,39,25.05025,121.53273
2026-09-25 12:28:52,09/25 12:28,500107020,YouBike2.0_新生長春路口,中山區,1,32,13,12,25.05639,121.52752
2026-09-25 12:28:52,09/25 12:28,500107021,YouBike2.0_第二果菜批發市場,中山區,1,40,23,15,25.06642,121.53735
2026-09-25 12:28:52,09/25 12:28,500107022,YouBike2.0_民生建國路口,中山區,1,47,3,42,25.05778,121.53692
2026-09-25 12:28:52,09/25 12:28,500107023,YouBike2.0_興安華城,中山區,1,62,7,51,25.05606,121.54175
2026-09-25 12:28:52,09/25 12:28,500107024,YouBike2.0_捷運中山國中站,中山區,1,61,53,8,25.06106,121.54406
2026-09-25 12:28:52,09/25 12:28,500107025,YouBike2.0_龍江錦州街口,中山區,1,16,2,14,25.06045,121.54077
2026-09-25 12:28:52,09/25 12:28,500107026,YouBike2.0_建國長春路口,中山區,1,16,0,16,25.05469,121.53686
2026-09-25 12:28:52,09/25 12:28,500107027,YouBike2.0_南京建國路口,中山區,1,57,15,42,25.05214,121.5368
2026-09-25 12:28:52,09/25 12:28,500107028,YouBike2.0_捷運松江南京站(7號出口),中山區,1,75,24,51,25.05246,121.5332
2026-09-25 12:28:52,09/25 12:28,500107029,YouBike2.0_朱崙商場,中山區,1,37,6,27,25.04762,121.54043
2026-09-25 12:28:52,09/25 12:28,500107030,YouBike2.0_中吉公園,中山區,1,30,1,29,25.05604,121.53166
2026-09-25 12:28:52,09/25 12:28,500107031,YouBike2.0_華山公園,中山區,1,22,8,14,25.0471,121.5277
2026-09-25 12:28:52,09/25 12:28,500107032,YouBike2.0_建國北路一段17巷,中山區,1,45,1,44,25.04699,121.53735
2026-09-25 12:28:52,09/25 12:28,500107033,YouBike2.0_江寧公園,中山區,1,16,5,11,25.0617,121.53925
2026-09-25 12:28:52,09/25 12:28,500107034,YouBike2.0_民權龍江路口,中山區,1,32,0,32,25.06225,121.54107
2026-09-25 12:28:52,09/25 12:28,500107035,YouBike2.0_捷運中山國小站(2號出口),中山區,1,79,13,65,25.06246,121.52705
2026-09-25 12:28:52,09/25 12:28,500107036,YouBike2.0_捷運行天宮站(3號出口),中山區,1,48,13,34,25.05992,121.5333
2026-09-25 12:28:52,09/25 12:28,500107037,YouBike2.0_林森農安街口,中山區,1,23,15,8,25.06531,121.52565
2026-09-25 12:28:52,09/25 12:28,500107038,YouBike2.0_捷運中山國小站(4號出口),中山區,1,20,9,11,25.06283,121.52697
2026-09-25 12:28:52,09/25 12:28,500107039,YouBike2.0_農安雙城街口,中山區,0,15,0,15,25.06491,121.52449
2026-09-25 12:28:52,09/25 12:28,500107040,YouBike2.0_新生德惠街口,中山區,1,35,3,32,25.06652,121.52762
2026-09-25 12:28:52,09/25 12:28,500107041,YouBike2.0_民族林森路口,中山區,1,58,14,43,25.06847,121.52559
2026-09-25 12:28:52,09/25 12:28,500107042,YouBike2.0_臺北市立美術館,中山區,1,24,1,23,25.06987,121.52291
2026-09-25 12:28:52,09/25 12:28,500107043,YouBike2.0_中山民族路口,中山區,1,16,7,9,25.06816,121.52265
2026-09-25 12:28:52,09/25 12:28,500107044,YouBike2.0_新生高架停車場(林森北路107巷口),中山區,1,14,0,14,25.04983,121.52853
2026-09-25 12:28:52,09/25 12:28,500107045,YouBike2.0_南京林森路口,中山區,1,22,5,17,25.05201,121.52556
2026-09-25 12:28:52,09/25 12:28,500107046,YouBike2.0_仁德公園,中山區,1,18,3,14,25.05337,121.5289
2026-09-25 12:28:52,09/25 12:28,500107047,YouBike2.0_中原公園,中山區,1,15,6,9,25.05583,121.52821
2026-09-25 12:28:52,09/25 12:28,500107048,YouBike2.0_下埤公園,中山區,1,33,13,18,25.06682,121.54213
2026-09-25 12:28:52,09/25 12:28,500107049,YouBike2.0_五常國中,中山區,1,42,17,25,25.06505,121.54366
2026-09-25 12:28:52,09/25 12:28,500107050,YouBike2.0_榮星花園,中山區,0,46,0,0,25.06424,121.54037
2026-09-25 12:28:52,09/25 12:28,500107051,YouBike2.0_民權建國路口,中山區,1,50,22,25,25.06251,121.53765
2026-09-25 12:28:52,09/25 12:28,500107052,YouBike2.0_松江路431巷口,中山區,1,20,1,19,25.06585,121.53338
2026-09-25 12:28:52,09/25 12:28,500107053,YouBike2.0_新喜公園,中山區,1,13,0,10,25.06533,121.53177
2026-09-25 12:28:52,09/25 12:28,500107054,YouBike2.0_吉林路407巷口,中山區,1,15,6,8,25.06595,121.53041
2026-09-25 12:28:52,09/25 12:28,500107055,YouBike2.0_民族松江路口,中山區,1,17,4,13,25.06833,121.5328
2026-09-25 12:28:52,09/25 12:28,500107056,YouBike2.0_林安泰古厝,中山區,0,36,0,0,25.07154,121.53058
2026-09-25 12:28:52,09/25 12:28,500107058,YouBike2.0_渭水八德路口,中山區,1,23,9,13,25.04573,121.53508
2026-09-25 12:28:52,09/25 12:28,500107059,YouBike2.0_捷運中山站(2號出口),中山區,1,33,26,6,25.05228,121.52176
2026-09-25 12:28:52,09/25 12:28,500107060,YouBike2.0_撫順公園,中山區,1,30,8,22,25.06416,121.52203
2026-09-25 12:28:52,09/25 12:28,500107061,YouBike2.0_新生公園,中山區,1,29,17,12,25.06839,121.53032
2026-09-25 12:28:52,09/25 12:28,500107062,YouBike2.0_捷運行天宮站(1號出口),中山區,1,49,20,28,25.05867,121.53305
2026-09-25 12:28:52,09/25 12:28,500107063,YouBike2.0_林森長春路口,中山區,1,28,18,10,25.05497,121.52536
2026-09-25 12:28:52,09/25 12:28,500107064,YouBike2.0_建國農安街口,中山區,1,80,47,33,25.06503,121.53678
2026-09-25 12:28:52,09/25 12:28,500107065,YouBike2.0_松江路77巷口,中山區,1,10,7,3,25.04985,121.53312
2026-09-25 12:28:52,09/25 12:28,500107066,YouBike2.0_建國長安路口,中山區,1,20,5,15,25.04836,121.53669
2026-09-25 12:28:52,09/25 12:28,500107067,YouBike2.0_市民新生路口,中山區,1,15,0,15,25.04611,121.53193
2026-09-25 12:28:52,09/25 12:28,500107068,YouBike2.0_民權吉林路口,中山區,1,27,4,21,25.06269,121.53061
2026-09-25 12:28:52,09/25 12:28,500107069,YouBike2.0_中山農安街口,中山區,1,35,6,29,25.0651,121.5224
2026-09-25 12:28:52,09/25 12:28,500107070,YouBike2.0_捷運行政大樓,中山區,1,14,2,12,25.05575,121.52168
2026-09-25 12:28:52,09/25 12:28,500107071,YouBike2.0_中吉公園(松江路188巷),中山區,1,22,3,19,25.0568,121.53191
2026-09-25 12:28:52,09/25 12:28,500107072,YouBike2.0_吉林路123巷口,中山區,1,22,13,8,25.05731,121.53021
2026-09-25 12:28:52,09/25 12:28,500107075,YouBike2.0_國立臺北大學(臺北校區),中山區,1,38,3,35,25.05806,121.54304
2026-09-25 12:28:52,09/25 12:28,500107076,YouBike2.0_錦州吉林路口,中山區,1,30,27,2,25.06028,121.52991
2026-09-25 12:28:52,09/25 12:28,500107077,YouBike2.0_中山北路二段59巷口,中山區,0,12,0,0,25.05606,121.5229
2026-09-25 12:28:52,09/25 12:28,500107078,YouBike2.0_永盛公園(民生東路一段23巷),中山區,1,24,12,12,25.05873,121.52488
2026-09-25 12:28:52,09/25 12:28,500107079,YouBike2.0_新生錦州街口,中山區,1,20,6,13,25.05955,121.52744
2026-09-25 12:28:52,09/25 12:28,500107080,YouBike2.0_濱江街199巷口,中山區,1,21,9,12,25.0734,121.53985
2026-09-25 12:28:52,09/25 12:28,500107081,YouBike2.0_大佳社區公園,中山區,1,20,17,2,25.07275,121.5373
2026-09-25 12:28:52,09/25 12:28,500107082,YouBike2.0_濱江果菜市場,中山區,1,22,21,1,25.06807,121.53673
2026-09-25 12:28:52,09/25 12:28,500107083,YouBike2.0_興安合江路口,中山區,1,29,12,17,25.05619,121.53949
2026-09-25 12:28:52,09/25 12:28,500107084,YouBike2.0_復興北路514巷口東側,中山區,1,12,7,4,25.06597,121.54117
2026-09-25 12:28:52,09/25 12:28,500107085,YouBike2.0_台泥大樓,中山區,1,28,4,24,25.06142,121.52305
2026-09-25 12:28:52,09/25 12:28,500107086,YouBike2.0_植福樂群路口,中山區,1,10,4,6,25.08303,121.5604
2026-09-25 12:28:52,09/25 12:28,500107087,YouBike2.0_新興公園,中山區,1,26,6,20,25.06157,121.52439
2026-09-25 12:28:52,09/25 12:28,500107088,YouBike2.0_南京伊通街口,中山區,1,11,11,0,25.05189,121.53517
2026-09-25 12:28:52,09/25 12:28,500107089,YouBike2.0_南京龍江路口,中山區,1,24,15,9,25.05205,121.54012
2026-09-25 12:28:52,09/25 12:28,500107090,YouBike2.0_撫順街41巷(崇德宮前),中山區,1,19,1,18,25.06389,121.51916
2026-09-25 12:28:52,09/25 12:28,500107091,YouBike2.0_臺北市立圖書館大直分館,中山區,1,20,1,19,25.08152,121.54646
2026-09-25 12:28:52,09/25 12:28,500107092,YouBike2.0_捷運大直站(1號出口),中山區,1,27,19,7,25.0801,121.54708
2026-09-25 12:28:52,09/25 12:28,500107093,YouBike2.0_捷運松江南京站(4號出口),中山區,1,32,2,29,25.0512,121.53312
2026-09-25 12:28:52,09/25 12:28,500107095,YouBike2.0_中429公園,中山區,1,21,17,4,25.07864,121.55557
2026-09-25 12:28:52,09/25 12:28,500107096,YouBike2.0_長春路137巷口,中山區,1,23,8,15,25.05791,121.53114
2026-09-25 12:28:52,09/25 12:28,500107097,YouBike2.0_松江民生路口,中山區,1,21,8,12,25.05765,121.53299
2026-09-25 12:28:52,09/25 12:28,500107098,YouBike2.0_松江路132巷口,中山區,1,14,3,11,25.05277,121.53013
2026-09-25 12:28:52,09/25 12:28,500107099,YouBike2.0_長春吉林路口,中山區,1,10,5,4,25.05481,121.53032
2026-09-25 12:28:52,09/25 12:28,500107100,YouBike2.0_長春一江街口,中山區,1,11,6,4,25.05488,121.53142
2026-09-25 12:28:52,09/25 12:28,500107101,YouBike2.0_捷運松江南京站(8號出口),中山區,1,29,13,15,25.05215,121.53276
2026-09-25 12:28:52,09/25 12:28,500107102,YouBike2.0_南京一江街口,中山區,0,20,0,20,25.05215,121.53171
2026-09-25 12:28:52,09/25 12:28,500107103,YouBike2.0_松江長春路口,中山區,1,16,3,12,25.05499,121.53295
2026-09-25 12:28:52,09/25 12:28,500107104,YouBike2.0_經國七海文化園區,中山區,1,15,1,14,25.07802,121.53511
2026-09-25 12:28:52,09/25 12:28,500107105,YouBike2.0_民族玉門街口,中山區,1,20,5,15,25.06873,121.52003
2026-09-25 12:28:52,09/25 12:28,500107106,YouBike2.0_新生農安街口,中山區,1,15,1,14,25.06493,121.52778
2026-09-25 12:28:52,09/25 12:28,500107107,YouBike2.0_稻江高級護理家事職業學校,中山區,1,14,7,6,25.06532,121.52848
2026-09-25 12:28:52,09/25 12:28,500107108,YouBike2.0_捷運大直站(3號出口)_1,中山區,1,18,0,18,25.07934,121.54671
2026-09-25 12:28:52,09/25 12:28,500107109,YouBike2.0_樂群二明水路口_1,中山區,1,34,7,26,25.07983,121.55236
2026-09-25 12:28:52,09/25 12:28,500107110,YouBike2.0_民權吉林路口(南側),中山區,1,32,5,27,25.06245,121.53043
2026-09-25 12:28:52,09/25 12:28,500107111,YouBike2.0_長春龍江路口,中山區,1,45,13,32,25.05473,121.54026
2026-09-25 12:28:52,09/25 12:28,500107112,YouBike2.0_民權新生路口,中山區,1,26,9,17,25.06305,121.52776
2026-09-25 12:28:52,09/25 12:28,500107113,YouBike2.0_建國長春路口(北側),中山區,1,30,3,27,25.05476,121.53693
2026-09-25 12:28:52,09/25 12:28,500107114,YouBike2.0_中山行政中心,中山區,1,30,11,18,25.06432,121.53349
2026-09-25 12:28:52,09/25 12:28,500107115,YouBike2.0_臺北市立美術館_1,中山區,1,40,2,38,25.07063,121.52327
2026-09-25 12:28:52,09/25 12:28,500107116,YouBike2.0_劍潭社區_1,中山區,1,42,17,24,25.08476,121.53789
2026-09-25 12:28:52,09/25 12:28,500107117,YouBike2.0_濱江國小游泳池,中山區,1,16,9,7,25.07818,121.56175
2026-09-25 12:28:52,09/25 12:28,500107118,YouBike2.0_林森公園,中山區,1,49,1,46,25.05223,121.52581
2026-09-25 12:28:52,09/25 12:28,500107119,YouBike2.0_中428公園,中山區,1,24,1,23,25.07825,121.55337
2026-09-25 12:28:52,09/25 12:28,500107120,YouBike2.0_復華公園,中山區,1,20,1,19,25.05339,121.5401
2026-09-25 12:28:52,09/25 12:28,500107121,YouBike2.0_新生民族路口(西南側),中山區,1,35,6,29,25.06819,121.52767
2026-09-25 12:28:52,09/25 12:28,500107122,YouBike2.0_捷運南京復興站(1號出口),中山區,1,21,15,6,25.05253,121.54256
2026-09-25 12:28:52,09/25 12:28,500107123,YouBike2.0_八德市場(北側),中山區,1,29,5,24,25.04478,121.53661
2026-09-25 12:28:52,09/25 12:28,500107124,YouBike2.0_龍江朱崙街口,中山區,1,14,2,12,25.05004,121.54043
2026-09-25 12:28:52,09/25 12:28,500107125,YouBike2.0_大直街94巷,中山區,1,13,7,6,25.08431,121.54755
2026-09-25 12:28:52,09/25 12:28,500107126,YouBike2.0_捷運南京復興站(8號出口),中山區,1,25,7,17,25.05196,121.5433
2026-09-25 12:28:52,09/25 12:28,500107127,YouBike2.0_民權建國路口(南側),中山區,1,22,8,14,25.06228,121.53702
2026-09-25 12:28:52,09/25 12:28,500107128,YouBike2.0_林森德惠街口,中山區,1,16,0,15,25.06688,121.5257
2026-09-25 12:28:52,09/25 12:28,500107129,YouBike2.0_新生濱江街口(東南側),中山區,1,21,17,4,25.07059,121.52812
2026-09-25 12:28:52,09/25 12:28,500107130,YouBike2.0_新生北路一段62巷口,中山區,1,30,11,19,25.04699,121.53075
2026-09-25 12:28:52,09/25 12:28,500107131,YouBike2.0_新生長春路口(東北側),中山區,1,19,16,3,25.05532,121.52769
2026-09-25 12:28:52,09/25 12:28,500107132,YouBike2.0_捷運劍南路站(1號出口),中山區,1,25,22,3,25.08519,121.55498
2026-09-25 12:28:52,09/25 12:28,500107133,YouBike2.0_樂群三路123號,中山區,1,34,21,13,25.08271,121.55514
2026-09-25 12:28:52,09/25 12:28,500107134,YouBike2.0_長春路258巷2弄口,中山區,1,16,8,8,25.05427,121.53896
2026-09-25 12:28:52,09/25 12:28,500107135,YouBike2.0_長寧大廈社區(南側),中山區,1,32,12,20,25.05418,121.54332
2026-09-25 12:28:52,09/25 12:28,500107136,YouBike2.0_建國五常街口,中山區,1,20,9,11,25.06419,121.53732
2026-09-25 12:28:52,09/25 12:28,500107137,YouBike2.0_中山北路二段62巷口,中山區,1,12,5,6,25.05676,121.52268
2026-09-25 12:28:52,09/25 12:28,500107138,YouBike2.0_市民安東街口,中山區,1,36,8,27,25.0448,121.54213
2026-09-25 12:28:52,09/25 12:28,500107139,YouBike2.0_市民大道二段5巷口,中山區,1,58,48,8,25.04812,121.52166
2026-09-25 12:28:52,09/25 12:28,500107140,YouBike2.0_捷運中山站(3號出口),中山區,1,21,16,5,25.05236,121.52212
2026-09-25 12:28:52,09/25 12:28,500107141,YouBike2.0_建國北路高架橋下停車場G區,中山區,1,18,3,15,25.05959,121.53682
2026-09-25 12:28:52,09/25 12:28,500107142,YouBike2.0_朱崙公園,中山區,1,20,5,15,25.04919,121.54198
2026-09-25 12:28:52,09/25 12:28,500107143,YouBike2.0_朱崙復興北路口,中山區,1,18,5,13,25.04992,121.54379
2026-09-25 12:28:52,09/25 12:28,500107144,YouBike2.0_捷運行天宮站(4號出口),中山區,1,36,28,6,25.06037,121.53283
2026-09-25 12:28:52,09/25 12:28,500107145,YouBike2.0_建國北路三段86巷口,中山區,1,26,5,20,25.06617,121.53526
2026-09-25 12:28:52,09/25 12:28,500107146,YouBike2.0_正守公園,中山區,1,23,2,20,25.04808,121.52898
2026-09-25 12:28:52,09/25 12:28,500107147,YouBike2.0_四平松江路口,中山區,1,18,8,10,25.05366,121.53282
2026-09-25 12:28:52,09/25 12:28,500107149,YouBike2.0_北安通北街口,中山區,1,36,3,32,25.07965,121.54148
2026-09-25 12:28:52,09/25 12:28,500107150,YouBike2.0_民權東復興北路口(西北側),中山區,1,20,7,13,25.06246,121.54323
2026-09-25 12:28:52,09/25 12:28,500107151,YouBike2.0_臺北市立大同高中,中山區,1,48,17,31,25.05484,121.53521
2026-09-25 12:28:52,09/25 12:28,500107152,YouBike2.0_中崙加油站,中山區,1,27,5,20,25.04634,121.53979
2026-09-25 12:28:52,09/25 12:28,500107153,YouBike2.0_北安明水路口(自強隧道),中山區,1,12,5,7,25.08578,121.55225
2026-09-25 12:28:52,09/25 12:28,500107154,YouBike2.0_中正國小(南京東路三段48巷),中山區,1,15,6,9,25.05126,121.53845
2026-09-25 12:28:52,09/25 12:28,500107155,YouBike2.0_臺北時代廣場,中山區,1,35,15,20,25.08044,121.56152
2026-09-25 12:28:52,09/25 12:28,500107156,YouBike2.0_吉林農安街口(西北側),中山區,1,15,11,1,25.06493,121.53034
2026-09-25 12:28:52,09/25 12:28,500107157,YouBike2.0_濱江國中,中山區,1,31,8,23,25.0793,121.56178
2026-09-25 12:28:52,09/25 12:28,500107158,YouBike2.0_環山抽水站,中山區,1,34,14,20,25.07734,121.5631
2026-09-25 12:28:52,09/25 12:28,500107159,YouBike2.0_民權中山路口(東北側),中山區,1,25,14,11,25.06292,121.52299
2026-09-25 12:28:52,09/25 12:28,500107160,YouBike2.0_復興五常街口(西南側),中山區,1,26,7,18,25.06409,121.54415
2026-09-25 12:28:52,09/25 12:28,500107161,YouBike2.0_松江長安路口,中山區,1,21,7,14,25.04819,121.53282
2026-09-25 12:28:52,09/25 12:28,500107162,YouBike2.0_長安國小,中山區,1,26,13,13,25.05018,121.53008
2026-09-25 12:28:52,09/25 12:28,500107163,YouBike2.0_中山市場,中山區,1,16,10,5,25.05007,121.52107
2026-09-25 12:28:52,09/25 12:28,500107164,YouBike2.0_捷運雙連站(1號出口),中山區,1,17,4,13,25.05767,121.52097
2026-09-25 12:28:52,09/25 12:28,500107165,YouBike2.0_吉林南京路口(西北側),中山區,1,22,8,12,25.05234,121.53003
2026-09-25 12:28:52,09/25 12:28,500107166,YouBike2.0_龍江路345巷,中山區,1,23,15,7,25.06339,121.54116
2026-09-25 12:28:52,09/25 12:28,500107167,YouBike2.0_捷運劍南路站(3號出口),中山區,1,46,20,26,25.08444,121.55657
2026-09-25 12:28:52,09/25 12:28,500107168,YouBike2.0_一江南京東路口(西南側),中山區,1,22,7,15,25.05181,121.53146
2026-09-25 12:28:52,09/25 12:28,500107169,YouBike2.0_大直抽水站公車站,中山區,1,27,11,16,25.07756,121.54556
2026-09-25 12:28:52,09/25 12:28,500107170,YouBike2.0_民權東路三段39巷口,中山區,1,25,21,4,25.06596,121.54259
2026-09-25 12:28:52,09/25 12:28,500107171,YouBike2.0_臺北市立中山女高,中山區,1,33,2,31,25.04841,121.53889
2026-09-25 12:28:52,09/25 12:28,500107172,YouBike2.0_朱昌公園,中山區,1,25,2,21,25.0554,121.53908
2026-09-25 12:28:52,09/25 12:28,500107173,YouBike2.0_林森公園東北側,中山區,1,18,17,1,25.05381,121.52674
2026-09-25 12:28:52,09/25 12:28,500107174,YouBike2.0_康樂公園西北側,中山區,1,18,8,9,25.05377,121.52456
2026-09-25 12:28:52,09/25 12:28,500107175,YouBike2.0_中山北德惠街口,中山區,1,20,5,14,25.06671,121.52257
2026-09-25 12:28:52,09/25 12:28,500107176,YouBike2.0_晴光公園,中山區,1,20,2,18,25.06411,121.52446
2026-09-25 12:28:52,09/25 12:28,500107177,YouBike2.0_松江路25巷口,中山區,1,42,10,32,25.04628,121.53304
2026-09-25 12:28:52,09/25 12:28,500107178,YouBike2.0_民生東合江街口,中山區,1,20,6,13,25.05777,121.53951
2026-09-25 12:28:52,09/25 12:28,500107179,YouBike2.0_飛航服務總臺,中山區,1,23,19,4,25.07241,121.55117
2026-09-25 12:28:52,09/25 12:28,500107180,YouBike2.0_內湖堤頂大道(西南側),中山區,1,24,3,21,25.08462,121.56016
2026-09-25 12:28:52,09/25 12:28,500107181,YouBike2.0_大直派出所,中山區,1,30,6,23,25.07913,121.54422
2026-09-25 12:28:52,09/25 12:28,500107182,YouBike2.0_遼寧民生路口,中山區,1,17,1,16,25.057666880504,121.541996809041
2026-09-25 12:28:52,09/25 12:28,500107183,YouBike2.0_松江路184巷口,中山區,1,21,7,14,25.05623,121.53296
2026-09-25 12:28:52,09/25 12:28,500107184,YouBike2.0_民權東路三段60巷,中山區,1,18,5,13,25.06058,121.54236
2026-09-25 12:28:52,09/25 12:28,500107185,YouBike2.0_長春路258巷2弄(北側),中山區,1,19,0,19,25.05474,121.5383
2026-09-25 12:28:52,09/25 12:28,500107186,YouBike2.0_中山北路二段96巷口,中山區,1,18,6,12,25.0598,121.52253
2026-09-25 12:28:52,09/25 12:28,500107187,YouBike2.0_吉林路236巷口,中山區,1,21,20,0,25.05931,121.53025
2026-09-25 12:28:52,09/25 12:28,500107188,YouBike2.0_上塔悠公園(明水路),中山區,1,30,23,6,25.07767,121.55205
2026-09-25 12:28:52,09/25 12:28,500107189,YouBike2.0_中山民生東路口(東南側),中山區,1,21,3,18,25.05778,121.52299
2026-09-25 12:28:52,09/25 12:28,500107190,YouBike2.0_中山北路二段26巷,中山區,1,51,27,24,25.05392,121.52066
2026-09-25 12:28:52,09/25 12:28,500107191,YouBike2.0_八德路二段210巷口,中山區,1,21,3,18,25.04478,121.53958
2026-09-25 12:28:52,09/25 12:28,500107192,YouBike2.0_長安林森路口公車站,中山區,1,20,6,13,25.04882,121.52589
2026-09-25 12:28:52,09/25 12:28,500107193,YouBike2.0_市民大道二段67巷口,中山區,1,30,20,10,25.04652,121.5296
2026-09-25 12:28:52,09/25 12:28,500107194,YouBike2.0_德惠雙城街口(西側),中山區,1,18,4,14,25.0667,121.5242
2026-09-25 12:28:52,09/25 12:28,500107195,YouBike2.0_北安路608巷明水路口,中山區,1,18,9,9,25.08194,121.55124
2026-09-25 12:28:52,09/25 12:28,500107196,YouBike2.0_新生林森北路485巷口,中山區,1,35,9,26,25.06114,121.52745
2026-09-25 12:28:52,09/25 12:28,500107197,YouBike2.0_新壽公園,中山區,1,16,6,10,25.06313,121.53015
2026-09-25 12:28:52,09/25 12:28,500107198,YouBike2.0_復興北路430巷,中山區,1,37,28,9,25.06341,121.54353
2026-09-25 12:28:52,09/25 12:28,500107199,YouBike2.0_林森錦州街口,中山區,1,21,10,11,25.06051,121.52566
2026-09-25 12:28:52,09/25 12:28,500107200,YouBike2.0_臺北市立美術館(中山北路三段),中山區,1,20,11,9,25.07177,121.52395
2026-09-25 12:28:52,09/25 12:28,500107201,YouBike2.0_臺北市立美術館(新生北路三段),中山區,1,24,13,10,25.07255,121.52529
2026-09-25 12:28:52,09/25 12:28,500107202,YouBike2.0_南京新生路口(北側),中山區,0,24,0,0,25.0522,121.52768
2026-09-25 12:28:52,09/25 12:28,500107203,YouBike2.0_永安國小(北安路554巷),中山區,1,17,9,8,25.08002,121.54983
2026-09-25 12:28:52,09/25 12:28,500107204,YouBike2.0_敬業一路36巷口,中山區,1,27,14,12,25.08131,121.55443
2026-09-25 12:28:52,09/25 12:28,500107205,YouBike2.0_經濟部能源署,中山區,1,18,17,1,25.04792,121.54379
2026-09-25 12:28:52,09/25 12:28,500107206,YouBike2.0_松江路372巷口,中山區,1,15,1,14,25.06304,121.53289
2026-09-25 12:28:52,09/25 12:28,500107207,YouBike2.0_龍江平面停車場,中山區,1,17,1,16,25.05409,121.54205
2026-09-25 12:28:52,09/25 12:28,500107208,YouBike2.0_松江民族路口(西南側),中山區,1,16,4,11,25.06743,121.53309
2026-09-25 12:28:52,09/25 12:28,500107209,YouBike2.0_忠烈祠,中山區,1,30,4,26,25.0782,121.53237
2026-09-25 12:28:52,09/25 12:28,500107210,YouBike2.0_圓山派出所,中山區,1,30,9,21,25.0731,121.52391
2026-09-25 12:28:52,09/25 12:28,500108001,YouBike2.0_文湖街21巷118弄口,內湖區,1,28,3,24,25.09122,121.55961
2026-09-25 12:28:52,09/25 12:28,500108002,YouBike2.0_北勢湖環保公園,內湖區,1,27,3,24,25.08378,121.56208
2026-09-25 12:28:52,09/25 12:28,500108003,YouBike2.0_洲子一號公園,內湖區,1,43,1,41,25.07977,121.56454
2026-09-25 12:28:52,09/25 12:28,500108004,YouBike2.0_西康公園,內湖區,1,21,6,14,25.08284,121.56449
2026-09-25 12:28:52,09/25 12:28,500108005,YouBike2.0_文湖國小,內湖區,1,43,23,18,25.08637,121.56088
2026-09-25 12:28:52,09/25 12:28,500108006,YouBike2.0_文湖街81巷10號西側,內湖區,1,23,12,11,25.08697,121.5641
2026-09-25 12:28:52,09/25 12:28,500108007,YouBike2.0_德明財經科技大學,內湖區,1,36,2,33,25.08637,121.56574
2026-09-25 12:28:52,09/25 12:28,500108008,YouBike2.0_麗山國小,內湖區,1,76,11,64,25.0826,121.57158
2026-09-25 12:28:52,09/25 12:28,500108009,YouBike2.0_麗山高中,內湖區,1,57,4,52,25.08398,121.57725
2026-09-25 12:28:52,09/25 12:28,500108010,YouBike2.0_港華五號公園,內湖區,1,16,7,9,25.08522,121.57462
2026-09-25 12:28:52,09/25 12:28,500108011,YouBike2.0_大湖國小,內湖區,1,29,9,19,25.08803,121.59958
2026-09-25 12:28:52,09/25 12:28,500108012,YouBike2.0_安湖三號公園,內湖區,1,16,2,14,25.07021,121.61593
2026-09-25 12:28:52,09/25 12:28,500108013,YouBike2.0_東湖路113巷95弄,內湖區,1,17,6,9,25.072153981463,121.615050088067
2026-09-25 12:28:52,09/25 12:28,500108014,YouBike2.0_瑞光計程車服務站,內湖區,1,20,5,15,25.0745,121.57389
2026-09-25 12:28:52,09/25 12:28,500108015,YouBike2.0_文德三號公園(江南街71巷16弄),內湖區,1,15,12,3,25.07524,121.5772
2026-09-25 12:28:52,09/25 12:28,500108016,YouBike2.0_捷運大湖公園站(2號出口),內湖區,1,46,15,30,25.08395,121.60185
2026-09-25 12:28:52,09/25 12:28,500108018,YouBike2.0_康寧星雲街口,內湖區,1,19,9,10,25.07958,121.59336
2026-09-25 12:28:52,09/25 12:28,500108019,YouBike2.0_星雲街47號,內湖區,1,22,8,13,25.07864,121.59177
2026-09-25 12:28:52,09/25 12:28,500108020,YouBike2.0_捷運西湖站(1號出口),內湖區,1,25,23,1,25.08301,121.56638
2026-09-25 12:28:52,09/25 12:28,500108021,YouBike2.0_捷運西湖站(2號出口),內湖區,1,24,17,5,25.08205,121.56716
2026-09-25 12:28:52,09/25 12:28,500108022,YouBike2.0_瑞光路583巷口,內湖區,1,20,18,2,25.07999,121.56779
2026-09-25 12:28:52,09/25 12:28,500108023,YouBike2.0_港都公園,內湖區,1,15,1,10,25.08296,121.5752
2026-09-25 12:28:52,09/25 12:28,500108024,YouBike2.0_環山路二段26巷口,內湖區,1,22,13,8,25.08598,121.572
2026-09-25 12:28:52,09/25 12:28,500108025,YouBike2.0_成功金龍路口,內湖區,1,36,30,6,25.08436,121.59478
2026-09-25 12:28:52,09/25 12:28,500108026,YouBike2.0_碧山公園,內湖區,1,31,8,23,25.0878,121.59227
2026-09-25 12:28:52,09/25 12:28,500108027,YouBike2.0_金瑞公園,內湖區,1,45,30,11,25.08785,121.5879
2026-09-25 12:28:52,09/25 12:28,500108028,YouBike2.0_捷運文德站(2號出口),內湖區,1,49,24,25,25.07842,121.58464
2026-09-25 12:28:52,09/25 12:28,500108029,YouBike2.0_陽光公園,內湖區,1,21,1,20,25.07695,121.58764
2026-09-25 12:28:52,09/25 12:28,500108030,YouBike2.0_文德二號公園(南側),內湖區,1,13,2,11,25.07504,121.58375
2026-09-25 12:28:52,09/25 12:28,500108031,YouBike2.0_文德二號公園(北側),內湖區,1,15,4,11,25.07758,121.58381
2026-09-25 12:28:52,09/25 12:28,500108032,YouBike2.0_瑞陽公園,內湖區,1,12,1,10,25.07777,121.57961
2026-09-25 12:28:52,09/25 12:28,500108033,YouBike2.0_湖光國宅,內湖區,1,45,7,35,25.07538,121.58079
2026-09-25 12:28:52,09/25 12:28,500108034,YouBike2.0_潭美街213號,內湖區,0,12,0,0,25.05575,121.58486
2026-09-25 12:28:52,09/25 12:28,500108035,YouBike2.0_南京東路六段180號,內湖區,1,19,4,15,25.0559,121.57991
2026-09-25 12:28:52,09/25 12:28,500108036,YouBike2.0_潭美國小(南京舊宗路口),內湖區,1,29,9,19,25.05768,121.58159
2026-09-25 12:28:52,09/25 12:28,500108037,YouBike2.0_新明路343號,內湖區,1,10,8,2,25.05653,121.58345
2026-09-25 12:28:52,09/25 12:28,500108038,YouBike2.0_成美長壽橋(潭美街),內湖區,1,22,0,21,25.0539,121.58084
2026-09-25 12:28:52,09/25 12:28,500108039,YouBike2.0_內湖行政中心,內湖區,1,25,2,23,25.06915,121.58898
2026-09-25 12:28:52,09/25 12:28,500108040,YouBike2.0_樂康公園,內湖區,1,20,4,15,25.07007,121.62055
2026-09-25 12:28:52,09/25 12:28,500108041,YouBike2.0_安康路32巷24弄,內湖區,1,21,9,12,25.06181,121.59447
2026-09-25 12:28:52,09/25 12:28,500108043,YouBike2.0_明美公園,內湖區,1,47,5,42,25.06256,121.58607
2026-09-25 12:28:52,09/25 12:28,500108044,YouBike2.0_南京東路六段368巷,內湖區,1,73,2,71,25.05827,121.58707
2026-09-25 12:28:52,09/25 12:28,500108045,YouBike2.0_新明成功路口,內湖區,1,38,9,27,25.06058,121.5911
2026-09-25 12:28:52,09/25 12:28,500108046,YouBike2.0_民權瑞光路口,內湖區,1,57,47,2,25.06835,121.58323
2026-09-25 12:28:52,09/25 12:28,500108047,YouBike2.0_瑞光公共住宅(瑞光路),內湖區,1,16,7,9,25.07335,121.57951
2026-09-25 12:28:52,09/25 12:28,500108048,YouBike2.0_民權東路六段15巷,內湖區,1,42,10,31,25.06853,121.57813
2026-09-25 12:28:52,09/25 12:28,500108049,YouBike2.0_扶輪親恩公園,內湖區,1,57,3,51,25.06709,121.58002
2026-09-25 12:28:52,09/25 12:28,500108050,YouBike2.0_新湖三民善街口,內湖區,1,15,15,0,25.06286,121.57497
2026-09-25 12:28:52,09/25 12:28,500108051,YouBike2.0_內湖119號綠地,內湖區,1,41,8,33,25.05594,121.57865
2026-09-25 12:28:52,09/25 12:28,500108052,YouBike2.0_行善公園,內湖區,1,25,6,18,25.05301,121.57592
2026-09-25 12:28:52,09/25 12:28,500108054,YouBike2.0_三軍總醫院,內湖區,1,50,10,39,25.07151,121.58991
2026-09-25 12:28:52,09/25 12:28,500108055,YouBike2.0_福華商場,內湖區,1,40,10,30,25.06877,121.59265
2026-09-25 12:28:52,09/25 12:28,500108056,YouBike2.0_臺北市網球中心,內湖區,1,34,4,30,25.0674,121.59749
2026-09-25 12:28:52,09/25 12:28,500108057,YouBike2.0_捷運葫洲站(1號出口),內湖區,1,37,11,26,25.07249,121.60796
2026-09-25 12:28:52,09/25 12:28,500108058,YouBike2.0_麗湖國小,內湖區,1,27,12,14,25.07332,121.60223
2026-09-25 12:28:52,09/25 12:28,500108059,YouBike2.0_金湖路347巷125弄口,內湖區,1,25,11,13,25.0733,121.59834
2026-09-25 12:28:52,09/25 12:28,500108060,YouBike2.0_碧湖公園,內湖區,1,25,0,25,25.07988,121.58287
2026-09-25 12:28:52,09/25 12:28,500108061,YouBike2.0_碧湖公園(內湖路二段103巷),內湖區,1,19,2,15,25.08317,121.58109
2026-09-25 12:28:52,09/25 12:28,500108062,YouBike2.0_貿七社區,內湖區,1,17,12,5,25.08357,121.58534
2026-09-25 12:28:52,09/25 12:28,500108063,YouBike2.0_內湖區農會,內湖區,1,12,10,2,25.08165,121.58891
2026-09-25 12:28:52,09/25 12:28,500108064,YouBike2.0_捷運內湖站(2號出口),內湖區,1,10,7,3,25.0835,121.59454
2026-09-25 12:28:52,09/25 12:28,500108065,YouBike2.0_康寧金湖路口,內湖區,1,21,6,14,25.07896,121.59921
2026-09-25 12:28:52,09/25 12:28,500108066,YouBike2.0_康寧路一段156巷20弄口,內湖區,1,20,2,17,25.07792,121.59354
2026-09-25 12:28:52,09/25 12:28,500108067,YouBike2.0_安康公園,內湖區,1,25,6,19,25.06657,121.6136
2026-09-25 12:28:52,09/25 12:28,500108068,YouBike2.0_安泰街83巷,內湖區,1,34,15,17,25.07669,121.61709
2026-09-25 12:28:52,09/25 12:28,500108069,YouBike2.0_內溝溪生態展示館,內湖區,1,16,5,10,25.08722,121.62306
2026-09-25 12:28:52,09/25 12:28,500108070,YouBike2.0_捷運港墘站(2號出口),內湖區,1,47,10,36,25.07967,121.57584
2026-09-25 12:28:52,09/25 12:28,500108071,YouBike2.0_東湖國中,內湖區,1,42,5,37,25.07334,121.61962
2026-09-25 12:28:52,09/25 12:28,500108072,YouBike2.0_石潭公園(安康路),內湖區,1,41,13,28,25.06261,121.59334
2026-09-25 12:28:52,09/25 12:28,500108073,YouBike2.0_內湖垃圾焚化廠,內湖區,1,20,5,15,25.06209,121.60347
2026-09-25 12:28:52,09/25 12:28,500108074,YouBike2.0_康寧公園(北側),內湖區,0,22,2,20,25.06927,121.61019
2026-09-25 12:28:52,09/25 12:28,500108075,YouBike2.0_康寧路三段54巷口,內湖區,1,15,1,11,25.0716,121.60936
2026-09-25 12:28:52,09/25 12:28,500108076,YouBike2.0_行善路25巷口,內湖區,1,21,5,15,25.05707,121.57658
2026-09-25 12:28:52,09/25 12:28,500108077,YouBike2.0_新明路460巷口,內湖區,1,22,10,12,25.05503,121.57823
2026-09-25 12:28:52,09/25 12:28,500108078,YouBike2.0_下灣公園,內湖區,1,30,10,18,25.06516,121.59561
2026-09-25 12:28:52,09/25 12:28,500108079,YouBike2.0_民權東路六段245巷口,內湖區,1,17,8,9,25.06708,121.60059
2026-09-25 12:28:52,09/25 12:28,500108081,YouBike2.0_東湖國小,內湖區,1,31,11,19,25.06854,121.61532
2026-09-25 12:28:52,09/25 12:28,500108082,YouBike2.0_捷運內湖站(1號出口),內湖區,1,28,21,6,25.08373,121.59406
2026-09-25 12:28:52,09/25 12:28,500108083,YouBike2.0_瑞光港墘路口,內湖區,1,30,11,19,25.07611,121.57487
2026-09-25 12:28:52,09/25 12:28,500108084,YouBike2.0_瑞湖陽光街口,內湖區,1,34,27,6,25.07296,121.57603
2026-09-25 12:28:52,09/25 12:28,500108085,YouBike2.0_金龍公園,內湖區,1,15,4,11,25.08554,121.59076
2026-09-25 12:28:52,09/25 12:28,500108086,YouBike2.0_星雲街138巷1弄口,內湖區,1,21,15,5,25.07943,121.59544
2026-09-25 12:28:52,09/25 12:28,500108087,YouBike2.0_東湖一號公園,內湖區,1,18,4,13,25.07567,121.6118
2026-09-25 12:28:52,09/25 12:28,500108088,YouBike2.0_東湖二號公園,內湖區,1,25,10,14,25.07415,121.61075
2026-09-25 12:28:52,09/25 12:28,500108089,YouBike2.0_康湖二號公園(康寧醫院),內湖區,1,25,10,15,25.07514,121.60857
2026-09-25 12:28:52,09/25 12:28,500108090,YouBike2.0_堤頂大道新湖一路口,內湖區,1,20,13,7,25.05892,121.57354
2026-09-25 12:28:52,09/25 12:28,500108091,YouBike2.0_下灣公園(成功路),內湖區,1,16,3,13,25.06682,121.5907
2026-09-25 12:28:52,09/25 12:28,500108092,YouBike2.0_舊宗行善路口,內湖區,1,22,1,21,25.05876,121.58062
2026-09-25 12:28:52,09/25 12:28,500108093,YouBike2.0_新湖二路250巷口,內湖區,1,20,7,13,25.06455,121.58262
2026-09-25 12:28:52,09/25 12:28,500108094,YouBike2.0_成功路四段41巷口,內湖區,1,15,12,1,25.08105,121.59205
2026-09-25 12:28:52,09/25 12:28,500108095,YouBike2.0_金湖星雲街口,內湖區,1,30,1,28,25.08151,121.59764
2026-09-25 12:28:52,09/25 12:28,500108096,YouBike2.0_國防醫學院,內湖區,1,25,0,25,25.06851,121.59559
2026-09-25 12:28:52,09/25 12:28,500108097,YouBike2.0_民權東路六段190巷117弄口,內湖區,1,25,10,14,25.06434,121.59399
2026-09-25 12:28:52,09/25 12:28,500108098,YouBike2.0_內湖運動中心,內湖區,1,21,1,20,25.07848,121.57493
2026-09-25 12:28:52,09/25 12:28,500108099,YouBike2.0_九華公園,內湖區,1,25,3,21,25.08844,121.56122
2026-09-25 12:28:52,09/25 12:28,500108100,YouBike2.0_內湖路二段179巷口,內湖區,1,22,11,11,25.08454,121.584
2026-09-25 12:28:52,09/25 12:28,500108102,YouBike2.0_行善行愛路口,內湖區,1,12,5,5,25.0606,121.58286
2026-09-25 12:28:52,09/25 12:28,500108103,YouBike2.0_民善新湖二路口(家樂福內湖店),內湖區,1,23,22,1,25.06017,121.57552
2026-09-25 12:28:52,09/25 12:28,500108104,YouBike2.0_統振大樓,內湖區,1,25,3,22,25.06007,121.60138
2026-09-25 12:28:52,09/25 12:28,500108105,YouBike2.0_陽光街161巷口,內湖區,1,16,0,15,25.07433,121.58584
2026-09-25 12:28:52,09/25 12:28,500108106,YouBike2.0_潭美公園(南京東路六段368巷),內湖區,1,25,1,23,25.05928,121.58617
2026-09-25 12:28:52,09/25 12:28,500108107,YouBike2.0_西康二號公園,內湖區,1,21,0,20,25.08503,121.5637
2026-09-25 12:28:52,09/25 12:28,500108108,YouBike2.0_三民國中(民權東路六段47巷),內湖區,1,13,6,7,25.06935,121.58692
2026-09-25 12:28:52,09/25 12:28,500108109,YouBike2.0_瑞光路76巷口,內湖區,1,12,0,11,25.07168,121.58125
2026-09-25 12:28:52,09/25 12:28,500108110,YouBike2.0_捷運東湖站,內湖區,1,62,7,54,25.06664,121.61351
2026-09-25 12:28:52,09/25 12:28,500108111,YouBike2.0_新湖國小,內湖區,1,23,3,20,25.06874,121.58923
2026-09-25 12:28:52,09/25 12:28,500108112,YouBike2.0_碧山內湖路口,內湖區,1,16,7,9,25.08627,121.5914
2026-09-25 12:28:52,09/25 12:28,500108115,YouBike2.0_民權東路六段413巷,內湖區,1,25,19,6,25.07038,121.60352
2026-09-25 12:28:52,09/25 12:28,500108116,YouBike2.0_宏匯瑞光廣場(瑞光路),內湖區,1,16,9,7,25.07676,121.57433
2026-09-25 12:28:52,09/25 12:28,500108117,YouBike2.0_宏匯瑞光廣場(港墘路),內湖區,1,20,1,18,25.07777,121.57562
2026-09-25 12:28:52,09/25 12:28,500108118,YouBike2.0_康樂街151巷,內湖區,1,24,8,15,25.07192,121.61955
2026-09-25 12:28:52,09/25 12:28,500108119,YouBike2.0_內湖路一段360巷,內湖區,1,15,7,7,25.0812,121.57067
2026-09-25 12:28:52,09/25 12:28,500108120,YouBike2.0_成功路三段83號前,內湖區,1,17,4,13,25.07823,121.5898
2026-09-25 12:28:52,09/25 12:28,500108121,YouBike2.0_內湖路一段47巷,內湖區,1,22,2,20,25.08781,121.55872
2026-09-25 12:28:52,09/25 12:28,500108122,YouBike2.0_陽光舊宗路口,內湖區,1,20,3,17,25.07243,121.57416
2026-09-25 12:28:52,09/25 12:28,500108123,YouBike2.0_安湖公園,內湖區,1,15,8,7,25.07392,121.61545
2026-09-25 12:28:52,09/25 12:28,500108124,YouBike2.0_湖興公園,內湖區,1,16,4,12,25.06671,121.58913
2026-09-25 12:28:52,09/25 12:28,500108125,YouBike2.0_安泰公園,內湖區,1,15,10,4,25.07391,121.61869
2026-09-25 12:28:52,09/25 12:28,500108126,YouBike2.0_安泰街(康樂橋下),內湖區,1,21,2,19,25.07849,121.61666
2026-09-25 12:28:52,09/25 12:28,500108127,YouBike2.0_康樂綠地,內湖區,1,20,8,11,25.07539,121.6203
2026-09-25 12:28:52,09/25 12:28,500108128,YouBike2.0_捷運港墘站(1號出口),內湖區,1,23,5,16,25.08004,121.57568
2026-09-25 12:28:52,09/25 12:28,500108129,YouBike2.0_明美公園(行善路333巷),內湖區,1,30,2,27,25.06058,121.5866
2026-09-25 12:28:52,09/25 12:28,500108131,YouBike2.0_舊宗新湖三路口,內湖區,1,25,19,6,25.06321,121.57681
2026-09-25 12:28:52,09/25 12:28,500108132,YouBike2.0_內湖運動公園,內湖區,1,25,3,21,25.06745,121.57513
2026-09-25 12:28:52,09/25 12:28,500108133,YouBike2.0_內湖路三段326巷口,內湖區,1,20,10,9,25.08968,121.58352
2026-09-25 12:28:52,09/25 12:28,500108134,YouBike2.0_成功公園,內湖區,1,11,7,3,25.08416,121.59665
2026-09-25 12:28:52,09/25 12:28,500108135,YouBike2.0_康寧路三段189巷93弄口,內湖區,1,25,11,12,25.0735,121.61258
2026-09-25 12:28:52,09/25 12:28,500108136,YouBike2.0_中國醫藥大學附設醫院臺北分院,內湖區,1,16,12,3,25.08227,121.5909
2026-09-25 12:28:52,09/25 12:28,500108137,YouBike2.0_康樂抽水站,內湖區,1,25,4,20,25.06643,121.61732
2026-09-25 12:28:52,09/25 12:28,500108138,YouBike2.0_環山路三段16巷口,內湖區,1,21,10,11,25.08464,121.57945
2026-09-25 12:28:52,09/25 12:28,500108139,YouBike2.0_文德一號綠地,內湖區,1,15,8,7,25.0786,121.58302
2026-09-25 12:28:52,09/25 12:28,500108140,YouBike2.0_臺北花市,內湖區,1,33,25,7,25.06265,121.57427
2026-09-25 12:28:52,09/25 12:28,500108141,YouBike2.0_行善社會住宅,內湖區,1,23,0,23,25.06126,121.58201
2026-09-25 12:28:52,09/25 12:28,500108142,YouBike2.0_康寧路三段99巷17弄口,內湖區,1,18,4,14,25.0721,121.60991
2026-09-25 12:28:52,09/25 12:28,500108143,YouBike2.0_堤頂大道二段407巷口,內湖區,1,15,2,13,25.08019,121.56316
2026-09-25 12:28:52,09/25 12:28,500108144,YouBike2.0_海德堡科技大樓,內湖區,1,12,2,10,25.08156,121.56227
2026-09-25 12:28:52,09/25 12:28,500108145,YouBike2.0_致伸科技大樓,內湖區,1,17,5,12,25.08067,121.5656
2026-09-25 12:28:52,09/25 12:28,500108146,YouBike2.0_內湖路一段288巷口,內湖區,1,20,20,0,25.08202,121.56861
2026-09-25 12:28:52,09/25 12:28,500108147,YouBike2.0_大都會客運內湖站,內湖區,1,25,13,9,25.06749,121.57784
2026-09-25 12:28:52,09/25 12:28,500108148,YouBike2.0_瑞湖公園,內湖區,1,15,6,9,25.06888,121.57711
2026-09-25 12:28:52,09/25 12:28,500108150,YouBike2.0_台灣世曦大樓,內湖區,1,16,2,14,25.07345,121.57848
2026-09-25 12:28:52,09/25 12:28,500108151,YouBike2.0_遠雄時代總部,內湖區,1,14,5,7,25.07821,121.57103
2026-09-25 12:28:52,09/25 12:28,500108152,YouBike2.0_瑞光路358巷口,內湖區,1,14,5,8,25.07733,121.5727
2026-09-25 12:28:52,09/25 12:28,500108153,YouBike2.0_大港墘公園(洲子街),內湖區,1,18,4,14,25.07897,121.5737
2026-09-25 12:28:52,09/25 12:28,500108154,YouBike2.0_世紀經貿,內湖區,1,16,6,10,25.08049,121.57361
2026-09-25 12:28:52,09/25 12:28,500108156,YouBike2.0_民權東路六段56巷口,內湖區,1,25,13,12,25.06805,121.58488
2026-09-25 12:28:52,09/25 12:28,500108157,YouBike2.0_新湖三行忠路72巷口,內湖區,1,18,3,15,25.06605,121.58206
2026-09-25 12:28:52,09/25 12:28,500108158,YouBike2.0_新湖三新湖二146巷口,內湖區,1,25,13,12,25.06407,121.57787
2026-09-25 12:28:52,09/25 12:28,500108159,YouBike2.0_舊宗新湖二路口,內湖區,1,25,9,15,25.06151,121.57811
2026-09-25 12:28:52,09/25 12:28,500108160,YouBike2.0_新光基湖大樓,內湖區,1,19,2,17,25.08152,121.56489
2026-09-25 12:28:52,09/25 12:28,500108161,YouBike2.0_內湖路一段120巷15弄,內湖區,1,32,2,30,25.08203,121.56298
2026-09-25 12:28:52,09/25 12:28,500108162,YouBike2.0_北勢湖環保公園(堤頂大道側),內湖區,1,21,13,7,25.08318,121.56154
2026-09-25 12:28:52,09/25 12:28,500108164,YouBike2.0_達爾文大樓,內湖區,1,15,3,12,25.07941,121.57277
2026-09-25 12:28:52,09/25 12:28,500108165,YouBike2.0_東湖四號公園,內湖區,1,28,4,20,25.07074,121.61803
2026-09-25 12:28:52,09/25 12:28,500108166,YouBike2.0_加瑪科技中心,內湖區,1,13,4,7,25.08035,121.5705
2026-09-25 12:28:52,09/25 12:28,500108167,YouBike2.0_福壽公園,內湖區,1,14,2,12,25.07983,121.59625
2026-09-25 12:28:52,09/25 12:28,500108168,YouBike2.0_捷運西湖站(1號出口)內湖路側,內湖區,1,20,19,1,25.08227,121.56709
2026-09-25 12:28:52,09/25 12:28,500108169,YouBike2.0_威剛科技總部,內湖區,1,52,3,48,25.06153,121.60033
2026-09-25 12:28:52,09/25 12:28,500108170,YouBike2.0_太陽科技廣場,內湖區,1,15,3,11,25.08514,121.56161
2026-09-25 12:28:52,09/25 12:28,500108171,YouBike2.0_瑞光路316巷,內湖區,1,20,3,17,25.07567,121.57341
2026-09-25 12:28:52,09/25 12:28,500108172,YouBike2.0_文德路220巷口,內湖區,1,20,2,18,25.07862,121.58796
2026-09-25 12:28:52,09/25 12:28,500108173,YouBike2.0_長壽抽水站,內湖區,1,20,4,16,25.06099,121.59662
2026-09-25 12:28:52,09/25 12:28,500108174,YouBike2.0_捷運葫洲站(2號出口),內湖區,1,20,9,11,25.07264,121.60692
2026-09-25 12:28:52,09/25 12:28,500108175,YouBike2.0_五分埤,內湖區,1,16,6,10,25.07595,121.62257
2026-09-25 12:28:52,09/25 12:28,500108176,YouBike2.0_環山路三段1巷(麗山高中),內湖區,1,18,7,11,25.08438,121.57876
2026-09-25 12:28:52,09/25 12:28,500108177,YouBike2.0_潭美公園(南京東路六段482號),內湖區,1,29,1,28,25.06092,121.58898
2026-09-25 12:28:52,09/25 12:28,500108178,YouBike2.0_美善公園,內湖區,1,22,5,17,25.05703,121.57861
2026-09-25 12:28:52,09/25 12:28,500108179,YouBike2.0_潭美公園(新明路298巷),內湖區,1,26,6,20,25.05698,121.58173
2026-09-25 12:28:52,09/25 12:28,500108181,YouBike2.0_麗山國小(內湖路一段411巷),內湖區,1,22,13,8,25.08389,121.57189
2026-09-25 12:28:52,09/25 12:28,500108182,YouBike2.0_行善路417巷,內湖區,1,26,4,22,25.06468,121.58654
2026-09-25 12:28:52,09/25 12:28,500108183,YouBike2.0_明湖國小(康寧路三段165巷23弄),內湖區,1,26,6,19,25.07165,121.61177
2026-09-25 12:28:52,09/25 12:28,500108184,YouBike2.0_康寧路三段70巷153號,內湖區,1,20,7,13,25.06658,121.60803
2026-09-25 12:28:52,09/25 12:28,500108185,YouBike2.0_東湖立體停車場,內湖區,1,15,9,5,25.0692,121.6122
2026-09-25 12:28:52,09/25 12:28,500108186,YouBike2.0_明美公園(南京東路六段451巷口),內湖區,1,30,2,27,25.06082,121.58757
2026-09-25 12:28:52,09/25 12:28,500108187,YouBike2.0_文德路66巷14弄,內湖區,1,18,2,16,25.07712,121.58096
2026-09-25 12:28:52,09/25 12:28,500108188,YouBike2.0_捷運東湖站(3號出口),內湖區,1,30,18,12,25.06701,121.61194
2026-09-25 12:28:52,09/25 12:28,500108189,YouBike2.0_捷運大湖公園站(1號出口),內湖區,1,24,14,9,25.08383,121.60253
2026-09-25 12:28:52,09/25 12:28,500108190,YouBike2.0_內湖路一段1巷口,內湖區,1,20,9,11,25.08533,121.558
2026-09-25 12:28:52,09/25 12:28,500108191,YouBike2.0_環山路一段136巷口,內湖區,1,42,5,37,25.08645,121.56928
2026-09-25 12:28:52,09/25 12:28,500108192,YouBike2.0_上灣公園,內湖區,1,25,15,10,25.06572,121.59778
2026-09-25 12:28:52,09/25 12:28,500108193,YouBike2.0_湖興公園(成功路),內湖區,1,21,4,16,25.06703,121.59048
2026-09-25 12:28:52,09/25 12:28,500108194,YouBike2.0_文德三號公園(文德路),內湖區,1,21,0,21,25.07834,121.58076
2026-09-25 12:28:52,09/25 12:28,500108195,YouBike2.0_康寧路一段218巷2弄口,內湖區,1,18,12,6,25.07837,121.59652
2026-09-25 12:28:52,09/25 12:28,500108196,YouBike2.0_星雲街210巷口,內湖區,1,16,7,9,25.07966,121.59793
2026-09-25 12:28:52,09/25 12:28,500108197,YouBike2.0_成功路二段406巷口,內湖區,1,20,3,17,25.07077,121.59
2026-09-25 12:28:52,09/25 12:28,500108199,YouBike2.0_捷運東湖站(2號出口),內湖區,1,20,15,4,25.06769,121.61163
2026-09-25 12:28:52,09/25 12:28,500108200,YouBike2.0_民權東路六段280巷155弄口,內湖區,1,21,4,17,25.06865,121.60884
2026-09-25 12:28:52,09/25 12:28,500108201,YouBike2.0_將軍嶺,內湖區,1,23,4,19,25.07457,121.5901
2026-09-25 12:28:52,09/25 12:28,500108202,YouBike2.0_文湖街21巷82弄口,內湖區,1,21,5,16,25.08899,121.56036
2026-09-25 12:28:52,09/25 12:28,500108203,YouBike2.0_西湖公園(內湖路一段387巷),內湖區,1,25,9,15,25.08409,121.57066
2026-09-25 12:28:52,09/25 12:28,500108204,YouBike2.0_國立臺灣戲曲學院(內湖校區),內湖區,1,28,3,25,25.08107,121.58609
2026-09-25 12:28:52,09/25 12:28,500108205,YouBike2.0_內湖路一段285巷65弄,內湖區,1,19,3,16,25.08443,121.56912
2026-09-25 12:28:52,09/25 12:28,500108206,YouBike2.0_西湖國中,內湖區,1,18,7,11,25.08466,121.56577
2026-09-25 12:28:52,09/25 12:28,500108207,YouBike2.0_成美疏散門,內湖區,1,22,1,20,25.05734,121.58804
2026-09-25 12:28:52,09/25 12:28,500108208,YouBike2.0_大湖國小(大湖山莊街173巷口),內湖區,1,19,4,15,25.0878,121.60124
2026-09-25 12:28:52,09/25 12:28,500108209,YouBike2.0_成功路五段450巷口,內湖區,1,17,2,15,25.07468,121.60693
2026-09-25 12:28:52,09/25 12:28,500108211,YouBike2.0_金湖路401巷,內湖區,1,22,8,14,25.07255,121.60376
2026-09-25 12:28:52,09/25 12:28,500108212,YouBike2.0_內湖國小(內湖路一段737巷51弄),內湖區,1,31,17,12,25.08027,121.57984
2026-09-25 12:28:52,09/25 12:28,500108213,YouBike2.0_黃石公廟,內湖區,1,21,10,11,25.07726,121.60709
2026-09-25 12:28:52,09/25 12:28,500108214,YouBike2.0_內湖路一段737巷/麗山街口,內湖區,1,22,4,17,25.08294,121.5792
2026-09-25 12:28:52,09/25 12:28,500108215,YouBike2.0_行愛路78巷,內湖區,1,21,8,13,25.06198,121.58029
2026-09-25 12:28:52,09/25 12:28,500108216,YouBike2.0_港墘路1巷口,內湖區,1,16,4,12,25.08336,121.57829
2026-09-25 12:28:52,09/25 12:28,500108217,YouBike2.0_民權東路六段280巷69弄,內湖區,1,19,12,7,25.06889,121.60737
2026-09-25 12:28:52,09/25 12:28,500108218,YouBike2.0_瑞光路548巷,內湖區,1,27,6,20,25.07843,121.56679
2026-09-25 12:28:52,09/25 12:28,500108219,YouBike2.0_內湖國小(內湖路二段76巷),內湖區,1,14,4,10,25.07926,121.58096
2026-09-25 12:28:52,09/25 12:28,500108220,YouBike2.0_三民國中(民權東路),內湖區,1,24,6,18,25.069,121.58493
2026-09-25 12:28:52,09/25 12:28,500108221,YouBike2.0_內湖大坑公園,內湖區,1,21,10,11,25.06887,121.59842
2026-09-25 12:28:52,09/25 12:28,500108222,YouBike2.0_金湖康寧路口(白鷺鷥山登山步道),內湖區,1,15,1,13,25.07535,121.60132
2026-09-25 12:28:52,09/25 12:28,500108223,YouBike2.0_成功路四段61巷35弄口,內湖區,1,16,4,12,25.08036,121.59361
2026-09-25 12:28:52,09/25 12:28,500108224,YouBike2.0_成美抽水站,內湖區,1,25,3,21,25.05532,121.58354
2026-09-25 12:28:52,09/25 12:28,500108225,YouBike2.0_文湖公園,內湖區,1,16,4,11,25.08748,121.5613
2026-09-25 12:28:52,09/25 12:28,500108226,YouBike2.0_成功路二段/石潭路(西南側),內湖區,1,45,2,42,25.06315,121.5906
2026-09-25 12:28:52,09/25 12:28,500108227,YouBike2.0_華城橋(東湖),內湖區,1,18,9,7,25.06899,121.61948
2026-09-25 12:28:52,09/25 12:28,500108228,YouBike2.0_成功路二段115巷口(國道一號),內湖區,1,35,9,26,25.06468,121.59106
2026-09-25 12:28:52,09/25 12:28,500108229,YouBike2.0_康寧路三段56巷198號,內湖區,1,16,2,13,25.06733,121.6072
2026-09-25 12:28:52,09/25 12:28,500108230,YouBike2.0_內湖路一段715巷口,內湖區,1,15,0,14,25.07992,121.57736
2026-09-25 12:28:52,09/25 12:28,500108231,YouBike2.0_成功路三段187巷口,內湖區,1,17,5,11,25.08021,121.59052
2026-09-25 12:28:52,09/25 12:28,500108233,YouBike2.0_江南街41巷3弄,內湖區,1,20,9,11,25.07736,121.57816
2026-09-25 12:28:52,09/25 12:28,500108234,YouBike2.0_民權東路六段280巷45弄口,內湖區,1,13,6,6,25.07096,121.60669
2026-09-25 12:28:52,09/25 12:28,500108235,YouBike2.0_成功路三段12巷口,內湖區,1,18,8,9,25.07579,121.59009
2026-09-25 12:28:52,09/25 12:28,500108236,YouBike2.0_民權東路六段191巷口,內湖區,1,22,12,8,25.07289,121.59949
2026-09-25 12:28:52,09/25 12:28,500108237,YouBike2.0_石潭公園(安康路)南側,內湖區,1,41,8,33,25.06148,121.59257
2026-09-25 12:28:52,09/25 12:28,500108238,YouBike2.0_金豐金莊路口,內湖區,1,18,4,13,25.0656,121.58703
2026-09-25 12:28:52,09/25 12:28,500108239,YouBike2.0_康寧路三段99巷,內湖區,1,15,2,10,25.07286,121.61076
2026-09-25 12:28:52,09/25 12:28,500108240,YouBike2.0_康寧安康路口(國道一號),內湖區,1,21,8,12,25.06531,121.61102
2026-09-25 12:28:52,09/25 12:28,500108241,YouBike2.0_捷運文德站(1號出口),內湖區,1,26,2,23,25.07868,121.58587
2026-09-25 12:28:52,09/25 12:28,500108242,YouBike2.0_港華6號公園,內湖區,1,15,2,13,25.0843,121.57447
2026-09-25 12:28:52,09/25 12:28,500108243,YouBike2.0_港墘路26巷,內湖區,1,15,5,10,25.0829,121.57744
2026-09-25 12:28:52,09/25 12:28,500109001,YouBike2.0_承德路七段304巷口,北投區,1,24,1,23,25.1168,121.5048
2026-09-25 12:28:52,09/25 12:28,500109002,YouBike2.0_洲美運動公園,北投區,1,25,1,23,25.10981,121.49886
2026-09-25 12:28:52,09/25 12:28,500109003,YouBike2.0_榮華二明德路口,北投區,1,30,2,28,25.11357,121.52255
2026-09-25 12:28:52,09/25 12:28,500109004,YouBike2.0_捷運明德站(1號出口),北投區,1,23,5,17,25.10896,121.51936
2026-09-25 12:28:52,09/25 12:28,500109005,YouBike2.0_文林建民路口,北投區,1,36,23,12,25.10788,121.51457
2026-09-25 12:28:52,09/25 12:28,500109006,YouBike2.0_永欣綠地,北投區,1,37,35,2,25.12416,121.52607
2026-09-25 12:28:52,09/25 12:28,500109007,YouBike2.0_關渡宮,北投區,1,62,25,30,25.11739,121.46288
2026-09-25 12:28:52,09/25 12:28,500109008,YouBike2.0_關渡自然公園,北投區,1,35,23,11,25.11884,121.46912
2026-09-25 12:28:52,09/25 12:28,500109009,YouBike2.0_關渡醫院,北投區,1,14,2,12,25.1203,121.4665
2026-09-25 12:28:52,09/25 12:28,500109010,YouBike2.0_捷運忠義站(1號出口),北投區,1,42,21,21,25.13149,121.47365
2026-09-25 12:28:52,09/25 12:28,500109011,YouBike2.0_捷運關渡站(1號出口),北投區,1,99,49,50,25.12397,121.46712
2026-09-25 12:28:52,09/25 12:28,500109012,YouBike2.0_捷運關渡站(2號出口),北投區,1,22,7,15,25.12618,121.46737
2026-09-25 12:28:52,09/25 12:28,500109013,YouBike2.0_中央北路四段540巷口,北投區,1,31,19,12,25.12796,121.46782
2026-09-25 12:28:52,09/25 12:28,500109014,YouBike2.0_大度立德路口,北投區,1,24,4,20,25.1231,121.47092
2026-09-25 12:28:52,09/25 12:28,500109015,YouBike2.0_捷運復興崗站(1號出口),北投區,1,45,8,37,25.1378,121.4863
2026-09-25 12:28:52,09/25 12:28,500109016,YouBike2.0_捷運復興崗站旅客服務中心,北投區,1,15,4,11,25.13666,121.48159
2026-09-25 12:28:52,09/25 12:28,500109017,YouBike2.0_豐年公園,北投區,1,29,11,18,25.13475,121.49613
2026-09-25 12:28:52,09/25 12:28,500109018,YouBike2.0_稻香重三路口,北投區,1,15,6,9,25.13997,121.48967
2026-09-25 12:28:52,09/25 12:28,500109019,YouBike2.0_國防大學政治作戰學院,北投區,1,45,6,39,25.13776,121.49345
2026-09-25 12:28:52,09/25 12:28,500109020,YouBike2.0_秀山區民活動中心,北投區,1,36,31,5,25.14582,121.49303
2026-09-25 12:28:52,09/25 12:28,500109022,YouBike2.0_大業大同街口,北投區,1,42,19,23,25.13691,121.49987
2026-09-25 12:28:52,09/25 12:28,500109023,YouBike2.0_捷運新北投站,北投區,1,58,39,18,25.13733,121.50339
2026-09-25 12:28:52,09/25 12:28,500109024,YouBike2.0_捷運北投站,北投區,1,30,7,23,25.13187,121.499
2026-09-25 12:28:52,09/25 12:28,500109025,YouBike2.0_捷運奇岩站(三合街),北投區,1,40,22,18,25.12634,121.50099
2026-09-25 12:28:52,09/25 12:28,500109026,YouBike2.0_八仙里辦公處,北投區,0,25,0,0,25.12297,121.50158
2026-09-25 12:28:52,09/25 12:28,500109027,YouBike2.0_清江國小,北投區,1,58,38,19,25.12725,121.50676
2026-09-25 12:28:52,09/25 12:28,500109028,YouBike2.0_大業路300巷口,北投區,1,20,3,17,25.12814,121.49782
2026-09-25 12:28:52,09/25 12:28,500109029,YouBike2.0_立農公園,北投區,1,21,15,6,25.11798,121.50342
2026-09-25 12:28:52,09/25 12:28,500109030,YouBike2.0_北投奇岩長青樂活大樓,北投區,1,25,7,18,25.12666,121.50373
2026-09-25 12:28:52,09/25 12:28,500109031,YouBike2.0_捷運唭哩岸站(2號出口),北投區,1,48,11,36,25.12087,121.50523
2026-09-25 12:28:52,09/25 12:28,500109032,YouBike2.0_北投運動中心,北投區,1,89,55,32,25.11666,121.50962
2026-09-25 12:28:52,09/25 12:28,500109033,YouBike2.0_陽明大學,北投區,1,56,19,37,25.11912,121.51223
2026-09-25 12:28:52,09/25 12:28,500109034,YouBike2.0_捷運石牌站(2號出口),北投區,1,62,31,31,25.11451,121.51567
2026-09-25 12:28:52,09/25 12:28,500109035,YouBike2.0_台北護理大學,北投區,1,42,3,39,25.11752,121.51662
2026-09-25 12:28:52,09/25 12:28,500109036,YouBike2.0_捷運石牌站(1號出口),北投區,1,33,21,8,25.11542,121.51469
2026-09-25 12:28:52,09/25 12:28,500109037,YouBike2.0_振興醫院,北投區,1,36,14,22,25.11753,121.52186
2026-09-25 12:28:52,09/25 12:28,500109039,YouBike2.0_石牌國小,北投區,1,26,15,10,25.1144,121.51307
2026-09-25 12:28:52,09/25 12:28,500109040,YouBike2.0_振興公園,北投區,1,25,6,19,25.11865,121.5235
2026-09-25 12:28:52,09/25 12:28,500109041,YouBike2.0_立農國小,北投區,1,25,16,8,25.11978,121.50422
2026-09-25 12:28:52,09/25 12:28,500109042,YouBike2.0_承德路七段280巷口,北投區,1,22,13,7,25.11587,121.50576
2026-09-25 12:28:52,09/25 12:28,500109043,YouBike2.0_致遠一路二段11巷,北投區,1,22,19,2,25.11093,121.51382
2026-09-25 12:28:52,09/25 12:28,500109044,YouBike2.0_榮富公園,北投區,1,13,2,11,25.1137,121.52437
2026-09-25 12:28:52,09/25 12:28,500109045,YouBike2.0_中正高中,北投區,1,31,9,22,25.10467,121.51654
2026-09-25 12:28:52,09/25 12:28,500109046,YouBike2.0_立功立德路口,北投區,1,41,14,25,25.12501,121.47158
2026-09-25 12:28:52,09/25 12:28,500109047,YouBike2.0_桃源國中,北投區,1,49,10,39,25.13485,121.47769
2026-09-25 12:28:52,09/25 12:28,500109048,YouBike2.0_陽明交大圖書館,北投區,1,37,2,33,25.12081,121.51352
2026-09-25 12:28:52,09/25 12:28,500109049,YouBike2.0_捷運新北投站(2號出口),北投區,1,24,8,16,25.13675,121.50224
2026-09-25 12:28:52,09/25 12:28,500109050,YouBike2.0_復興公園,北投區,1,28,7,21,25.13872,121.5021
2026-09-25 12:28:52,09/25 12:28,500109051,YouBike2.0_承德石牌路口,北投區,1,17,6,11,25.11272,121.50922
2026-09-25 12:28:52,09/25 12:28,500109052,YouBike2.0_承德路七段188巷口,北投區,1,16,2,14,25.11416,121.50771
2026-09-25 12:28:52,09/25 12:28,500109053,YouBike2.0_捷運明德站(3號出口),北投區,1,48,32,16,25.11,121.51841
2026-09-25 12:28:52,09/25 12:28,500109054,YouBike2.0_大豐公園,北投區,1,48,44,4,25.13102,121.50408
2026-09-25 12:28:52,09/25 12:28,500109055,YouBike2.0_洲美公園,北投區,1,30,21,9,25.10032,121.50599
2026-09-25 12:28:52,09/25 12:28,500109056,YouBike2.0_中和街455巷11弄,北投區,1,25,17,8,25.14319,121.49621
2026-09-25 12:28:52,09/25 12:28,500109057,YouBike2.0_洲美蜆仔港公園,北投區,1,27,16,11,25.10065,121.51107
2026-09-25 12:28:52,09/25 12:28,500109058,YouBike2.0_文化三杏林一路口,北投區,1,17,7,9,25.14058,121.49915
2026-09-25 12:28:52,09/25 12:28,500109059,YouBike2.0_珠海復興一路口,北投區,1,28,17,11,25.14045,121.50446
2026-09-25 12:28:52,09/25 12:28,500109060,YouBike2.0_裕民二路33巷,北投區,1,15,15,0,25.11535,121.51736
2026-09-25 12:28:52,09/25 12:28,500109061,YouBike2.0_新奇岩社會住宅,北投區,1,12,3,9,25.12287,121.5037
2026-09-25 12:28:52,09/25 12:28,500109062,YouBike2.0_泉源公園,北投區,1,20,7,13,25.14193,121.50835
2026-09-25 12:28:52,09/25 12:28,500109063,YouBike2.0_奇岩4號綠地,北投區,1,24,12,11,25.12533,121.50573
2026-09-25 12:28:52,09/25 12:28,500109064,YouBike2.0_臺北健康護理大學(教研大樓),北投區,1,27,17,9,25.11857,121.51846
2026-09-25 12:28:52,09/25 12:28,500109065,YouBike2.0_奇岩一號公園,北投區,1,23,16,6,25.12989,121.50394
2026-09-25 12:28:52,09/25 12:28,500109066,YouBike2.0_福星公園,北投區,1,51,33,18,25.1094,121.51248
2026-09-25 12:28:52,09/25 12:28,500109067,YouBike2.0_中庸公園,北投區,1,27,18,8,25.13774,121.50142
2026-09-25 12:28:52,09/25 12:28,500109068,YouBike2.0_豐年公園_1,北投區,1,33,25,8,25.13529,121.49664
2026-09-25 12:28:52,09/25 12:28,500109070,YouBike2.0_光明溫泉路口,北投區,1,30,16,14,25.13431,121.50226
2026-09-25 12:28:52,09/25 12:28,500109071,YouBike2.0_和信治癌中心醫院,北投區,1,25,10,15,25.12757,121.47207
2026-09-25 12:28:52,09/25 12:28,500109072,YouBike2.0_致遠新村,北投區,1,22,11,11,25.14319,121.49093
2026-09-25 12:28:52,09/25 12:28,500109073,YouBike2.0_北投公園露天溫泉,北投區,1,15,6,8,25.13684,121.50792
2026-09-25 12:28:52,09/25 12:28,500109074,YouBike2.0_中和街493巷9弄口,北投區,1,16,15,1,25.1439,121.49447
2026-09-25 12:28:52,09/25 12:28,500109075,YouBike2.0_捷運北投站(1號出口),北投區,1,58,21,35,25.13258,121.49862
2026-09-25 12:28:52,09/25 12:28,500109076,YouBike2.0_石牌立農街口,北投區,1,29,4,25,25.11879,121.51921
2026-09-25 12:28:52,09/25 12:28,500109077,YouBike2.0_捷運唭哩岸站(1號出口),北投區,1,20,16,3,25.12082,121.50727
2026-09-25 12:28:52,09/25 12:28,500109078,YouBike2.0_大興光明路2巷口,北投區,1,14,8,6,25.13043,121.50017
2026-09-25 12:28:52,09/25 12:28,500109079,YouBike2.0_捷運忠義站(2號出口),北投區,1,33,10,23,25.13076,121.47347
2026-09-25 12:28:52,09/25 12:28,500109080,YouBike2.0_福國承德路口,北投區,1,15,15,0,25.10171,121.51263
2026-09-25 12:28:52,09/25 12:28,500109081,YouBike2.0_捷運北投站(1號出口)(北投路側),北投區,1,40,16,24,25.13201,121.49817
2026-09-25 12:28:52,09/25 12:28,500109082,YouBike2.0_華固創富中心,北投區,1,15,7,8,25.10392,121.51244
2026-09-25 12:28:52,09/25 12:28,500109084,YouBike2.0_崇仰公園(公舘路255巷),北投區,1,20,10,10,25.12595,121.51098
2026-09-25 12:28:52,09/25 12:28,500109085,YouBike2.0_北投文化公園(北側),北投區,1,20,13,7,25.13713,121.49706
2026-09-25 12:28:52,09/25 12:28,500109086,YouBike2.0_中和綠地,北投區,1,30,6,23,25.1419,121.4989
2026-09-25 12:28:52,09/25 12:28,500109087,YouBike2.0_大業路65巷口,北投區,1,25,21,4,25.12307,121.49906
2026-09-25 12:28:52,09/25 12:28,500109088,YouBike2.0_公舘承德路口,北投區,1,25,2,23,25.11969,121.50169
2026-09-25 12:28:52,09/25 12:28,500109089,YouBike2.0_文林北明德路口(東北側),北投區,1,15,2,12,25.10576,121.5173
2026-09-25 12:28:52,09/25 12:28,500109091,YouBike2.0_永興路一段32巷口,北投區,1,20,9,11,25.13905,121.50012
2026-09-25 12:28:52,09/25 12:28,500109092,YouBike2.0_國立陽明交通大學(甲棟),北投區,1,30,2,28,25.11944,121.51453
2026-09-25 12:28:52,09/25 12:28,500109093,YouBike2.0_關渡國中,北投區,1,24,18,4,25.11955,121.46735
2026-09-25 12:28:52,09/25 12:28,500109094,YouBike2.0_立功街55巷口,北投區,1,21,5,16,25.12518,121.46922
2026-09-25 12:28:52,09/25 12:28,500109095,YouBike2.0_承德路七段401巷(洲美橋下),北投區,1,25,1,23,25.11483,121.49934
2026-09-25 12:28:52,09/25 12:28,500109096,YouBike2.0_大業路(農禪寺),北投區,1,16,7,9,25.12231,121.49964
2026-09-25 12:28:52,09/25 12:28,500109097,YouBike2.0_中國電影製片廠,北投區,1,15,3,12,25.13843,121.48802
2026-09-25 12:28:52,09/25 12:28,500109098,YouBike2.0_北投新興公園,北投區,1,15,14,1,25.13997,121.48711
2026-09-25 12:28:52,09/25 12:28,500109099,YouBike2.0_捷運石牌站(2號出口)(西安街一段),北投區,1,23,22,1,25.11332,121.51615
2026-09-25 12:28:52,09/25 12:28,500109100,YouBike2.0_華碩立功大樓,北投區,1,15,4,11,25.12771,121.47071
2026-09-25 12:28:52,09/25 12:28,500109101,YouBike2.0_關渡碼頭,北投區,1,99,1,96,25.12066,121.46228
2026-09-25 12:28:52,09/25 12:28,500109102,YouBike2.0_珠海路(48號公園),北投區,1,21,4,17,25.14262,121.51218
2026-09-25 12:28:52,09/25 12:28,500109103,YouBike2.0_承德文林北路口(西側),北投區,1,16,11,5,25.11032,121.51097
2026-09-25 12:28:52,09/25 12:28,500109104,YouBike2.0_石牌路二段324巷口,北投區,1,15,2,13,25.12164,121.52404
2026-09-25 12:28:52,09/25 12:28,500109105,YouBike2.0_北投文化公園(中央北路),北投區,1,16,2,14,25.13632,121.49686
2026-09-25 12:28:52,09/25 12:28,500109106,YouBike2.0_泉源路23巷口,北投區,1,25,21,3,25.13939,121.50571
2026-09-25 12:28:52,09/25 12:28,500109107,YouBike2.0_大業路667巷口,北投區,1,23,5,17,25.13709,121.4996
2026-09-25 12:28:52,09/25 12:28,500109108,YouBike2.0_幼華中學(大業路),北投區,1,18,11,7,25.13372,121.49602
2026-09-25 12:28:52,09/25 12:28,500109109,YouBike2.0_溫泉路68巷6弄口,北投區,1,19,13,6,25.13401,121.50564
2026-09-25 12:28:52,09/25 12:28,500109110,YouBike2.0_親水公園,北投區,1,20,13,7,25.13761,121.49032
2026-09-25 12:28:52,09/25 12:28,500109111,YouBike2.0_文林橋(文林北路75巷),北投區,1,25,9,16,25.10192,121.51719
2026-09-25 12:28:52,09/25 12:28,500109112,YouBike2.0_榮華公園,北投區,1,26,9,16,25.11138,121.52212
2026-09-25 12:28:52,09/25 12:28,500109113,YouBike2.0_北投市場(民族街口),北投區,1,24,13,7,25.13221,121.50388
2026-09-25 12:28:52,09/25 12:28,500109114,YouBike2.0_奇岩抽水站,北投區,1,26,11,15,25.12386,121.50328
2026-09-25 12:28:52,09/25 12:28,500109115,YouBike2.0_溫泉路81號,北投區,1,20,6,14,25.13543,121.5057
2026-09-25 12:28:52,09/25 12:28,500109116,YouBike2.0_北投公園噴泉,北投區,1,27,10,17,25.13687,121.5048
2026-09-25 12:28:52,09/25 12:28,500109117,YouBike2.0_振華公園,北投區,1,23,10,12,25.11574,121.51854
2026-09-25 12:28:52,09/25 12:28,500109118,YouBike2.0_三合街一段82巷62弄口,北投區,1,22,15,7,25.12874,121.50409
2026-09-25 12:28:52,09/25 12:28,500109119,YouBike2.0_公舘西安街二段口,北投區,1,25,3,20,25.12157,121.50281
2026-09-25 12:28:52,09/25 12:28,500109120,YouBike2.0_好市多北投店,北投區,1,62,26,36,25.12782,121.46948
2026-09-25 12:28:52,09/25 12:28,500109121,YouBike2.0_薇閣高中,北投區,0,21,0,0,25.13964,121.50388
2026-09-25 12:28:52,09/25 12:28,500109122,YouBike2.0_彰化銀行北投分行,北投區,1,19,7,12,25.13161,121.4971
2026-09-25 12:28:52,09/25 12:28,500109123,YouBike2.0_中央北路一段197巷口,北投區,1,25,13,12,25.13579,121.49749
2026-09-25 12:28:52,09/25 12:28,500109124,YouBike2.0_福星公園地下停車場(出入口B),北投區,1,30,11,19,25.10744,121.51289
2026-09-25 12:28:52,09/25 12:28,500109125,YouBike2.0_民族街36巷口,北投區,1,20,2,16,25.13305,121.50596
2026-09-25 12:28:52,09/25 12:28,500109126,YouBike2.0_承德文承路口,北投區,1,20,10,10,25.10496,121.51178
2026-09-25 12:28:52,09/25 12:28,500109127,YouBike2.0_承平福美路口,北投區,1,18,6,12,25.10026,121.50805
2026-09-25 12:28:52,09/25 12:28,500109128,YouBike2.0_承美福國路口,北投區,1,30,18,12,25.10091,121.50375
2026-09-25 12:28:52,09/25 12:28,500109129,YouBike2.0_北投22號線形公園共融遊戲場,北投區,1,43,15,25,25.1202,121.51039
2026-09-25 12:28:52,09/25 12:28,500109130,YouBike2.0_承德路七段164巷口,北投區,1,18,11,6,25.11344,121.50844
2026-09-25 12:28:52,09/25 12:28,500109132,YouBike2.0_光明路266號前,北投區,1,73,21,51,25.13661,121.51002
2026-09-25 12:28:52,09/25 12:28,500109133,YouBike2.0_中和街493巷1弄口,北投區,1,18,3,15,25.14496,121.49579
2026-09-25 12:28:52,09/25 12:28,500109134,YouBike2.0_共月橋,北投區,1,25,15,9,25.12817,121.50315
2026-09-25 12:28:52,09/25 12:28,500109135,YouBike2.0_東華兒童遊戲賽車場,北投區,1,48,19,27,25.12036,121.50875
2026-09-25 12:28:52,09/25 12:28,500109136,YouBike2.0_懷德建民路口,北投區,1,15,5,9,25.11101,121.51955
2026-09-25 12:28:52,09/25 12:28,500109137,YouBike2.0_懷德55巷停車場,北投區,1,24,15,9,25.11297,121.51952
2026-09-25 12:28:52,09/25 12:28,500109138,YouBike2.0_石牌公園,北投區,1,20,7,12,25.11619,121.51147
2026-09-25 12:28:52,09/25 12:28,500109139,YouBike2.0_復興一路45巷,北投區,1,15,4,11,25.14131,121.50278
2026-09-25 12:28:52,09/25 12:28,500110002,YouBike2.0_捷運松山站(4號出口),松山區,1,19,17,0,25.04987,121.57785
2026-09-25 12:28:52,09/25 12:28,500110003,YouBike2.0_塔悠八德路口,松山區,1,34,9,24,25.05009,121.57202
2026-09-25 12:28:52,09/25 12:28,500110004,YouBike2.0_鵬程公園,松山區,1,24,5,15,25.05503,121.56876
2026-09-25 12:28:52,09/25 12:28,500110005,YouBike2.0_中崙高中,松山區,1,85,4,75,25.04878,121.56087
2026-09-25 12:28:52,09/25 12:28,500110006,YouBike2.0_捷運南京三民站(2號出口),松山區,1,19,13,6,25.05136,121.56283
2026-09-25 12:28:52,09/25 12:28,500110007,YouBike2.0_捷運南京三民站(1號出口),松山區,1,39,37,2,25.05155,121.5636
2026-09-25 12:28:52,09/25 12:28,500110008,YouBike2.0_光復北路11巷口,松山區,1,31,8,22,25.04937,121.558
2026-09-25 12:28:52,09/25 12:28,500110009,YouBike2.0_捷運南京三民站(4號出口),松山區,1,13,11,2,25.05152,121.5646
2026-09-25 12:28:52,09/25 12:28,500110010,YouBike2.0_西松高中,松山區,1,14,2,9,25.05492,121.56701
2026-09-25 12:28:52,09/25 12:28,500110011,YouBike2.0_民權復興路口,松山區,1,45,3,41,25.0622,121.54565
2026-09-25 12:28:52,09/25 12:28,500110012,YouBike2.0_民福三號綠地,松山區,1,20,13,7,25.06374,121.54767
2026-09-25 12:28:52,09/25 12:28,500110013,YouBike2.0_民有一號公園,松山區,1,41,13,27,25.06095,121.54731
2026-09-25 12:28:52,09/25 12:28,500110014,YouBike2.0_民生敦化路口,松山區,1,69,21,47,25.05804,121.54897
2026-09-25 12:28:52,09/25 12:28,500110015,YouBike2.0_松基公園,松山區,1,20,16,3,25.0546,121.54486
2026-09-25 12:28:52,09/25 12:28,500110016,YouBike2.0_三民路166巷口,松山區,1,12,2,9,25.0619,121.56328
2026-09-25 12:28:52,09/25 12:28,500110017,YouBike2.0_民生活動中心,松山區,1,41,7,34,25.05907,121.56305
2026-09-25 12:28:52,09/25 12:28,500110018,YouBike2.0_捷運小巨蛋站(2號出口),松山區,1,26,17,8,25.05157,121.55118
2026-09-25 12:28:52,09/25 12:28,500110019,YouBike2.0_臺北市藝文推廣處,松山區,1,45,11,33,25.04826,121.55235
2026-09-25 12:28:52,09/25 12:28,500110020,YouBike2.0_民生國小(敦化北路199巷),松山區,1,20,2,17,25.05633,121.55286
2026-09-25 12:28:52,09/25 12:28,500110021,YouBike2.0_敦北公園,松山區,1,51,15,35,25.06118,121.55098
2026-09-25 12:28:52,09/25 12:28,500110022,YouBike2.0_民權運動公園,松山區,1,84,17,67,25.062,121.56019
2026-09-25 12:28:52,09/25 12:28,500110023,YouBike2.0_新東公園,松山區,1,51,13,38,25.05925,121.56888
2026-09-25 12:28:52,09/25 12:28,500110024,YouBike2.0_民生光復路口,松山區,1,33,1,31,25.05834,121.55496
2026-09-25 12:28:52,09/25 12:28,500110025,YouBike2.0_三民公園,松山區,1,35,7,25,25.061286751494,121.566678992451
2026-09-25 12:28:52,09/25 12:28,500110026,YouBike2.0_八德路三段74巷口,松山區,1,17,1,16,25.04459,121.55252
2026-09-25 12:28:52,09/25 12:28,500110027,YouBike2.0_八德路三段8巷口,松山區,1,18,3,14,25.04494,121.54953
2026-09-25 12:28:52,09/25 12:28,500110028,YouBike2.0_三軍總醫院(松山分院),松山區,1,43,13,29,25.05419,121.55631
2026-09-25 12:28:52,09/25 12:28,500110029,YouBike2.0_平安新城,松山區,1,18,4,14,25.05528,121.559
2026-09-25 12:28:52,09/25 12:28,500110030,YouBike2.0_健康社會住宅,松山區,1,20,1,18,25.05433,121.56545
2026-09-25 12:28:52,09/25 12:28,500110031,YouBike2.0_民權光復路口(東北側),松山區,1,39,18,19,25.06206,121.55475
2026-09-25 12:28:52,09/25 12:28,500110032,YouBike2.0_市民東興路口,松山區,1,30,9,20,25.0484,121.56586
2026-09-25 12:28:52,09/25 12:28,500110033,YouBike2.0_光復南路22巷口,松山區,1,29,2,26,25.04693,121.55771
2026-09-25 12:28:52,09/25 12:28,500110034,YouBike2.0_光復南路46巷,松山區,1,23,2,20,25.04606,121.55665
2026-09-25 12:28:52,09/25 12:28,500110035,YouBike2.0_松山新城,松山區,1,27,9,18,25.05347,121.55436
2026-09-25 12:28:52,09/25 12:28,500110036,YouBike2.0_國土管理署,松山區,1,39,8,31,25.04769,121.5448
2026-09-25 12:28:52,09/25 12:28,500110037,YouBike2.0_南京光復路口,松山區,1,31,4,24,25.05143,121.55716
2026-09-25 12:28:52,09/25 12:28,500110038,YouBike2.0_民生立體停車場,松山區,1,24,12,12,25.05846,121.55947
2026-09-25 12:28:52,09/25 12:28,500110039,YouBike2.0_健康新城,松山區,1,44,4,36,25.05408,121.56095
2026-09-25 12:28:52,09/25 12:28,500110040,YouBike2.0_健安新城,松山區,1,30,5,23,25.05606,121.56345
2026-09-25 12:28:52,09/25 12:28,500110041,YouBike2.0_復盛公園,松山區,0,37,0,37,25.04763,121.56115
2026-09-25 12:28:52,09/25 12:28,500110042,YouBike2.0_中崙福成宮,松山區,1,27,0,25,25.04524,121.54659
2026-09-25 12:28:52,09/25 12:28,500110043,YouBike2.0_捷運南京復興站(7號出口),松山區,1,15,2,13,25.05278,121.54478
2026-09-25 12:28:52,09/25 12:28,500110044,YouBike2.0_捷運南京復興站(5號出口),松山區,1,68,29,39,25.05168,121.54506
2026-09-25 12:28:52,09/25 12:28,500110045,YouBike2.0_塔悠疏散門,松山區,1,32,12,20,25.0648,121.56788
2026-09-25 12:28:52,09/25 12:28,500110046,YouBike2.0_臺北田徑場,松山區,1,71,13,56,25.04951,121.54941
2026-09-25 12:28:52,09/25 12:28,500110047,YouBike2.0_捷運小巨蛋站(5號出口),松山區,1,22,11,11,25.05176,121.55352
2026-09-25 12:28:52,09/25 12:28,500110048,YouBike2.0_敦化長春路口,松山區,1,34,22,12,25.0536,121.54871
2026-09-25 12:28:52,09/25 12:28,500110049,YouBike2.0_饒河疏散門(基四號疏散門),松山區,1,19,18,0,25.05147,121.57683
2026-09-25 12:28:52,09/25 12:28,500110050,YouBike2.0_捷運松山站(2號出口),松山區,1,14,11,3,25.05013,121.57635
2026-09-25 12:28:52,09/25 12:28,500110051,YouBike2.0_民權東路三段106巷口,松山區,1,22,2,20,25.062,121.54472
2026-09-25 12:28:52,09/25 12:28,500110052,YouBike2.0_南京東路五段59巷口,松山區,1,17,0,17,25.05163,121.55907
2026-09-25 12:28:52,09/25 12:28,500110053,YouBike2.0_三民公園(塔悠路),松山區,1,20,18,2,25.06241,121.56831
2026-09-25 12:28:52,09/25 12:28,500110054,YouBike2.0_寶清公園,松山區,1,23,13,10,25.05198,121.5681
2026-09-25 12:28:52,09/25 12:28,500110055,YouBike2.0_西松公園,松山區,1,11,1,10,25.05406,121.56407
2026-09-25 12:28:52,09/25 12:28,500110056,YouBike2.0_長壽公園,松山區,1,22,16,6,25.05378,121.55893
2026-09-25 12:28:52,09/25 12:28,500110057,YouBike2.0_復源公園,松山區,1,14,0,14,25.04634,121.5542
2026-09-25 12:28:52,09/25 12:28,500110058,YouBike2.0_南京東路四段179巷口,松山區,1,13,8,3,25.05173,121.55609
2026-09-25 12:28:52,09/25 12:28,500110059,YouBike2.0_臺北田徑場(北寧路側),松山區,1,44,4,40,25.04954,121.55261
2026-09-25 12:28:52,09/25 12:28,500110060,YouBike2.0_西松高中(健康路325巷),松山區,1,31,6,25,25.05567,121.56713
2026-09-25 12:28:52,09/25 12:28,500110061,YouBike2.0_南京東興路口,松山區,1,30,20,10,25.05149,121.56535
2026-09-25 12:28:52,09/25 12:28,500110062,YouBike2.0_捷運松山站(3號出口),松山區,1,52,36,15,25.04962,121.57746
2026-09-25 12:28:52,09/25 12:28,500110063,YouBike2.0_介壽國中,松山區,1,43,6,36,25.05722,121.55706
2026-09-25 12:28:52,09/25 12:28,500110064,YouBike2.0_敦化南京路口(東北側),松山區,1,25,25,0,25.05226,121.54926
2026-09-25 12:28:52,09/25 12:28,500110065,YouBike2.0_敦化八德路口,松山區,1,55,4,49,25.04802,121.54864
2026-09-25 12:28:52,09/25 12:28,500110066,YouBike2.0_新東街51巷口,松山區,1,27,9,18,25.0615,121.56332
2026-09-25 12:28:52,09/25 12:28,500110067,YouBike2.0_八德立體停車場,松山區,1,34,12,22,25.04985,121.57189
2026-09-25 12:28:52,09/25 12:28,500110068,YouBike2.0_長春慶城街口,松山區,1,28,8,18,25.05452,121.54636
2026-09-25 12:28:52,09/25 12:28,500110069,YouBike2.0_八德路四段652巷口,松山區,1,20,3,16,25.04942,121.57503
2026-09-25 12:28:52,09/25 12:28,500110070,YouBike2.0_捷運松山站(1號出口),松山區,1,15,14,1,25.05014,121.57692
2026-09-25 12:28:52,09/25 12:28,500110071,YouBike2.0_捷運小巨蛋站(3號出口),松山區,1,28,9,19,25.05152,121.55243
2026-09-25 12:28:52,09/25 12:28,500110072,YouBike2.0_捷運小巨蛋站(5號出口)_1,松山區,1,20,7,13,25.05181,121.5521
2026-09-25 12:28:52,09/25 12:28,500110073,YouBike2.0_敦化北路155巷口,松山區,1,30,25,5,25.0542,121.5491
2026-09-25 12:28:52,09/25 12:28,500110074,YouBike2.0_民生復興路口,松山區,1,30,7,23,25.05764,121.54443
2026-09-25 12:28:52,09/25 12:28,500110076,YouBike2.0_市民延吉街口,松山區,1,30,5,24,25.0444,121.55397
2026-09-25 12:28:52,09/25 12:28,500110077,YouBike2.0_龍城市場,松山區,1,22,1,19,25.05454,121.55417
2026-09-25 12:28:52,09/25 12:28,500110078,YouBike2.0_捷運南京三民站(3號出口),松山區,1,28,22,5,25.05129,121.56426
2026-09-25 12:28:52,09/25 12:28,500110079,YouBike2.0_塔悠基隆路口(麥帥一橋下),松山區,1,20,7,13,25.05139,121.57062
2026-09-25 12:28:52,09/25 12:28,500110080,YouBike2.0_五常街370巷,松山區,1,11,8,3,25.06432,121.54537
2026-09-25 12:28:52,09/25 12:28,500110081,YouBike2.0_延壽街119巷口,松山區,1,15,5,10,25.05708,121.56486
2026-09-25 12:28:52,09/25 12:28,500110082,YouBike2.0_市民東寧路口,松山區,1,23,7,14,25.04742,121.56305
2026-09-25 12:28:52,09/25 12:28,500110083,YouBike2.0_民福簡易綠地,松山區,1,15,9,5,25.06589,121.54529
2026-09-25 12:28:52,09/25 12:28,500110084,YouBike2.0_三民國小(撫遠街),松山區,1,26,8,18,25.06457,121.56458
2026-09-25 12:28:52,09/25 12:28,500110085,YouBike2.0_民生郵局,松山區,1,14,9,5,25.05936,121.56586
2026-09-25 12:28:52,09/25 12:28,500110086,YouBike2.0_民權敦化路口(西北側),松山區,1,24,22,2,25.06185,121.55
2026-09-25 12:28:52,09/25 12:28,500110087,YouBike2.0_寶清八德路口(北側),松山區,1,19,3,16,25.05028,121.56879
2026-09-25 12:28:52,09/25 12:28,500110088,YouBike2.0_民生東路三段140巷口,松山區,1,15,3,12,25.056,121.5467
2026-09-25 12:28:52,09/25 12:28,500110089,YouBike2.0_新東延壽街口,松山區,1,24,1,22,25.05725,121.56608
2026-09-25 12:28:52,09/25 12:28,500110090,YouBike2.0_健康公園,松山區,1,26,13,12,25.05434,121.56878
2026-09-25 12:28:52,09/25 12:28,500110091,YouBike2.0_新中街4巷口,松山區,1,36,1,32,25.05779,121.56167
2026-09-25 12:28:52,09/25 12:28,500110092,YouBike2.0_光復北富錦街口,松山區,1,25,5,19,25.06054,121.55489
2026-09-25 12:28:52,09/25 12:28,500110093,YouBike2.0_松山國小(東北側),松山區,1,24,11,13,25.05141,121.57972
2026-09-25 12:28:52,09/25 12:28,500110094,YouBike2.0_撫遠街403巷,松山區,1,33,19,14,25.06608,121.5658
2026-09-25 12:28:52,09/25 12:28,500110095,YouBike2.0_基六號疏散門,松山區,1,33,4,27,25.06575,121.568
2026-09-25 12:28:52,09/25 12:28,500110096,YouBike2.0_民權三民路口,松山區,1,20,4,16,25.06293,121.56296
2026-09-25 12:28:52,09/25 12:28,500110097,YouBike2.0_民權運動公園(北側),松山區,1,30,6,24,25.06198,121.55711
2026-09-25 12:28:52,09/25 12:28,500110098,YouBike2.0_中崙高中停車場,松山區,1,25,5,19,25.05023,121.56153
2026-09-25 12:28:52,09/25 12:28,500110099,YouBike2.0_光復延壽街口(西北側),松山區,1,23,2,21,25.05677,121.55548
2026-09-25 12:28:52,09/25 12:28,500110100,YouBike2.0_富錦新東街口(西側),松山區,1,13,11,2,25.06108,121.5647
2026-09-25 12:28:52,09/25 12:28,500110101,YouBike2.0_延壽街18巷口,松山區,1,17,2,14,25.05725,121.56843
2026-09-25 12:28:52,09/25 12:28,500110102,YouBike2.0_民生東路四段97巷,松山區,1,26,4,20,25.05864,121.55208
2026-09-25 12:28:52,09/25 12:28,500110103,YouBike2.0_民生東路五段177巷口,松山區,1,19,2,17,25.05913,121.56466
2026-09-25 12:28:52,09/25 12:28,500110104,YouBike2.0_西松高中地下停車場,松山區,1,26,6,20,25.05564,121.56551
2026-09-25 12:28:52,09/25 12:28,500110105,YouBike2.0_民生東路五段69巷,松山區,1,17,12,4,25.05983,121.55809
2026-09-25 12:28:52,09/25 12:28,500110106,YouBike2.0_民生東路五段137巷6弄口,松山區,1,16,8,8,25.06043,121.56142
2026-09-25 12:28:52,09/25 12:28,500110107,YouBike2.0_敦化北慶城街口,松山區,1,37,22,14,25.05714,121.54873
2026-09-25 12:28:52,09/25 12:28,500110108,YouBike2.0_南京東路三段338巷口,松山區,1,21,8,13,25.05161,121.54766
2026-09-25 12:28:52,09/25 12:28,500110109,YouBike2.0_民權東路三段175巷口,松山區,1,20,5,15,25.06218,121.54738
2026-09-25 12:28:52,09/25 12:28,500110110,YouBike2.0_健康路225巷口,松山區,1,26,22,4,25.05415,121.56263
2026-09-25 12:28:52,09/25 12:28,500111001,YouBike2.0_南港公園(東新街),南港區,1,25,11,11,25.04591,121.59226
2026-09-25 12:28:52,09/25 12:28,500111002,YouBike2.0_南港公園(福德街),南港區,1,56,16,39,25.04128,121.59089
2026-09-25 12:28:52,09/25 12:28,500111003,YouBike2.0_捷運昆陽站(1號出口),南港區,1,65,34,31,25.05014,121.59238
2026-09-25 12:28:52,09/25 12:28,500111004,YouBike2.0_忠孝東路六段225巷口,南港區,1,35,11,24,25.04919,121.58832
2026-09-25 12:28:52,09/25 12:28,500111005,YouBike2.0_捷運後山埤站(1號出口),南港區,1,53,53,0,25.04437,121.58133
2026-09-25 12:28:52,09/25 12:28,500111006,YouBike2.0_合樂公園,南港區,1,15,11,4,25.04843,121.58154
2026-09-25 12:28:52,09/25 12:28,500111007,YouBike2.0_合心廣場,南港區,1,43,15,26,25.04608,121.58315
2026-09-25 12:28:52,09/25 12:28,500111008,YouBike2.0_成德國中,南港區,1,44,4,39,25.04592,121.5882
2026-09-25 12:28:52,09/25 12:28,500111009,YouBike2.0_玉成公園,南港區,1,36,27,9,25.04281,121.58613
2026-09-25 12:28:52,09/25 12:28,500111010,YouBike2.0_研究院舊莊街口,南港區,1,30,10,20,25.04239,121.61683
2026-09-25 12:28:52,09/25 12:28,500111011,YouBike2.0_中研院綜合體育館東側,南港區,1,30,8,22,25.04054,121.61374
2026-09-25 12:28:52,09/25 12:28,500111012,YouBike2.0_國家生技園區,南港區,1,38,5,33,25.04763,121.61145
2026-09-25 12:28:52,09/25 12:28,500111013,YouBike2.0_捷運南港展覽館站(5號出口),南港區,1,73,32,40,25.05469,121.61669
2026-09-25 12:28:52,09/25 12:28,500111014,YouBike2.0_中研公園,南港區,1,54,9,45,25.04697,121.61375
2026-09-25 12:28:52,09/25 12:28,500111015,YouBike2.0_福山公園,南港區,1,55,22,33,25.04499,121.61775
2026-09-25 12:28:52,09/25 12:28,500111016,YouBike2.0_舊莊區民活動中心,南港區,1,40,30,8,25.04139,121.6191
2026-09-25 12:28:52,09/25 12:28,500111017,YouBike2.0_凌雲市場,南港區,1,35,11,24,25.03564,121.61415
2026-09-25 12:28:52,09/25 12:28,500111018,YouBike2.0_市民大道八段532號,南港區,1,30,10,20,25.054,121.61334
2026-09-25 12:28:52,09/25 12:28,500111019,YouBike2.0_捷運南港軟體園區(2號出口),南港區,1,70,31,39,25.05933,121.61677
2026-09-25 12:28:52,09/25 12:28,500111020,YouBike2.0_南港國小,南港區,1,59,18,40,25.05668,121.61137
2026-09-25 12:28:52,09/25 12:28,500111021,YouBike2.0_興中立體停車場(興中路),南港區,1,26,4,21,25.05629,121.607
2026-09-25 12:28:52,09/25 12:28,500111022,YouBike2.0_臺北市立圖書館南港分館,南港區,1,40,6,34,25.05485,121.60866
2026-09-25 12:28:52,09/25 12:28,500111023,YouBike2.0_東陽公園,南港區,1,56,25,27,25.05716,121.59792
2026-09-25 12:28:52,09/25 12:28,500111024,YouBike2.0_向陽南港路口,南港區,1,44,4,40,25.05437,121.59423
2026-09-25 12:28:52,09/25 12:28,500111025,YouBike2.0_南港車站(忠孝東路七段415巷),南港區,1,11,7,4,25.05252,121.60922
2026-09-25 12:28:52,09/25 12:28,500111026,YouBike2.0_捷運南港站(2號出口),南港區,1,23,19,3,25.05201,121.60741
2026-09-25 12:28:52,09/25 12:28,500111027,YouBike2.0_捷運南港站(1號出口),南港區,1,20,6,13,25.05192,121.60642
2026-09-25 12:28:52,09/25 12:28,500111028,YouBike2.0_東新國小,南港區,1,29,0,26,25.05623,121.60194
2026-09-25 12:28:52,09/25 12:28,500111029,YouBike2.0_中華科技大學,南港區,1,20,3,16,25.03392,121.60985
2026-09-25 12:28:52,09/25 12:28,500111030,YouBike2.0_六福公園,南港區,1,19,2,17,25.04681,121.61703
2026-09-25 12:28:52,09/25 12:28,500111031,YouBike2.0_南港加壓站,南港區,1,24,8,16,25.04805,121.61594
2026-09-25 12:28:52,09/25 12:28,500111032,YouBike2.0_臺北流行音樂中心(南港路),南港區,1,21,6,15,25.05343,121.59945
2026-09-25 12:28:52,09/25 12:28,500111033,YouBike2.0_興南公園,南港區,1,26,14,12,25.05766,121.60396
2026-09-25 12:28:52,09/25 12:28,500111034,YouBike2.0_臺北流行音樂中心(市民大道),南港區,1,32,12,20,25.05211,121.59839
2026-09-25 12:28:52,09/25 12:28,500111035,YouBike2.0_南港車站(市民大道),南港區,1,30,25,4,25.05326,121.60656
2026-09-25 12:28:52,09/25 12:28,500111036,YouBike2.0_忠孝東路七段527巷口,南港區,1,26,2,24,25.05266,121.61275
2026-09-25 12:28:52,09/25 12:28,500111037,YouBike2.0_南港軟體園區(新民街),南港區,1,25,4,21,25.05627,121.61369
2026-09-25 12:28:52,09/25 12:28,500111038,YouBike2.0_世貿公園,南港區,1,51,18,33,25.05831,121.61422
2026-09-25 12:28:52,09/25 12:28,500111039,YouBike2.0_凌雲五村(研究院路三段8巷),南港區,1,26,15,11,25.03595,121.61688
2026-09-25 12:28:52,09/25 12:28,500111040,YouBike2.0_新新公園(昆陽街60巷),南港區,1,20,9,11,25.0521,121.59053
2026-09-25 12:28:52,09/25 12:28,500111041,YouBike2.0_南港高中(昆陽街),南港區,1,26,5,21,25.05285,121.59279
2026-09-25 12:28:52,09/25 12:28,500111042,YouBike2.0_南港路三段290巷口,南港區,1,20,5,14,25.05234,121.58152
2026-09-25 12:28:52,09/25 12:28,500111043,YouBike2.0_南港路三段220巷口,南港區,1,25,11,14,25.05289,121.58599
2026-09-25 12:28:52,09/25 12:28,500111044,YouBike2.0_南港東新街口,南港區,1,28,16,12,25.05168,121.58284
2026-09-25 12:28:52,09/25 12:28,500111045,YouBike2.0_八德中坡路口,南港區,1,46,5,41,25.05064,121.5803
2026-09-25 12:28:52,09/25 12:28,500111046,YouBike2.0_捷運後山埤站(3號出口),南港區,1,21,18,2,25.04511,121.5836
2026-09-25 12:28:52,09/25 12:28,500111047,YouBike2.0_玉成公園運動中心,南港區,1,26,1,24,25.04193,121.58493
2026-09-25 12:28:52,09/25 12:28,500111048,YouBike2.0_百福公園,南港區,1,25,6,16,25.03884,121.58788
2026-09-25 12:28:52,09/25 12:28,500111049,YouBike2.0_南湖大橋(經貿二路255巷),南港區,1,20,1,18,25.06148,121.61384
2026-09-25 12:28:52,09/25 12:28,500111050,YouBike2.0_園區重陽路口,南港區,1,21,3,17,25.05937,121.61072
2026-09-25 12:28:52,09/25 12:28,500111051,YouBike2.0_南港車站B棟(市民大道),南港區,1,24,20,1,25.05293,121.60549
2026-09-25 12:28:52,09/25 12:28,500111052,YouBike2.0_胡適公園,南港區,1,25,7,18,25.04014,121.61766
2026-09-25 12:28:52,09/25 12:28,500111053,YouBike2.0_南港抽水站,南港區,1,20,1,19,25.06164,121.61267
2026-09-25 12:28:52,09/25 12:28,500111054,YouBike2.0_經貿公園,南港區,1,20,4,16,25.06271,121.61597
2026-09-25 12:28:52,09/25 12:28,500111055,YouBike2.0_育成高中,南港區,1,33,6,27,25.05853,121.60983
2026-09-25 12:28:52,09/25 12:28,500111056,YouBike2.0_捷運南港展覽館站(7號出口),南港區,1,42,14,28,25.05436,121.6181
2026-09-25 12:28:52,09/25 12:28,500111057,YouBike2.0_力行橋(南港),南港區,1,18,1,16,25.05172,121.61686
2026-09-25 12:28:52,09/25 12:28,500111058,YouBike2.0_舊莊國小(舊莊街一段),南港區,1,18,7,10,25.03987,121.62015
2026-09-25 12:28:52,09/25 12:28,500111059,YouBike2.0_向陽公園,南港區,1,41,14,26,25.05705,121.59265
2026-09-25 12:28:52,09/25 12:28,500111060,YouBike2.0_小彎社會住宅,南港區,1,51,12,35,25.0582,121.59368
2026-09-25 12:28:52,09/25 12:28,500111061,YouBike2.0_捷運南港展覽館站(6號出口),南港區,1,25,9,16,25.05465,121.6185
2026-09-25 12:28:52,09/25 12:28,500111062,YouBike2.0_捷運南港展覽館站(4號出口),南港區,1,39,15,23,25.05535,121.61838
2026-09-25 12:28:52,09/25 12:28,500111063,YouBike2.0_成德綠地,南港區,1,17,0,14,25.04675,121.58731
2026-09-25 12:28:52,09/25 12:28,500111064,YouBike2.0_南港公園(東新街170巷),南港區,1,16,12,3,25.04134,121.59323
2026-09-25 12:28:52,09/25 12:28,500111065,YouBike2.0_中坡市民路口(東北側),南港區,1,27,25,1,25.04969,121.58028
2026-09-25 12:28:52,09/25 12:28,500111066,YouBike2.0_昆陽公園,南港區,1,14,5,9,25.0483,121.59425
2026-09-25 12:28:52,09/25 12:28,500111067,YouBike2.0_南港路二段178巷口,南港區,1,18,4,14,25.05368,121.59969
2026-09-25 12:28:52,09/25 12:28,500111068,YouBike2.0_南港車站(忠孝東路),南港區,1,24,24,0,25.05225,121.60766
2026-09-25 12:28:52,09/25 12:28,500111069,YouBike2.0_南港車站(興華路),南港區,1,48,38,9,25.05343,121.60633
2026-09-25 12:28:52,09/25 12:28,500111070,YouBike2.0_玉成公園(成福路178巷口),南港區,1,43,22,17,25.04177,121.58735
2026-09-25 12:28:52,09/25 12:28,500111071,YouBike2.0_玉東公園(東新街),南港區,1,25,9,15,25.04998,121.58383
2026-09-25 12:28:52,09/25 12:28,500111072,YouBike2.0_南港出租國宅社區,南港區,1,25,11,14,25.03878,121.59302
2026-09-25 12:28:52,09/25 12:28,500111073,YouBike2.0_成福路197巷口,南港區,1,15,0,13,25.04066,121.58877
2026-09-25 12:28:52,09/25 12:28,500111074,YouBike2.0_南港疏散門(基三號疏散門),南港區,1,24,5,19,25.05543,121.5892
2026-09-25 12:28:52,09/25 12:28,500111075,YouBike2.0_成德立體停車場,南港區,1,17,9,8,25.04557,121.58629
2026-09-25 12:28:52,09/25 12:28,500111076,YouBike2.0_南港展覽館2館,南港區,1,18,4,14,25.05545,121.61646
2026-09-25 12:28:52,09/25 12:28,500111077,YouBike2.0_舊莊派出所,南港區,1,15,6,8,25.03827,121.62274
2026-09-25 12:28:52,09/25 12:28,500111078,YouBike2.0_南港路三段80巷,南港區,1,15,4,10,25.05394,121.59124
2026-09-25 12:28:52,09/25 12:28,500111079,YouBike2.0_捷運昆陽站(4號出口),南港區,1,28,24,3,25.05066,121.59431
2026-09-25 12:28:52,09/25 12:28,500111080,YouBike2.0_忠孝東路六段278巷口,南港區,1,14,1,13,25.04916,121.58906
2026-09-25 12:28:52,09/25 12:28,500111081,YouBike2.0_中研院人文社會科學館,南港區,1,45,9,36,25.04126,121.6118
2026-09-25 12:28:52,09/25 12:28,500111082,YouBike2.0_南港路三段130巷口,南港區,1,12,6,6,25.05457,121.58781
2026-09-25 12:28:52,09/25 12:28,500111083,YouBike2.0_南港路三段190巷口,南港區,1,16,9,7,25.05381,121.58638
2026-09-25 12:28:52,09/25 12:28,500111084,YouBike2.0_忠孝東路六段212巷口,南港區,1,15,5,9,25.0488,121.58742
2026-09-25 12:28:52,09/25 12:28,500111085,YouBike2.0_新富公園,南港區,1,12,7,5,25.05296,121.61713
2026-09-25 12:28:52,09/25 12:28,500111086,YouBike2.0_東新街63巷口,南港區,1,15,10,5,25.04728,121.58605
2026-09-25 12:28:52,09/25 12:28,500111087,YouBike2.0_中興公園,南港區,1,15,1,14,25.04487,121.61481
2026-09-25 12:28:52,09/25 12:28,500111088,YouBike2.0_向陽市民大道路口(西北側),南港區,1,29,2,27,25.05163,121.59535
2026-09-25 12:28:52,09/25 12:28,500111089,YouBike2.0_向陽南港路口(西北側),南港區,1,40,11,28,25.05486,121.5944
2026-09-25 12:28:52,09/25 12:28,500111090,YouBike2.0_研究院路一段151巷口,南港區,1,14,1,13,25.04997,121.6162
2026-09-25 12:28:52,09/25 12:28,500111091,YouBike2.0_興中重陽路口,南港區,1,24,8,16,25.05801,121.60674
2026-09-25 12:28:52,09/25 12:28,500111092,YouBike2.0_中研院近代史研究所研究大樓,南港區,1,16,4,12,25.03999,121.61538
2026-09-25 12:28:52,09/25 12:28,500111093,YouBike2.0_中研院人文社會科學研究中心,南港區,1,16,5,9,25.04159,121.61532
2026-09-25 12:28:52,09/25 12:28,500111094,YouBike2.0_中研院生態時代館,南港區,1,16,12,4,25.04287,121.61342
2026-09-25 12:28:52,09/25 12:28,500111095,YouBike2.0_玉成街(中坡北路50巷口),南港區,1,20,15,3,25.04691,121.58192
2026-09-25 12:28:52,09/25 12:28,500111096,YouBike2.0_東明公園,南港區,1,20,8,11,25.05469,121.60381
2026-09-25 12:28:52,09/25 12:28,500111097,YouBike2.0_捷運南港軟體園區站(1號出口),南港區,1,36,7,29,25.06043,121.61498
2026-09-25 12:28:52,09/25 12:28,500111098,YouBike2.0_南港花園社區A18,南港區,1,13,4,8,25.04015,121.59111
2026-09-25 12:28:52,09/25 12:28,500111113,YouBike2.0_內湖機廠(港東街),南港區,1,20,4,16,25.058,121.62189
2026-09-25 12:28:52,09/25 12:28,500111114,YouBike2.0_市民昆陽街口,南港區,1,30,20,10,25.05124,121.59361
2026-09-25 12:28:52,09/25 12:28,500111115,YouBike2.0_南港機廠(北流),南港區,1,20,9,11,25.05156,121.6014
2026-09-25 12:28:52,09/25 12:28,500111116,YouBike2.0_忠孝東路七段265巷,南港區,1,40,32,8,25.05216,121.60338
2026-09-25 12:28:52,09/25 12:28,500111117,YouBike2.0_昆陽東新街口,南港區,1,24,3,20,25.04857,121.59401
2026-09-25 12:28:52,09/25 12:28,500111118,YouBike2.0_臺北市捷運局機電工程處,南港區,1,20,6,13,25.0614,121.61795
2026-09-25 12:28:52,09/25 12:28,500111119,YouBike2.0_經貿二路105巷口(經貿二路),南港區,1,37,33,4,25.05791,121.61704
2026-09-25 12:28:52,09/25 12:28,500111120,YouBike2.0_經貿二路105巷口(經貿一路),南港區,1,20,13,7,25.0586,121.61973
2026-09-25 12:28:52,09/25 12:28,500111121,YouBike2.0_經貿二路185巷,南港區,1,21,4,17,25.06148,121.61698
2026-09-25 12:28:52,09/25 12:28,500111122,YouBike2.0_國家生物模式中心,南港區,1,19,2,17,25.04637,121.60948
2026-09-25 12:28:52,09/25 12:28,500111123,YouBike2.0_南港路三段106巷口(中華賓士),南港區,1,23,1,21,25.05312,121.58928
2026-09-25 12:28:52,09/25 12:28,500111124,YouBike2.0_中坡松隆路口,南港區,1,21,21,0,25.04865,121.58028
2026-09-25 12:28:52,09/25 12:28,500111125,YouBike2.0_成功疏散門,南港區,1,20,12,8,25.05898,121.59407
2026-09-25 12:28:52,09/25 12:28,500111126,YouBike2.0_環保局南港區清潔南港分隊,南港區,1,27,1,26,25.06088,121.61085
2026-09-25 12:28:52,09/25 12:28,500111127,YouBike2.0_重陽公園(興南街),南港區,1,20,2,18,25.05557,121.59983
2026-09-25 12:28:52,09/25 12:28,500111128,YouBike2.0_生物技術開發中心,南港區,1,21,3,18,25.04921,121.61025
2026-09-25 12:28:52,09/25 12:28,500111129,YouBike2.0_南港車站C棟(市民大道),南港區,1,24,22,2,25.0528,121.6045
2026-09-25 12:28:52,09/25 12:28,500111130,YouBike2.0_新陽綠地,南港區,1,24,10,14,25.05492,121.59817
2026-09-25 12:28:52,09/25 12:28,500111131,YouBike2.0_九如公園(凌雲街),南港區,1,20,2,18,25.03904,121.61554
2026-09-25 12:28:52,09/25 12:28,500111132,YouBike2.0_捷運南港機廠社會住宅,南港區,1,50,7,43,25.05088,121.59729
2026-09-25 12:28:52,09/25 12:28,500111133,YouBike2.0_忠孝向陽路口,南港區,1,27,2,24,25.05105,121.5969
2026-09-25 12:28:52,09/25 12:28,500111134,YouBike2.0_重陽路39巷,南港區,1,26,9,17,25.05634,121.59518
2026-09-25 12:28:52,09/25 12:28,500111135,YouBike2.0_興南街52巷,南港區,1,18,2,16,25.05625,121.60423
2026-09-25 12:28:52,09/25 12:28,500111136,YouBike2.0_成功路一段36巷(松河街),南港區,1,30,8,22,25.05758,121.59162
2026-09-25 12:28:52,09/25 12:28,500112001,YouBike2.0_黎忠區民活動中心,信義區,1,32,5,23,25.02035,121.55769
2026-09-25 12:28:52,09/25 12:28,500112002,YouBike2.0_基隆路二段159巷口,信義區,1,14,3,11,25.02561,121.55409
2026-09-25 12:28:52,09/25 12:28,500112003,YouBike2.0_嘉興街175巷口,信義區,1,23,0,21,25.02811,121.55671
2026-09-25 12:28:52,09/25 12:28,500112004,YouBike2.0_和平東路三段631巷口,信義區,1,24,0,24,25.0132,121.56335
2026-09-25 12:28:52,09/25 12:28,500112005,YouBike2.0_和平東路三段530巷口,信義區,1,36,2,34,25.01545,121.56134
2026-09-25 12:28:52,09/25 12:28,500112006,YouBike2.0_六張犁社會住宅1區,信義區,1,79,19,60,25.02698,121.55841
2026-09-25 12:28:52,09/25 12:28,500112007,YouBike2.0_臺北醫學大學,信義區,1,64,1,63,25.02668,121.56175
2026-09-25 12:28:52,09/25 12:28,500112008,YouBike2.0_三興公園,信義區,1,47,0,47,25.02868,121.55932
2026-09-25 12:28:52,09/25 12:28,500112009,YouBike2.0_松德站,信義區,1,69,9,56,25.03162,121.57396
2026-09-25 12:28:52,09/25 12:28,500112010,YouBike2.0_捷運象山站(2號出口),信義區,1,65,28,35,25.03222,121.56974
2026-09-25 12:28:52,09/25 12:28,500112011,YouBike2.0_象山公園,信義區,1,48,2,46,25.02863,121.56981
2026-09-25 12:28:52,09/25 12:28,500112012,YouBike2.0_松仁路253巷3弄,信義區,1,25,2,23,25.02678,121.56884
2026-09-25 12:28:52,09/25 12:28,500112013,YouBike2.0_興雅國中,信義區,1,18,15,3,25.03616,121.56983
2026-09-25 12:28:52,09/25 12:28,500112014,YouBike2.0_捷運象山站(1號出口),信義區,1,24,7,16,25.03295,121.56867
2026-09-25 12:28:52,09/25 12:28,500112015,YouBike2.0_松德路200巷,信義區,1,57,38,15,25.03471,121.57301
2026-09-25 12:28:52,09/25 12:28,500112016,YouBike2.0_中全公園,信義區,1,34,8,26,25.0382,121.57495
2026-09-25 12:28:52,09/25 12:28,500112017,YouBike2.0_台北市災害應變中心,信義區,1,53,7,43,25.0286,121.56628
2026-09-25 12:28:52,09/25 12:28,500112018,YouBike2.0_信義運動中心,信義區,1,35,4,31,25.03189,121.56678
2026-09-25 12:28:52,09/25 12:28,500112019,YouBike2.0_捷運台北101/世貿站(3號出口),信義區,1,15,15,0,25.03275,121.56337
2026-09-25 12:28:52,09/25 12:28,500112020,YouBike2.0_景新公園,信義區,1,17,4,12,25.03003,121.56287
2026-09-25 12:28:52,09/25 12:28,500112021,YouBike2.0_光復信義路口東南側,信義區,1,16,5,11,25.03281,121.55756
2026-09-25 12:28:52,09/25 12:28,500112022,YouBike2.0_三張犁,信義區,1,65,1,64,25.03452,121.5576
2026-09-25 12:28:52,09/25 12:28,500112023,YouBike2.0_仁愛路四段496巷口,信義區,1,58,3,55,25.03745,121.5602
2026-09-25 12:28:52,09/25 12:28,500112024,YouBike2.0_松山工農,信義區,1,34,23,11,25.03961,121.57199
2026-09-25 12:28:52,09/25 12:28,500112025,YouBike2.0_松友公園,信義區,1,39,1,36,25.03423,121.57636
2026-09-25 12:28:52,09/25 12:28,500112026,YouBike2.0_林口公園,信義區,1,51,26,25,25.03894,121.57915
2026-09-25 12:28:52,09/25 12:28,500112027,YouBike2.0_松山家商,信義區,1,40,1,38,25.0347,121.58018
2026-09-25 12:28:52,09/25 12:28,500112028,YouBike2.0_永春陂濕地公園,信義區,1,40,2,37,25.03301,121.58096
2026-09-25 12:28:52,09/25 12:28,500112029,YouBike2.0_臺北市政府,信義區,1,56,29,26,25.03801,121.56541
2026-09-25 12:28:52,09/25 12:28,500112030,YouBike2.0_松智松壽路口,信義區,1,39,34,4,25.03607,121.56535
2026-09-25 12:28:52,09/25 12:28,500112031,YouBike2.0_市府松壽路口,信義區,1,28,10,17,25.03627,121.56383
2026-09-25 12:28:52,09/25 12:28,500112032,YouBike2.0_市府松高路口,信義區,1,54,25,29,25.03899,121.56369
2026-09-25 12:28:52,09/25 12:28,500112033,YouBike2.0_市民廣場,信義區,1,50,25,22,25.03599,121.56218
2026-09-25 12:28:52,09/25 12:28,500112035,YouBike2.0_信義廣場(台北101),信義區,1,90,15,75,25.03306,121.5662
2026-09-25 12:28:52,09/25 12:28,500112036,YouBike2.0_捷運台北101/世貿站(5號出口),信義區,1,21,19,2,25.03338,121.56333
2026-09-25 12:28:52,09/25 12:28,500112037,YouBike2.0_春光公園,信義區,1,68,20,47,25.0427,121.58112
2026-09-25 12:28:52,09/25 12:28,500112038,YouBike2.0_松仁路121巷口,信義區,1,31,28,2,25.03476,121.56865
2026-09-25 12:28:52,09/25 12:28,500112039,YouBike2.0_福德國小,信義區,1,42,1,38,25.03846,121.58618
2026-09-25 12:28:52,09/25 12:28,500112040,YouBike2.0_福德公園,信義區,1,35,9,24,25.03841,121.58355
2026-09-25 12:28:52,09/25 12:28,500112042,YouBike2.0_松高路(信義新天地A4館),信義區,1,17,15,0,25.03918,121.56654
2026-09-25 12:28:52,09/25 12:28,500112043,YouBike2.0_興雅松仁路口,信義區,1,65,52,11,25.0401,121.56822
2026-09-25 12:28:52,09/25 12:28,500112044,YouBike2.0_福祥公園,信義區,1,26,10,15,25.04626,121.57045
2026-09-25 12:28:52,09/25 12:28,500112045,YouBike2.0_吳興公車總站,信義區,1,21,3,10,25.02388,121.56984
2026-09-25 12:28:52,09/25 12:28,500112046,YouBike2.0_泰和公園,信義區,1,40,3,35,25.0193,121.57105
2026-09-25 12:28:52,09/25 12:28,500112047,YouBike2.0_興雅國小(基隆路一段37巷),信義區,1,27,2,24,25.04773,121.56895
2026-09-25 12:28:52,09/25 12:28,500112048,YouBike2.0_雅祥公園(松信路50巷口),信義區,1,19,9,9,25.04732,121.57211
2026-09-25 12:28:52,09/25 12:28,500112049,YouBike2.0_松山車站,信義區,1,70,69,1,25.0489,121.57841
2026-09-25 12:28:52,09/25 12:28,500112050,YouBike2.0_五常公園,信義區,1,37,6,30,25.04797,121.57432
2026-09-25 12:28:52,09/25 12:28,500112051,YouBike2.0_永吉松信路口,信義區,1,35,23,12,25.04548,121.57207
2026-09-25 12:28:52,09/25 12:28,500112052,YouBike2.0_三興國小,信義區,1,26,0,23,25.02969,121.55766
2026-09-25 12:28:52,09/25 12:28,500112053,YouBike2.0_市民松信路口,信義區,1,20,1,19,25.04927,121.57205
2026-09-25 12:28:52,09/25 12:28,500112054,YouBike2.0_松山高中,信義區,1,42,17,22,25.0433,121.5638
2026-09-25 12:28:52,09/25 12:28,500112055,YouBike2.0_基隆光復路口,信義區,1,31,1,28,25.03005,121.55764
2026-09-25 12:28:52,09/25 12:28,500112056,YouBike2.0_基隆忠孝路口西南側,信義區,1,29,5,24,25.04108,121.5629
2026-09-25 12:28:52,09/25 12:28,500112057,YouBike2.0_泰和里民活動中心,信義區,1,25,13,8,25.0213,121.57027
2026-09-25 12:28:52,09/25 12:28,500112058,YouBike2.0_捷運後山埤站(2號出口),信義區,1,22,22,0,25.04395,121.58184
2026-09-25 12:28:52,09/25 12:28,500112059,YouBike2.0_虎林永吉路口,信義區,1,21,10,11,25.04519,121.57712
2026-09-25 12:28:52,09/25 12:28,500112060,YouBike2.0_永吉公園,信義區,1,25,14,10,25.04345,121.57539
2026-09-25 12:28:52,09/25 12:28,500112061,YouBike2.0_永吉路321巷口,信義區,1,19,16,1,25.04561,121.57549
2026-09-25 12:28:52,09/25 12:28,500112062,YouBike2.0_松山永吉路口,信義區,1,20,20,0,25.04623,121.57772
2026-09-25 12:28:52,09/25 12:28,500112063,YouBike2.0_松山路292巷口,信義區,1,20,1,16,25.0432,121.57789
2026-09-25 12:28:52,09/25 12:28,500112064,YouBike2.0_捷運象山站(3號出口),信義區,1,63,30,33,25.03295,121.5712
2026-09-25 12:28:52,09/25 12:28,500112065,YouBike2.0_松德公園,信義區,1,67,2,65,25.03657,121.57349
2026-09-25 12:28:52,09/25 12:28,500112066,YouBike2.0_世貿三館,信義區,1,54,14,40,25.03511,121.56369
2026-09-25 12:28:52,09/25 12:28,500112067,YouBike2.0_松德虎林街口,信義區,1,30,13,17,25.0383,121.5762
2026-09-25 12:28:52,09/25 12:28,500112068,YouBike2.0_富台公園,信義區,1,47,9,37,25.04185,121.57204
2026-09-25 12:28:52,09/25 12:28,500112069,YouBike2.0_基隆路一段101巷口,信義區,1,32,2,29,25.04516,121.56702
2026-09-25 12:28:52,09/25 12:28,500112070,YouBike2.0_捷運永春站(2號出口),信義區,1,30,27,1,25.0405,121.57538
2026-09-25 12:28:52,09/25 12:28,500112071,YouBike2.0_吳興街260巷,信義區,1,32,4,25,25.02606,121.5631
2026-09-25 12:28:52,09/25 12:28,500112072,YouBike2.0_松山家商(林口街),信義區,1,47,1,45,25.03593,121.57906
2026-09-25 12:28:52,09/25 12:28,500112073,YouBike2.0_仁愛逸仙路口,信義區,1,38,13,24,25.03771,121.56124
2026-09-25 12:28:52,09/25 12:28,500112075,YouBike2.0_信義基隆路口,信義區,1,26,3,22,25.03321,121.55873
2026-09-25 12:28:52,09/25 12:28,500112076,YouBike2.0_捷運台北101/世貿站(2號出口),信義區,1,52,45,4,25.0327,121.56157
2026-09-25 12:28:52,09/25 12:28,500112078,YouBike2.0_吳興街284巷36弄口,信義區,1,25,5,20,25.02236,121.56268
2026-09-25 12:28:52,09/25 12:28,500112079,YouBike2.0_協和祐德高級中學,信義區,1,20,3,17,25.0426,121.58381
2026-09-25 12:28:52,09/25 12:28,500112080,YouBike2.0_福德國小公車站,信義區,1,27,6,20,25.03929,121.58755
2026-09-25 12:28:52,09/25 12:28,500112081,YouBike2.0_松仁路95巷口,信義區,1,74,59,5,25.03656,121.56866
2026-09-25 12:28:52,09/25 12:28,500112082,YouBike2.0_臺北南山廣場_1,信義區,1,68,61,3,25.03404,121.56598
2026-09-25 12:28:52,09/25 12:28,500112083,YouBike2.0_景聯廣場,信義區,1,23,6,16,25.03214,121.55974
2026-09-25 12:28:52,09/25 12:28,500112084,YouBike2.0_景平公園,信義區,1,41,1,40,25.02976,121.5642
2026-09-25 12:28:52,09/25 12:28,500112085,YouBike2.0_捷運市政府站(3號出口),信義區,1,92,51,41,25.04084,121.56789
2026-09-25 12:28:52,09/25 12:28,500112086,YouBike2.0_五分埔公園,信義區,1,20,6,14,25.04719,121.58058
2026-09-25 12:28:52,09/25 12:28,500112087,YouBike2.0_松仁路305號,信義區,1,21,17,3,25.02306,121.57036
2026-09-25 12:28:52,09/25 12:28,500112088,YouBike2.0_吳興街394巷口,信義區,1,12,4,8,25.02474,121.56741
2026-09-25 12:28:52,09/25 12:28,500112089,YouBike2.0_富生公園,信義區,1,22,14,8,25.04116,121.5706
2026-09-25 12:28:52,09/25 12:28,500112090,YouBike2.0_松勤莊敬路口,信義區,1,15,6,9,25.03203,121.5615
2026-09-25 12:28:52,09/25 12:28,500112091,YouBike2.0_松仁松平路口,信義區,1,10,3,6,25.03047,121.56838
2026-09-25 12:28:52,09/25 12:28,500112092,YouBike2.0_信義松德路口,信義區,1,23,2,21,25.03322,121.57433
2026-09-25 12:28:52,09/25 12:28,500112093,YouBike2.0_捷運市政府站(4號出口),信義區,1,18,17,0,25.04146,121.56731
2026-09-25 12:28:52,09/25 12:28,500112094,YouBike2.0_吳興街284巷(廣安宮),信義區,1,15,2,12,25.02326,121.56329
2026-09-25 12:28:52,09/25 12:28,500112095,YouBike2.0_景勤二號公園(西南側),信義區,1,22,0,22,25.02605,121.5577
2026-09-25 12:28:52,09/25 12:28,500112096,YouBike2.0_克勤新村,信義區,1,40,2,38,25.02589,121.56073
2026-09-25 12:28:52,09/25 12:28,500112097,YouBike2.0_和平東路三段291號,信義區,1,20,0,19,25.02186,121.55532
2026-09-25 12:28:52,09/25 12:28,500112098,YouBike2.0_永吉路468巷口,信義區,1,13,5,7,25.04533,121.57915
2026-09-25 12:28:52,09/25 12:28,500112099,YouBike2.0_廣慈博愛園區(西側),信義區,1,23,11,9,25.03866,121.58082
2026-09-25 12:28:52,09/25 12:28,500112100,YouBike2.0_和平東路三段341巷口,信義區,1,50,26,23,25.02188,121.55891
2026-09-25 12:28:52,09/25 12:28,500112101,YouBike2.0_革新公園,信義區,1,18,11,7,25.04367,121.56741
2026-09-25 12:28:52,09/25 12:28,500112102,YouBike2.0_黎雙公園,信義區,1,17,0,17,25.0246,121.56028
2026-09-25 12:28:52,09/25 12:28,500112103,YouBike2.0_臺北文化體育園區辦公大樓,信義區,1,33,30,0,25.04144,121.56126
2026-09-25 12:28:52,09/25 12:28,500112104,YouBike2.0_捷運國父紀念館站(5號出口),信義區,1,23,21,0,25.04206,121.55792
2026-09-25 12:28:52,09/25 12:28,500112105,YouBike2.0_光復南菸廠路口,信義區,1,25,23,2,25.04482,121.55795
2026-09-25 12:28:52,09/25 12:28,500112106,YouBike2.0_中坡北永吉路口,信義區,1,15,7,8,25.04557,121.58059
2026-09-25 12:28:52,09/25 12:28,500112107,YouBike2.0_松仁路281巷66弄,信義區,1,20,12,8,25.02261,121.57178
2026-09-25 12:28:52,09/25 12:28,500112108,YouBike2.0_基隆市民路口,信義區,1,26,1,25,25.04892,121.56906
2026-09-25 12:28:52,09/25 12:28,500112109,YouBike2.0_松仁路253巷4弄口,信義區,1,22,5,15,25.02559,121.56954
2026-09-25 12:28:52,09/25 12:28,500112110,YouBike2.0_松德路169巷口,信義區,1,35,0,35,25.03633,121.57582
2026-09-25 12:28:52,09/25 12:28,500112111,YouBike2.0_吳興新村,信義區,1,22,2,20,25.02815,121.56114
2026-09-25 12:28:52,09/25 12:28,500112112,YouBike2.0_松山文創園區(一號倉庫),信義區,1,19,8,10,25.04503,121.55951
2026-09-25 12:28:52,09/25 12:28,500112113,YouBike2.0_永吉路187巷口,信義區,1,16,7,8,25.04584,121.57273
2026-09-25 12:28:52,09/25 12:28,500112114,YouBike2.0_仁愛路四段512巷,信義區,1,16,3,12,25.03706,121.56124
2026-09-25 12:28:52,09/25 12:28,500112115,YouBike2.0_信安街/富陽街44巷口,信義區,1,21,4,17,25.02309,121.55537
2026-09-25 12:28:52,09/25 12:28,500112116,YouBike2.0_吳興公園,信義區,1,20,6,13,25.02383,121.56767
2026-09-25 12:28:52,09/25 12:28,500112117,YouBike2.0_逸仙松高路口,信義區,1,25,6,18,25.03942,121.56149
2026-09-25 12:28:52,09/25 12:28,500112118,YouBike2.0_光復仁愛路口,信義區,1,25,5,20,25.03784,121.55768
2026-09-25 12:28:52,09/25 12:28,500112119,YouBike2.0_信義松智路口(東南側),信義區,1,51,17,34,25.03284,121.56555
2026-09-25 12:28:52,09/25 12:28,500112120,YouBike2.0_松山家商(東側),信義區,1,24,11,12,25.03568,121.58133
2026-09-25 12:28:52,09/25 12:28,500112123,YouBike2.0_松山松隆路口,信義區,1,18,18,0,25.04831,121.57766
2026-09-25 12:28:52,09/25 12:28,500112124,YouBike2.0_松智松平路口,信義區,1,16,1,13,25.0304,121.5654
2026-09-25 12:28:52,09/25 12:28,500112125,YouBike2.0_象山公園(松勤街140巷),信義區,1,29,0,28,25.03098,121.5697
2026-09-25 12:28:52,09/25 12:28,500112127,YouBike2.0_永吉路120巷15弄口,信義區,1,21,11,9,25.04501,121.57028
2026-09-25 12:28:52,09/25 12:28,500112128,YouBike2.0_臺北文創大樓(菸廠路),信義區,1,27,14,13,25.04499,121.56082
2026-09-25 12:28:52,09/25 12:28,500112129,YouBike2.0_松德路25巷口,信義區,1,18,1,17,25.0392,121.57742
2026-09-25 12:28:52,09/25 12:28,500112130,YouBike2.0_國家鐵道博物館,信義區,1,40,17,23,25.04728,121.56337
2026-09-25 12:28:52,09/25 12:28,500112132,YouBike2.0_六張犁社會住宅2區,信義區,1,48,1,46,25.02783,121.56024
2026-09-25 12:28:52,09/25 12:28,500112133,YouBike2.0_莊敬路341巷3弄,信義區,1,13,2,11,25.02864,121.56482
2026-09-25 12:28:52,09/25 12:28,500112134,YouBike2.0_信義國中,信義區,1,28,6,21,25.02863,121.56675
2026-09-25 12:28:52,09/25 12:28,500112135,YouBike2.0_捷運廣慈/奉天宮站(1號出口),信義區,1,50,35,12,25.0375,121.58198
2026-09-25 12:28:52,09/25 12:28,500112136,YouBike2.0_忠駝公園,信義區,1,41,3,38,25.03606,121.55923
2026-09-25 12:28:52,09/25 12:28,500112137,YouBike2.0_忠孝東路五段790巷25弄口,信義區,1,12,2,10,25.04235,121.58283
2026-09-25 12:28:52,09/25 12:28,500113001,YouBike2.0_德昌寶興街口(西北角),萬華區,1,14,8,3,25.02365,121.49528
2026-09-25 12:28:52,09/25 12:28,500113002,YouBike2.0_寶興長泰街口(西南角),萬華區,1,17,9,7,25.0216,121.49597
2026-09-25 12:28:52,09/25 12:28,500113003,YouBike2.0_萬大路486巷口,萬華區,1,10,3,2,25.01975,121.4973
2026-09-25 12:28:52,09/25 12:28,500113004,YouBike2.0_國興中華路口,萬華區,1,22,7,15,25.02485,121.50898
2026-09-25 12:28:52,09/25 12:28,500113005,YouBike2.0_古亭國中,萬華區,1,51,16,34,25.02442,121.5107
2026-09-25 12:28:52,09/25 12:28,500113006,YouBike2.0_國興水源路口,萬華區,1,23,12,10,25.02297,121.50845
2026-09-25 12:28:52,09/25 12:28,500113007,YouBike2.0_青年公園高爾夫球場,萬華區,1,25,11,5,25.02481,121.50755
2026-09-25 12:28:52,09/25 12:28,500113008,YouBike2.0_國興青年路口,萬華區,1,51,22,28,25.02594,121.50651
2026-09-25 12:28:52,09/25 12:28,500113009,YouBike2.0_青年公園棒球場,萬華區,1,28,9,18,25.0241,121.50289
2026-09-25 12:28:52,09/25 12:28,500113010,YouBike2.0_青年公園籃球場,萬華區,1,24,2,21,25.02085,121.50539
2026-09-25 12:28:52,09/25 12:28,500113012,YouBike2.0_復華花園新城,萬華區,0,32,0,0,25.029675416698,121.502558105228
2026-09-25 12:28:52,09/25 12:28,500113013,YouBike2.0_新和國小,萬華區,1,20,14,6,25.02582,121.50255
2026-09-25 12:28:52,09/25 12:28,500113014,YouBike2.0_莒光郵局,萬華區,0,22,0,22,25.03124,121.50122
2026-09-25 12:28:52,09/25 12:28,500113015,YouBike2.0_莒光立體停車場,萬華區,1,10,2,7,25.03116,121.50336
2026-09-25 12:28:52,09/25 12:28,500113016,YouBike2.0_艋舺大道146巷口,萬華區,1,14,5,9,25.03301,121.5016
2026-09-25 12:28:52,09/25 12:28,500113017,YouBike2.0_東園國小,萬華區,1,33,17,16,25.02257,121.49807
2026-09-25 12:28:52,09/25 12:28,500113018,YouBike2.0_華中疏散門,萬華區,1,12,8,3,25.01688,121.49534
2026-09-25 12:28:52,09/25 12:28,500113019,YouBike2.0_錦德公園,萬華區,1,29,17,6,25.02332,121.49264
2026-09-25 12:28:52,09/25 12:28,500113020,YouBike2.0_忠德公園,萬華區,1,19,1,16,25.02516,121.49604
2026-09-25 12:28:52,09/25 12:28,500113022,YouBike2.0_華江高中,萬華區,1,50,12,37,25.02744,121.49619
2026-09-25 12:28:52,09/25 12:28,500113023,YouBike2.0_西園艋舺路口,萬華區,1,64,33,31,25.03267,121.49757
2026-09-25 12:28:52,09/25 12:28,500113025,YouBike2.0_雙園國中,萬華區,1,24,14,9,25.02673,121.49176
2026-09-25 12:28:52,09/25 12:28,500113026,YouBike2.0_長順區民活動中心,萬華區,1,26,10,16,25.03284,121.48908
2026-09-25 12:28:52,09/25 12:28,500113027,YouBike2.0_萬華安居社會住宅A區,萬華區,1,25,9,15,25.03397,121.49029
2026-09-25 12:28:52,09/25 12:28,500113028,YouBike2.0_華江八號公園,萬華區,1,20,10,10,25.03388,121.49293
2026-09-25 12:28:52,09/25 12:28,500113029,YouBike2.0_環河南雙園街口,萬華區,1,21,5,16,25.03203,121.49127
2026-09-25 12:28:52,09/25 12:28,500113030,YouBike2.0_大理高中,萬華區,1,35,15,20,25.03124,121.49075
2026-09-25 12:28:52,09/25 12:28,500113031,YouBike2.0_糖廍文化園區,萬華區,1,18,1,17,25.03383,121.4946
2026-09-25 12:28:52,09/25 12:28,500113032,YouBike2.0_兩棵樹公園,萬華區,1,19,7,12,25.03253,121.49549
2026-09-25 12:28:52,09/25 12:28,500113033,YouBike2.0_萬華青年公宅,萬華區,1,23,6,17,25.02021,121.50376
2026-09-25 12:28:52,09/25 12:28,500113034,YouBike2.0_開封西寧路口,萬華區,1,94,28,66,25.04662,121.50717
2026-09-25 12:28:52,09/25 12:28,500113035,YouBike2.0_峨眉停車場,萬華區,1,47,32,14,25.04441,121.50541
2026-09-25 12:28:52,09/25 12:28,500113036,YouBike2.0_長沙公園,萬華區,1,37,13,24,25.0417,121.49992
2026-09-25 12:28:52,09/25 12:28,500113037,YouBike2.0_貓公園(中興橋頭),萬華區,1,16,0,16,25.04369,121.5018
2026-09-25 12:28:52,09/25 12:28,500113038,YouBike2.0_西本願寺廣場,萬華區,1,99,34,64,25.04099,121.50769
2026-09-25 12:28:52,09/25 12:28,500113039,YouBike2.0_中華桂林路口,萬華區,1,34,6,27,25.03771,121.50662
2026-09-25 12:28:52,09/25 12:28,500113040,YouBike2.0_捷運龍山寺站(1號出口),萬華區,0,11,0,0,25.03535,121.49938
2026-09-25 12:28:52,09/25 12:28,500113041,YouBike2.0_龍山國小,萬華區,1,62,13,49,25.0355,121.49541
2026-09-25 12:28:52,09/25 12:28,500113042,YouBike2.0_華西公園,萬華區,1,51,38,10,25.03852,121.49881
2026-09-25 12:28:52,09/25 12:28,500113043,YouBike2.0_老松國小,萬華區,1,74,7,64,25.03792,121.50177
2026-09-25 12:28:52,09/25 12:28,500113044,YouBike2.0_萬華火車站,萬華區,1,78,41,36,25.03364,121.50322
2026-09-25 12:28:52,09/25 12:28,500113045,YouBike2.0_萬華火車站(D2廣場),萬華區,1,42,16,1,25.03394,121.50117
2026-09-25 12:28:52,09/25 12:28,500113046,YouBike2.0_捷運龍山寺站(3號出口),萬華區,1,40,22,17,25.03509,121.50199
2026-09-25 12:28:52,09/25 12:28,500113047,YouBike2.0_臺北市電影主題公園(峨眉街),萬華區,1,20,12,7,25.04445,121.50306
2026-09-25 12:28:52,09/25 12:28,500113048,YouBike2.0_臺北市電影主題公園(康定路),萬華區,1,15,5,10,25.04551,121.50318
2026-09-25 12:28:52,09/25 12:28,500113049,YouBike2.0_中華峨眉街口,萬華區,1,24,23,0,25.04345,121.50841
2026-09-25 12:28:52,09/25 12:28,500113050,YouBike2.0_萬華266號綠地,萬華區,1,19,5,13,25.0403,121.50197
2026-09-25 12:28:52,09/25 12:28,500113051,YouBike2.0_萬大國小(萬大路344巷口),萬華區,1,22,12,10,25.02376,121.49986
2026-09-25 12:28:52,09/25 12:28,500113052,YouBike2.0_德昌街10巷口,萬華區,1,17,10,5,25.02533,121.4996
2026-09-25 12:28:52,09/25 12:28,500113053,YouBike2.0_環河南和平西路口,萬華區,1,20,10,10,25.03517,121.49048
2026-09-25 12:28:52,09/25 12:28,500113054,YouBike2.0_長順街60巷口,萬華區,1,15,14,1,25.03119,121.48858
2026-09-25 12:28:52,09/25 12:28,500113055,YouBike2.0_西園公園,萬華區,1,14,8,5,25.0271,121.49775
2026-09-25 12:28:52,09/25 12:28,500113056,YouBike2.0_華江污水廠,萬華區,1,20,7,13,25.03606,121.49163
2026-09-25 12:28:52,09/25 12:28,500113057,YouBike2.0_柳鄉公園,萬華區,1,34,11,23,25.03731,121.49526
2026-09-25 12:28:52,09/25 12:28,500113058,YouBike2.0_綠堤社區公園,萬華區,1,28,9,16,25.03302,121.4931
2026-09-25 12:28:52,09/25 12:28,500113059,YouBike2.0_長順艋舺大道口,萬華區,1,26,12,14,25.03035,121.49228
2026-09-25 12:28:52,09/25 12:28,500113060,YouBike2.0_富民路145巷口,萬華區,0,18,8,10,25.01796,121.49988
2026-09-25 12:28:52,09/25 12:28,500113061,YouBike2.0_環南綜合市場,萬華區,1,26,17,9,25.0286,121.48908
2026-09-25 12:28:52,09/25 12:28,500113062,YouBike2.0_龍山國中,萬華區,1,15,3,12,25.03646,121.50492
2026-09-25 12:28:52,09/25 12:28,500113063,YouBike2.0_洛陽停車場,萬華區,0,22,0,0,25.04776,121.50612
2026-09-25 12:28:52,09/25 12:28,500113064,YouBike2.0_桂林昆明街口,萬華區,1,29,12,17,25.03811,121.50362
2026-09-25 12:28:52,09/25 12:28,500113065,YouBike2.0_萬華國中_1,萬華區,1,36,2,33,25.02926,121.49936
2026-09-25 12:28:52,09/25 12:28,500113066,YouBike2.0_青年公園3號出口,萬華區,1,46,20,23,25.02273,121.50271
2026-09-25 12:28:52,09/25 12:28,500113068,YouBike2.0_捷運龍山寺站(1號出口)_1,萬華區,0,11,0,0,25.03548,121.50026
2026-09-25 12:28:52,09/25 12:28,500113069,YouBike2.0_莒光社會住宅,萬華區,1,30,21,4,25.0317,121.50033
2026-09-25 12:28:52,09/25 12:28,500113070,YouBike2.0_艋舺西藏路口,萬華區,1,30,2,28,25.0287,121.49156
2026-09-25 12:28:52,09/25 12:28,500113071,YouBike2.0_萬大路493巷,萬華區,1,10,5,5,25.01975,121.4992
2026-09-25 12:28:52,09/25 12:28,500113072,YouBike2.0_雙園國中地下停車場,萬華區,1,12,6,6,25.02768,121.49134
2026-09-25 12:28:52,09/25 12:28,500113073,YouBike2.0_青年路152巷口,萬華區,1,23,6,10,25.01979,121.5009
2026-09-25 12:28:52,09/25 12:28,500113074,YouBike2.0_和平西路二段190巷口,萬華區,1,12,1,11,25.03348,121.50445
2026-09-25 12:28:52,09/25 12:28,500113075,YouBike2.0_萬大路424巷口,萬華區,1,15,2,12,25.02039,121.4927
2026-09-25 12:28:52,09/25 12:28,500113077,YouBike2.0_長泰街52巷口,萬華區,1,15,11,0,25.0232,121.50028
2026-09-25 12:28:52,09/25 12:28,500113078,YouBike2.0_水源青年路口,萬華區,1,24,9,13,25.02005,121.50429
2026-09-25 12:28:52,09/25 12:28,500113079,YouBike2.0_青年公園4號出口,萬華區,1,24,17,4,25.02114,121.50265
2026-09-25 12:28:52,09/25 12:28,500113080,YouBike2.0_祥安水岸景觀大廈,萬華區,1,15,4,8,25.01907,121.50219
2026-09-25 12:28:52,09/25 12:28,500113081,YouBike2.0_大理高中(西藏路),萬華區,1,40,10,30,25.03062,121.49021
2026-09-25 12:28:52,09/25 12:28,500113083,YouBike2.0_綠堤公園(西北側),萬華區,1,9,3,6,25.03338,121.49267
2026-09-25 12:28:52,09/25 12:28,500113085,YouBike2.0_艋舺雙園街口,萬華區,1,14,9,5,25.0301,121.49324
2026-09-25 12:28:52,09/25 12:28,500113086,YouBike2.0_德昌街125巷口,萬華區,1,19,8,11,25.02406,121.49639
2026-09-25 12:28:52,09/25 12:28,500113087,YouBike2.0_萬青街186號,萬華區,1,21,1,14,25.02263,121.50154
2026-09-25 12:28:52,09/25 12:28,500113088,YouBike2.0_艋舺大道/西園路140巷口,萬華區,1,20,9,11,25.03174,121.49502
2026-09-25 12:28:52,09/25 12:28,500113089,YouBike2.0_龍山國中(廣州街),萬華區,1,24,0,24,25.03614,121.50625
2026-09-25 12:28:52,09/25 12:28,500113090,YouBike2.0_華江高中(西藏路),萬華區,1,32,12,19,25.02901,121.49659
2026-09-25 12:28:52,09/25 12:28,500113091,YouBike2.0_新和國小(中華路二段416巷),萬華區,1,19,13,6,25.02677,121.50283
2026-09-25 12:28:52,09/25 12:28,500113092,YouBike2.0_環南綜合市場(西藏路),萬華區,1,15,1,11,25.0294,121.49082
2026-09-25 12:28:52,09/25 12:28,500113093,YouBike2.0_萬華青年社會住宅(青年路168巷49弄),萬華區,1,20,12,8,25.01995,121.50229
2026-09-25 12:28:52,09/25 12:28,500113094,YouBike2.0_萬華51號公園,萬華區,1,14,2,12,25.03484,121.49928
2026-09-25 12:28:52,09/25 12:28,500113095,YouBike2.0_萬華區公所(大理街),萬華區,1,26,18,8,25.03457,121.5
2026-09-25 12:28:52,09/25 12:28,500113096,YouBike2.0_環河南路一段350巷口,萬華區,1,15,8,7,25.03935,121.49743
2026-09-25 12:28:52,09/25 12:28,500113097,YouBike2.0_萬華安居社會住宅B區,萬華區,1,32,7,21,25.03349,121.49089
2026-09-25 12:28:52,09/25 12:28,500113098,YouBike2.0_青年公園(西藏路125巷口),萬華區,1,18,1,16,25.0251,121.50371
2026-09-25 12:28:52,09/25 12:28,500113099,YouBike2.0_漢口街二段53巷口,萬華區,1,19,5,14,25.04581,121.50636
2026-09-25 12:28:52,09/25 12:28,500113100,YouBike2.0_環河福德宮,萬華區,1,27,5,22,25.03788,121.49429
2026-09-25 12:28:52,09/25 12:28,500113101,YouBike2.0_崇仁花園(萬大路423巷),萬華區,1,20,4,14,25.02183,121.50133
2026-09-25 12:28:52,09/25 12:28,500113102,YouBike2.0_復華花園新城東側,萬華區,1,32,10,17,25.02975,121.5035
2026-09-25 12:28:52,09/25 12:28,500113103,YouBike2.0_中華開封街口,萬華區,1,36,12,23,25.04587,121.50912
2026-09-25 12:28:52,09/25 12:28,500113104,YouBike2.0_中華忠孝路口(西南側),萬華區,1,19,8,11,25.04763,121.5095
2026-09-25 12:28:52,09/25 12:28,500113105,YouBike2.0_祥安國宅,萬華區,1,19,18,1,25.01959,121.50325
2026-09-25 12:28:52,09/25 12:28,500119005,YouBike2.0_臺大水源舍區A棟,臺大公館校區,1,37,1,36,25.01493,121.53044
2026-09-25 12:28:52,09/25 12:28,500119006,YouBike2.0_臺大卓越研究大樓,臺大公館校區,1,92,15,77,25.01466,121.52917
2026-09-25 12:28:52,09/25 12:28,500119007,YouBike2.0_臺大水源修齊會館,臺大公館校區,1,35,0,35,25.01411,121.52997
2026-09-25 12:28:52,09/25 12:28,500119008,YouBike2.0_臺大檔案展示館,臺大公館校區,1,10,4,6,25.01391,121.52895
2026-09-25 12:28:52,09/25 12:28,500119009,YouBike2.0_臺大水源舍區B棟,臺大公館校區,1,30,1,29,25.01525,121.53009
2026-09-25 12:28:52,09/25 12:28,500119043,YouBike2.0_臺大男八舍東側,臺大公館校區,1,42,0,42,25.01729,121.54531
2026-09-25 12:28:52,09/25 12:28,500119044,YouBike2.0_臺大禮賢樓東南側,臺大公館校區,1,35,1,34,25.01415,121.53767
2026-09-25 12:28:52,09/25 12:28,500119045,YouBike2.0_臺大農業陳列館北側,臺大公館校區,1,45,22,23,25.01839,121.53404
2026-09-25 12:28:52,09/25 12:28,500119046,YouBike2.0_臺大管理學院二館北側,臺大公館校區,1,40,2,38,25.01355,121.53673
2026-09-25 12:28:52,09/25 12:28,500119047,YouBike2.0_臺大土木系館,臺大公館校區,1,30,4,26,25.01761,121.53844
2026-09-25 12:28:52,09/25 12:28,500119048,YouBike2.0_臺大大一女舍北側,臺大公館校區,1,53,5,48,25.01547,121.53436
2026-09-25 12:28:52,09/25 12:28,500119049,YouBike2.0_臺大女九舍西南側,臺大公館校區,1,37,2,33,25.01981,121.53903
2026-09-25 12:28:52,09/25 12:28,500119050,YouBike2.0_臺大小福樓東側,臺大公館校區,1,31,2,27,25.01846,121.5376
2026-09-25 12:28:52,09/25 12:28,500119051,YouBike2.0_臺大立體機車停車場,臺大公館校區,1,27,0,24,25.01616,121.54251
2026-09-25 12:28:52,09/25 12:28,500119052,YouBike2.0_臺大工綜館南側,臺大公館校區,1,43,2,40,25.01857,121.54059
2026-09-25 12:28:52,09/25 12:28,500119053,YouBike2.0_臺大天文數學館南側,臺大公館校區,1,40,11,29,25.02108,121.53783
2026-09-25 12:28:52,09/25 12:28,500119054,YouBike2.0_臺大心理系館南側,臺大公館校區,1,30,3,27,25.01941,121.5404
2026-09-25 12:28:52,09/25 12:28,500119055,YouBike2.0_臺大樂學館東側,臺大公館校區,1,28,13,15,25.01793,121.53585
2026-09-25 12:28:52,09/25 12:28,500119056,YouBike2.0_臺大農化新館西側,臺大公館校區,1,10,2,8,25.01627,121.53535
2026-09-25 12:28:52,09/25 12:28,500119057,YouBike2.0_臺大五號館西側,臺大公館校區,1,48,1,47,25.01666,121.53718
2026-09-25 12:28:52,09/25 12:28,500119058,YouBike2.0_臺大舊體育館西側,臺大公館校區,1,33,13,20,25.0198,121.53583
2026-09-25 12:28:52,09/25 12:28,500119059,YouBike2.0_臺大共同教室北側,臺大公館校區,1,68,2,66,25.01595,121.53791
2026-09-25 12:28:52,09/25 12:28,500119060,YouBike2.0_臺大共同教室東南側,臺大公館校區,1,12,1,11,25.01566,121.53786
2026-09-25 12:28:52,09/25 12:28,500119061,YouBike2.0_臺大鹿鳴堂東側,臺大公館校區,1,39,0,39,25.01511,121.53786
2026-09-25 12:28:52,09/25 12:28,500119062,YouBike2.0_臺大公館停車場西北側,臺大公館校區,1,12,0,12,25.01345,121.53798
2026-09-25 12:28:52,09/25 12:28,500119063,YouBike2.0_臺大第二行政大樓南側,臺大公館校區,1,27,2,24,25.01603,121.53635
2026-09-25 12:28:52,09/25 12:28,500119064,YouBike2.0_臺大明達館機車停車場,臺大公館校區,1,28,0,27,25.01754,121.54398
2026-09-25 12:28:52,09/25 12:28,500119065,YouBike2.0_臺大二號館,臺大公館校區,1,10,1,9,25.01699,121.53574
2026-09-25 12:28:52,09/25 12:28,500119066,YouBike2.0_臺大凝態館南側,臺大公館校區,1,20,8,12,25.02157,121.53633
2026-09-25 12:28:52,09/25 12:28,500119067,YouBike2.0_臺大社科院西側,臺大公館校區,1,42,2,40,25.02053,121.54145
2026-09-25 12:28:52,09/25 12:28,500119068,YouBike2.0_臺大社會系館南側,臺大公館校區,1,51,1,49,25.01987,121.54175
2026-09-25 12:28:52,09/25 12:28,500119069,YouBike2.0_臺大思亮館東南側,臺大公館校區,1,37,8,29,25.02074,121.53906
2026-09-25 12:28:52,09/25 12:28,500119070,YouBike2.0_臺大椰林小舖,臺大公館校區,1,65,0,65,25.01561,121.53583
2026-09-25 12:28:52,09/25 12:28,500119071,YouBike2.0_臺大計資中心南側,臺大公館校區,1,54,3,51,25.02036,121.53992
2026-09-25 12:28:52,09/25 12:28,500119072,YouBike2.0_臺大原分所北側,臺大公館校區,1,12,5,6,25.01881,121.53868
2026-09-25 12:28:52,09/25 12:28,500119074,YouBike2.0_臺大生命科學館西北側,臺大公館校區,1,30,0,30,25.01548,121.53825
2026-09-25 12:28:52,09/25 12:28,500119075,YouBike2.0_臺大第一活動中心西南側,臺大公館校區,1,48,3,42,25.01761,121.53995
2026-09-25 12:28:52,09/25 12:28,500119076,YouBike2.0_臺大博理館西側,臺大公館校區,1,22,1,21,25.01922,121.54195
2026-09-25 12:28:52,09/25 12:28,500119077,YouBike2.0_臺大博雅館西側,臺大公館校區,1,99,6,93,25.0189,121.536
2026-09-25 12:28:52,09/25 12:28,500119078,YouBike2.0_臺大森林館北側,臺大公館校區,1,10,0,10,25.01704,121.53888
2026-09-25 12:28:52,09/25 12:28,500119079,YouBike2.0_臺大一號館,臺大公館校區,1,19,8,11,25.01698,121.53455
2026-09-25 12:28:52,09/25 12:28,500119080,YouBike2.0_臺大小小福西南側,臺大公館校區,1,10,1,9,25.01539,121.53686
2026-09-25 12:28:52,09/25 12:28,500119081,YouBike2.0_臺大教研館北側,臺大公館校區,1,26,0,26,25.01337,121.53909
2026-09-25 12:28:52,09/25 12:28,500119082,YouBike2.0_臺大四號館東北側,臺大公館校區,1,34,1,33,25.01703,121.53781
2026-09-25 12:28:52,09/25 12:28,500119083,YouBike2.0_臺大新生教室南側,臺大公館校區,1,18,2,15,25.0196,121.53846
2026-09-25 12:28:52,09/25 12:28,500119084,YouBike2.0_臺大鄭江樓北側,臺大公館校區,1,40,0,39,25.01854,121.54309
2026-09-25 12:28:52,09/25 12:28,500119085,YouBike2.0_臺大電機二館東南側,臺大公館校區,1,14,0,14,25.01857,121.54247
2026-09-25 12:28:52,09/25 12:28,500119086,YouBike2.0_臺大圖資系館北側,臺大公館校區,1,51,0,49,25.01804,121.53928
2026-09-25 12:28:52,09/25 12:28,500119087,YouBike2.0_臺大總圖書館西南側,臺大公館校區,1,73,0,72,25.0169,121.54031
2026-09-25 12:28:52,09/25 12:28,500119088,YouBike2.0_臺大黑森林西側,臺大公館校區,1,35,0,34,25.01995,121.54347
2026-09-25 12:28:52,09/25 12:28,500119089,YouBike2.0_臺大獸醫館南側,臺大公館校區,1,24,0,24,25.01791,121.54242
2026-09-25 12:28:52,09/25 12:28,500119090,YouBike2.0_臺大新體育館東南側,臺大公館校區,1,51,9,42,25.02112,121.53591
2026-09-25 12:28:52,09/25 12:28,500119091,YouBike2.0_臺大明達館北側(員工宿舍),臺大公館校區,1,93,0,93,25.01816,121.54469
2026-09-25 12:28:52,09/25 12:28,500119092,YouBike2.0_臺大管理學院一館,臺大公館校區,1,17,0,16,25.01436,121.53828
2026-09-25 12:28:52,09/25 12:28,500119093,YouBike2.0_臺大禮賢樓西側,臺大公館校區,1,36,0,34,25.01467,121.53765
2026-09-25 12:28:52,09/25 12:28,500119094,YouBike2.0_臺大大一女餐廳廣場,臺大公館校區,1,40,23,0,25.01479,121.53494
2026-09-25 12:28:52,09/25 12:28,500119095,YouBike2.0_臺大學新館,臺大公館校區,1,33,1,32,25.01944,121.54339
2026-09-25 12:28:52,09/25 12:28,500119096,YouBike2.0_臺大水源舍區C棟,臺大公館校區,1,99,13,85,25.01547,121.52892
2026-09-25 12:28:52,09/25 12:28,500119097,YouBike2.0_臺大人文館,臺大公館校區,1,67,15,52,25.0182,121.53476
2026-09-25 12:28:52,09/25 12:28,500119098,YouBike2.0_臺大數學研究中心(東側),臺大公館校區,1,62,2,60,25.02004,121.53881
2026-09-25 12:28:52,09/25 12:28,500119099,YouBike2.0_臺大博理館北側,臺大公館校區,1,36,0,36,25.01945,121.54245
2026-09-25 12:28:52,09/25 12:28,500119100,YouBike2.0_臺大博理館東側,臺大公館校區,1,24,0,24,25.01929,121.54264
2026-09-25 12:28:52,09/25 12:28,500119101,YouBike2.0_臺大德田館東北側,臺大公館校區,1,56,0,55,25.01976,121.54197
2026-09-25 12:28:52,09/25 12:28,500119102,YouBike2.0_臺大普通教學館東側,臺大公館校區,1,42,3,37,25.01861,121.53717
2026-09-25 12:28:52,09/25 12:28,500119103,YouBike2.0_臺大次震宇宙館西側,臺大公館校區,1,34,10,24,25.02162,121.537
2026-09-25 17:58:52,09/25 17:58,500101001,YouBike2.0_捷運科技大樓站,大安區,1,28,22,6,25.02605,121.5436
2026-09-25 17:58:52,09/25 17:58,500101002,YouBike2.0_復興南路二段273號前,大安區,1,21,21,0,25.02565,121.54357
2026-09-25 17:58:52,09/25 17:58,500101003,YouBike2.0_國北教大實小東側門,大安區,1,28,1,27,25.02429,121.54124
2026-09-25 17:58:52,09/25 17:58,500101004,YouBike2.0_和平公園東側,大安區,1,11,8,3,25.02351,121.54282
2026-09-25 17:58:52,09/25 17:58,500101005,YouBike2.0_辛亥復興路口西北側,大安區,1,16,2,14,25.02153,121.54299
2026-09-25 17:58:52,09/25 17:58,500101006,YouBike2.0_復興南路二段280號前,大安區,1,27,1,26,25.02429,121.54328
2026-09-25 17:58:52,09/25 17:58,500101007,YouBike2.0_復興南路二段340巷口,大安區,1,11,2,9,25.02253,121.54326
2026-09-25 17:58:52,09/25 17:58,500101008,YouBike2.0_新生南路三段52號前,大安區,1,17,2,14,25.02112,121.53407
2026-09-25 17:58:52,09/25 17:58,500101009,YouBike2.0_新生南路三段66號前,大安區,1,16,13,3,25.01976,121.53384
2026-09-25 17:58:52,09/25 17:58,500101010,YouBike2.0_新生南路三段82號前,大安區,1,20,10,10,25.01894,121.53361
2026-09-25 17:58:52,09/25 17:58,500101012,YouBike2.0_辛亥路一段30號前,大安區,1,8,2,6,25.01986,121.52982
2026-09-25 17:58:52,09/25 17:58,500101013,YouBike2.0_和平復興路口西北側,大安區,1,9,1,7,25.02543,121.54332
2026-09-25 17:58:52,09/25 17:58,500101014,YouBike2.0_羅斯福路三段311號前,大安區,1,11,6,5,25.01717,121.53202
2026-09-25 17:58:52,09/25 17:58,500101015,YouBike2.0_大安運動中心停車場,大安區,1,19,2,17,25.02089,121.54697
2026-09-25 17:58:52,09/25 17:58,500101016,YouBike2.0_羅斯福路三段245號前,大安區,1,8,1,7,25.01927,121.52989
2026-09-25 17:58:52,09/25 17:58,500101018,YouBike2.0_溫州公園,大安區,1,11,3,8,25.01895,121.53156
2026-09-25 17:58:52,09/25 17:58,500101019,YouBike2.0_和平臥龍街口,大安區,1,24,4,20,25.024461,121.546705
2026-09-25 17:58:52,09/25 17:58,500101020,YouBike2.0_溫州停車場,大安區,0,5,0,0,25.02093,121.5331
2026-09-25 17:58:52,09/25 17:58,500101021,YouBike2.0_銘傳國小側門,大安區,1,7,6,1,25.01385,121.53549
2026-09-25 17:58:52,09/25 17:58,500101022,YouBike2.0_捷運公館站(2號出口),大安區,1,99,63,17,25.01491,121.53438
2026-09-25 17:58:52,09/25 17:58,500101023,YouBike2.0_第二學生活動中心,大安區,1,87,9,78,25.01244,121.53661
2026-09-25 17:58:52,09/25 17:58,500101024,YouBike2.0_臺灣科技大學正門,大安區,1,50,0,50,25.01451,121.54142
2026-09-25 17:58:52,09/25 17:58,500101025,YouBike2.0_臺灣科技大學側門,大安區,1,97,1,96,25.01295,121.53973
2026-09-25 17:58:52,09/25 17:58,500101026,YouBike2.0_公館公園,大安區,1,51,0,51,25.01137,121.54062
2026-09-25 17:58:52,09/25 17:58,500101027,YouBike2.0_臺灣科技大學後門,大安區,1,99,3,96,25.01182,121.54165
2026-09-25 17:58:52,09/25 17:58,500101028,YouBike2.0_臺大醫學院附設癌醫中心,大安區,1,20,1,19,25.01426,121.54382
2026-09-25 17:58:52,09/25 17:58,500101029,YouBike2.0_臺大環研大樓,大安區,1,41,6,34,25.01234,121.54503
2026-09-25 17:58:52,09/25 17:58,500101030,YouBike2.0_臺大永齡生醫工程館,大安區,1,34,2,31,25.0136,121.54656
2026-09-25 17:58:52,09/25 17:58,500101031,YouBike2.0_臺大男七舍前,大安區,1,20,0,20,25.01537,121.54698
2026-09-25 17:58:52,09/25 17:58,500101032,YouBike2.0_臺大男一舍前,大安區,1,61,0,61,25.01637,121.54535
2026-09-25 17:58:52,09/25 17:58,500101033,YouBike2.0_臺大男六舍前,大安區,1,40,0,40,25.01664,121.5452
2026-09-25 17:58:52,09/25 17:58,500101034,YouBike2.0_臺大動物醫院前,大安區,1,18,3,14,25.01576,121.54291
2026-09-25 17:58:52,09/25 17:58,500101035,YouBike2.0_臺大土木研究大樓前,大安區,1,24,15,7,25.01787,121.5476
2026-09-25 17:58:52,09/25 17:58,500101036,YouBike2.0_臺大萬才館前,大安區,1,20,0,20,25.02032,121.54497
2026-09-25 17:58:52,09/25 17:58,500101037,YouBike2.0_臺大國青大樓宿舍前,大安區,1,20,0,20,25.02076,121.54432
2026-09-25 17:58:52,09/25 17:58,500101038,YouBike2.0_臺大社科院圖書館前,大安區,1,27,1,25,25.02101,121.54284
2026-09-25 17:58:52,09/25 17:58,500101039,YouBike2.0_臺大法人語言訓練中心前,大安區,1,28,2,25,25.02104,121.54081
2026-09-25 17:58:52,09/25 17:58,500101040,YouBike2.0_臺大綜合體育館停車場前,大安區,1,25,6,18,25.0222,121.53626
2026-09-25 17:58:52,09/25 17:58,500101041,YouBike2.0_辛亥新生路口東南側,大安區,1,50,5,45,25.02218,121.53474
2026-09-25 17:58:52,09/25 17:58,500101042,YouBike2.0_基隆長興路口東側,大安區,1,15,0,15,25.01727,121.54471
2026-09-25 17:58:52,09/25 17:58,500101091,YouBike2.0_國北教大側門南側,大安區,1,34,3,31,25.022864,121.546622
2026-09-25 17:58:52,09/25 17:58,500101092,YouBike2.0_和平實小東北側,大安區,1,25,0,25,25.021641,121.54704
2026-09-25 17:58:52,09/25 17:58,500101093,YouBike2.0_大安區健康服務中心,大安區,1,23,3,20,25.021469,121.544069
2026-09-25 17:58:52,09/25 17:58,500101094,YouBike2.0_辛亥泰順街口,大安區,1,20,2,18,25.02193,121.53165
2026-09-25 17:58:52,09/25 17:58,500101095,YouBike2.0_臺北市芳和實驗中學,大安區,1,76,20,56,25.0189,121.55013
2026-09-25 17:58:52,09/25 17:58,500101097,YouBike2.0_臥龍樂業街口,大安區,1,64,1,62,25.01856,121.55558
2026-09-25 17:58:52,09/25 17:58,500101098,YouBike2.0_臥龍公園,大安區,1,25,8,17,25.01623,121.55037
2026-09-25 17:58:52,09/25 17:58,500101099,YouBike2.0_嘉興公園,大安區,1,44,1,43,25.021,121.55211
2026-09-25 17:58:52,09/25 17:58,500101100,YouBike2.0_捷運麟光站(2號出口),大安區,1,69,14,55,25.0181,121.55929
2026-09-25 17:58:52,09/25 17:58,500101101,YouBike2.0_捷運六張犁站,大安區,1,64,4,59,25.02397,121.55266
2026-09-25 17:58:52,09/25 17:58,500101102,YouBike2.0_喬治工商,大安區,1,22,0,22,25.02705,121.55551
2026-09-25 17:58:52,09/25 17:58,500101103,YouBike2.0_法治公園,大安區,1,41,1,40,25.02694,121.55325
2026-09-25 17:58:52,09/25 17:58,500101104,YouBike2.0_捷運臺電大樓站(2號出口),大安區,1,18,7,11,25.02021,121.52942
2026-09-25 17:58:52,09/25 17:58,500101105,YouBike2.0_和平金山路口,大安區,1,58,11,47,25.02669,121.52529
2026-09-25 17:58:52,09/25 17:58,500101107,YouBike2.0_和平龍泉街口,大安區,1,34,2,31,25.02638,121.52971
2026-09-25 17:58:52,09/25 17:58,500101108,YouBike2.0_和平泰順街口,大安區,1,19,8,10,25.02621,121.53171
2026-09-25 17:58:52,09/25 17:58,500101109,YouBike2.0_臺灣師範大學(圖書館),大安區,1,40,1,38,25.0266,121.52973
2026-09-25 17:58:52,09/25 17:58,500101110,YouBike2.0_捷運古亭站(6號出口),大安區,1,60,28,32,25.0276,121.52217
2026-09-25 17:58:52,09/25 17:58,500101111,YouBike2.0_捷運古亭站(5號出口),大安區,0,14,0,0,25.02715,121.52293
2026-09-25 17:58:52,09/25 17:58,500101113,YouBike2.0_臺北市立圖書館(總館),大安區,1,99,10,89,25.02895,121.5379
2026-09-25 17:58:52,09/25 17:58,500101114,YouBike2.0_新生和平路口東北側,大安區,1,51,23,28,25.02657,121.53515
2026-09-25 17:58:52,09/25 17:58,500101115,YouBike2.0_建國和平路口西北側,大安區,1,50,15,35,25.02606,121.53738
2026-09-25 17:58:52,09/25 17:58,500101116,YouBike2.0_金華公園,大安區,1,44,3,38,25.02984,121.53107
2026-09-25 17:58:52,09/25 17:58,500101117,YouBike2.0_捷運東門站(3號出口),大安區,0,18,0,0,25.03383,121.52815
2026-09-25 17:58:52,09/25 17:58,500101118,YouBike2.0_金甌女中,大安區,1,15,1,14,25.03519,121.5245
2026-09-25 17:58:52,09/25 17:58,500101119,YouBike2.0_金杭公園,大安區,1,20,0,20,25.03325,121.52436
2026-09-25 17:58:52,09/25 17:58,500101120,YouBike2.0_愛國金山路口,大安區,1,57,10,45,25.03164,121.52661
2026-09-25 17:58:52,09/25 17:58,500101122,YouBike2.0_敦化南路二段293巷口南側,大安區,1,14,3,11,25.0237,121.54899
2026-09-25 17:58:52,09/25 17:58,500101123,YouBike2.0_敦化基隆路口,大安區,1,38,1,37,25.02215,121.54839
2026-09-25 17:58:52,09/25 17:58,500101124,YouBike2.0_安和路二段181巷口,大安區,1,29,3,26,25.02721,121.54988
2026-09-25 17:58:52,09/25 17:58,500101125,YouBike2.0_臨江街夜市(通化街101巷口),大安區,1,30,15,15,25.02952,121.55406
2026-09-25 17:58:52,09/25 17:58,500101126,YouBike2.0_臨江街夜市(基隆路),大安區,1,29,4,24,25.02931,121.55721
2026-09-25 17:58:52,09/25 17:58,500101127,YouBike2.0_台北科技大學億光大樓,大安區,1,59,23,36,25.04177,121.53833
2026-09-25 17:58:52,09/25 17:58,500101128,YouBike2.0_新生南路一段119巷口,大安區,1,64,9,55,25.04003,121.53299
2026-09-25 17:58:52,09/25 17:58,500101129,YouBike2.0_幸安國小(仁愛路),大安區,1,28,6,20,25.03753,121.53523
2026-09-25 17:58:52,09/25 17:58,500101130,YouBike2.0_民榮公園,大安區,1,31,6,25,25.03534,121.5354
2026-09-25 17:58:52,09/25 17:58,500101131,YouBike2.0_復興南路1段340巷口,大安區,1,50,2,47,25.03701,121.54348
2026-09-25 17:58:52,09/25 17:58,500101132,YouBike2.0_建國濟南路口,大安區,1,54,1,53,25.03935,121.53828
2026-09-25 17:58:52,09/25 17:58,500101133,YouBike2.0_捷運忠孝復興站(2號出口),大安區,1,29,9,20,25.04035,121.5436
2026-09-25 17:58:52,09/25 17:58,500101134,YouBike2.0_捷運大安站(4號出口),大安區,1,16,3,12,25.0332,121.5439
2026-09-25 17:58:52,09/25 17:58,500101135,YouBike2.0_捷運大安站(2號出口),大安區,1,60,2,58,25.03358,121.54141
2026-09-25 17:58:52,09/25 17:58,500101136,YouBike2.0_信義大安路口(信維大樓),大安區,1,18,7,11,25.03317,121.54639
2026-09-25 17:58:52,09/25 17:58,500101137,YouBike2.0_龍門廣場,大安區,1,70,51,18,25.04092,121.54825
2026-09-25 17:58:52,09/25 17:58,500101138,YouBike2.0_仁愛安和路口,大安區,1,33,9,24,25.03754,121.55285
2026-09-25 17:58:52,09/25 17:58,500101139,YouBike2.0_信義敦化路口,大安區,1,52,32,20,25.03333,121.54977
2026-09-25 17:58:52,09/25 17:58,500101140,YouBike2.0_仁愛國中,大安區,1,25,7,18,25.03706,121.55166
2026-09-25 17:58:52,09/25 17:58,500101141,YouBike2.0_捷運信義安和站(2號出口),大安區,1,24,8,16,25.03304,121.55171
2026-09-25 17:58:52,09/25 17:58,500101142,YouBike2.0_八德市場,大安區,1,30,8,22,25.04463,121.53665
2026-09-25 17:58:52,09/25 17:58,500101143,YouBike2.0_昌隆公園,大安區,1,16,3,13,25.04448,121.53946
2026-09-25 17:58:52,09/25 17:58,500101144,YouBike2.0_捷運大安森林公園站(2號出口),大安區,1,69,48,19,25.03332,121.53435
2026-09-25 17:58:52,09/25 17:58,500101145,YouBike2.0_信義延吉街口,大安區,1,15,3,11,25.03318,121.55725
2026-09-25 17:58:52,09/25 17:58,500101146,YouBike2.0_光信公園(光復南路456巷),大安區,1,25,7,18,25.03513,121.5561
2026-09-25 17:58:52,09/25 17:58,500101147,YouBike2.0_僑安地下停車場(2號出口)東南側,大安區,1,28,23,3,25.0391,121.5569
2026-09-25 17:58:52,09/25 17:58,500101148,YouBike2.0_建國南路一段279巷口,大安區,1,62,1,61,25.03635,121.53833
2026-09-25 17:58:52,09/25 17:58,500101149,YouBike2.0_捷運忠孝新生站(6號出口),大安區,1,35,18,17,25.04091,121.53295
2026-09-25 17:58:52,09/25 17:58,500101150,YouBike2.0_捷運忠孝新生站(4號出口),大安區,1,46,13,31,25.04239,121.53324
2026-09-25 17:58:52,09/25 17:58,500101151,YouBike2.0_大安高工,大安區,1,23,1,21,25.03126,121.54339
2026-09-25 17:58:52,09/25 17:58,500101152,YouBike2.0_捷運忠孝新生站(3號出口),大安區,1,43,0,43,25.04189,121.53376
2026-09-25 17:58:52,09/25 17:58,500101153,YouBike2.0_瑠公公園,大安區,1,20,20,0,25.04201,121.54612
2026-09-25 17:58:52,09/25 17:58,500101154,YouBike2.0_敦化市民路口,大安區,1,23,2,21,25.04405,121.5486
2026-09-25 17:58:52,09/25 17:58,500101155,YouBike2.0_捷運大安森林公園站(5號出口),大安區,1,15,11,4,25.03336,121.5364
2026-09-25 17:58:52,09/25 17:58,500101156,YouBike2.0_信義建國路口,大安區,1,52,45,7,25.0328,121.53746
2026-09-25 17:58:52,09/25 17:58,500101157,YouBike2.0_東豐公園,大安區,1,19,10,8,25.03569,121.5451
2026-09-25 17:58:52,09/25 17:58,500101158,YouBike2.0_德安公園(四維路66巷),大安區,1,22,2,20,25.03473,121.54767
2026-09-25 17:58:52,09/25 17:58,500101159,YouBike2.0_捷運忠孝復興站(5號出口),大安區,1,30,9,18,25.04253,121.54407
2026-09-25 17:58:52,09/25 17:58,500101160,YouBike2.0_捷運忠孝敦化站(2號出口),大安區,1,17,15,1,25.04153,121.5524
2026-09-25 17:58:52,09/25 17:58,500101161,YouBike2.0_捷運忠孝敦化站(7號出口),大安區,1,18,18,0,25.04159,121.54937
2026-09-25 17:58:52,09/25 17:58,500101162,YouBike2.0_忠孝東路四段223巷口(市民大道側),大安區,1,49,8,41,25.04427,121.55291
2026-09-25 17:58:52,09/25 17:58,500101163,YouBike2.0_瑞安街208巷,大安區,1,15,5,9,25.02979,121.54053
2026-09-25 17:58:52,09/25 17:58,500101165,YouBike2.0_樂利路21巷口,大安區,1,17,3,14,25.0277,121.55132
2026-09-25 17:58:52,09/25 17:58,500101166,YouBike2.0_捷運科技大樓站(台北教育大學),大安區,1,54,24,30,25.02472,121.54417
2026-09-25 17:58:52,09/25 17:58,500101167,YouBike2.0_捷運國父紀念館站(2號出口),大安區,1,62,42,15,25.04122,121.55745
2026-09-25 17:58:52,09/25 17:58,500101168,YouBike2.0_仁愛醫院,大安區,1,36,5,31,25.03756,121.54587
2026-09-25 17:58:52,09/25 17:58,500101169,YouBike2.0_捷運信義安和站(4號出口),大安區,1,49,12,36,25.03305,121.55378
2026-09-25 17:58:52,09/25 17:58,500101170,YouBike2.0_成功國宅,大安區,1,36,3,33,25.02681,121.54668
2026-09-25 17:58:52,09/25 17:58,500101171,YouBike2.0_仁愛延吉街口,大安區,1,33,6,27,25.03748,121.55564
2026-09-25 17:58:52,09/25 17:58,500101172,YouBike2.0_捷運信義安和站(1號出口),大安區,1,49,10,39,25.03331,121.55265
2026-09-25 17:58:52,09/25 17:58,500101173,YouBike2.0_敦化南路二段103巷口,大安區,1,24,10,14,25.0287,121.54904
2026-09-25 17:58:52,09/25 17:58,500101174,YouBike2.0_復興南路二段128巷口,大安區,1,31,9,20,25.02861,121.54336
2026-09-25 17:58:52,09/25 17:58,500101175,YouBike2.0_和平東建國南路口,大安區,1,17,1,16,25.02575,121.5377
2026-09-25 17:58:52,09/25 17:58,500101176,YouBike2.0_芳蘭山莊,大安區,1,16,0,16,25.01223,121.54788
2026-09-25 17:58:52,09/25 17:58,500101177,YouBike2.0_復興南路一段126巷口,大安區,1,15,5,9,25.04311,121.54313
2026-09-25 17:58:52,09/25 17:58,500101179,YouBike2.0_捷運東門站(5號出口),大安區,1,28,21,6,25.03363,121.52962
2026-09-25 17:58:52,09/25 17:58,500101180,YouBike2.0_仁愛路四段48巷口,大安區,1,12,7,5,25.03597,121.54693
2026-09-25 17:58:52,09/25 17:58,500101181,YouBike2.0_捷運公館站(3號出口),大安區,1,99,66,30,25.01551,121.53374
2026-09-25 17:58:52,09/25 17:58,500101182,YouBike2.0_臺北科技大學(電機工程系),大安區,1,34,4,30,25.04196,121.53653
2026-09-25 17:58:52,09/25 17:58,500101184,YouBike2.0_新生南路三段94巷口,大安區,1,15,5,10,25.01744,121.53334
2026-09-25 17:58:52,09/25 17:58,500101185,YouBike2.0_辛亥新生路口西北側,大安區,1,41,5,35,25.02267,121.5341
2026-09-25 17:58:52,09/25 17:58,500101186,YouBike2.0_捷運大安站(6號出口),大安區,1,29,8,21,25.03479,121.54376
2026-09-25 17:58:52,09/25 17:58,500101187,YouBike2.0_臥龍街195巷口,大安區,1,14,11,3,25.01783,121.55224
2026-09-25 17:58:52,09/25 17:58,500101188,YouBike2.0_辛亥路三段157巷口,大安區,1,27,4,23,25.01727,121.54904
2026-09-25 17:58:52,09/25 17:58,500101189,YouBike2.0_臥龍基隆路口,大安區,1,25,0,25,25.02039,121.54853
2026-09-25 17:58:52,09/25 17:58,500101190,YouBike2.0_敦親公園,大安區,1,26,6,20,25.02347,121.54108
2026-09-25 17:58:52,09/25 17:58,500101191,YouBike2.0_大安運動中心,大安區,1,40,11,29,25.02054,121.54561
2026-09-25 17:58:52,09/25 17:58,500101192,YouBike2.0_和平敦化路口,大安區,1,36,16,20,25.02444,121.54908
2026-09-25 17:58:52,09/25 17:58,500101193,YouBike2.0_基隆長興路口,大安區,1,51,1,50,25.01705,121.54435
2026-09-25 17:58:52,09/25 17:58,500101194,YouBike2.0_仁愛路四段122巷口,大安區,1,25,9,16,25.03762,121.55009
2026-09-25 17:58:52,09/25 17:58,500101196,YouBike2.0_市民敦化路口,大安區,1,62,12,48,25.04464,121.54944
2026-09-25 17:58:52,09/25 17:58,500101197,YouBike2.0_忠孝東路四段49巷口,大安區,1,15,9,6,25.04172,121.54541
2026-09-25 17:58:52,09/25 17:58,500101198,YouBike2.0_市民復興路口(東南側),大安區,1,26,10,16,25.04472,121.54401
2026-09-25 17:58:52,09/25 17:58,500101199,YouBike2.0_和平新生路口西南側,大安區,1,24,4,19,25.02604,121.534
2026-09-25 17:58:52,09/25 17:58,500101200,YouBike2.0_全安公園,大安區,1,16,13,1,25.02535,121.55101
2026-09-25 17:58:52,09/25 17:58,500101201,YouBike2.0_信義路三段134巷口,大安區,1,28,2,26,25.03333,121.53968
2026-09-25 17:58:52,09/25 17:58,500101202,YouBike2.0_仁愛敦南圓環(東南側),大安區,1,16,5,11,25.03715,121.54936
2026-09-25 17:58:52,09/25 17:58,500101203,YouBike2.0_臺北遠企購物中心,大安區,1,33,12,20,25.02709,121.54902
2026-09-25 17:58:52,09/25 17:58,500101204,YouBike2.0_外交部外交及國際事務學院,大安區,1,26,6,19,25.0371,121.54839
2026-09-25 17:58:52,09/25 17:58,500101205,YouBike2.0_四維路170巷口,大安區,1,22,8,14,25.02821,121.54864
2026-09-25 17:58:52,09/25 17:58,500101206,YouBike2.0_捷運大安站(3號出口),大安區,1,46,2,43,25.03328,121.5425
2026-09-25 17:58:52,09/25 17:58,500101207,YouBike2.0_捷運臺電大樓站(2號出口)_1,大安區,1,38,5,33,25.02055,121.52855
2026-09-25 17:58:52,09/25 17:58,500101208,YouBike2.0_信義路四段199巷,大安區,1,21,10,11,25.03459,121.55164
2026-09-25 17:58:52,09/25 17:58,500101209,YouBike2.0_臺大資訊大樓,大安區,1,76,2,71,25.02101,121.54153
2026-09-25 17:58:52,09/25 17:58,500101210,YouBike2.0_敦化南路二段81巷,大安區,1,40,6,34,25.03002,121.54893
2026-09-25 17:58:52,09/25 17:58,500101211,YouBike2.0_原臺北刑務所官舍,大安區,1,23,0,23,25.03054,121.52466
2026-09-25 17:58:52,09/25 17:58,500101212,YouBike2.0_捷運國父紀念館站(1號出口),大安區,1,24,19,4,25.04205,121.55657
2026-09-25 17:58:52,09/25 17:58,500101213,YouBike2.0_懷生國中,大安區,1,24,10,14,25.0401,121.54122
2026-09-25 17:58:52,09/25 17:58,500101214,YouBike2.0_仁愛敦南圓環(西北側),大安區,1,20,8,10,25.03827,121.54802
2026-09-25 17:58:52,09/25 17:58,500101215,YouBike2.0_立人國小,大安區,1,17,8,9,25.02974,121.55146
2026-09-25 17:58:52,09/25 17:58,500101216,YouBike2.0_和平東路二段18巷口,大安區,1,24,12,11,25.02268,121.53608
2026-09-25 17:58:52,09/25 17:58,500101217,YouBike2.0_捷運大安站(5號出口),大安區,1,26,2,23,25.03303,121.54372
2026-09-25 17:58:52,09/25 17:58,500101218,YouBike2.0_臨江公園,大安區,1,23,2,21,25.02832,121.55592
2026-09-25 17:58:52,09/25 17:58,500101219,YouBike2.0_羅斯福路四段113巷19弄口,大安區,1,14,3,11,25.01027,121.53998
2026-09-25 17:58:52,09/25 17:58,500101221,YouBike2.0_忠孝東路四段248巷口,大安區,1,25,24,1,25.04132,121.55393
2026-09-25 17:58:52,09/25 17:58,500101222,YouBike2.0_仁愛延吉路口(西北側),大安區,1,24,22,2,25.03795,121.55466
2026-09-25 17:58:52,09/25 17:58,500101223,YouBike2.0_樂利路101巷口,大安區,1,13,8,4,25.02528,121.55224
2026-09-25 17:58:52,09/25 17:58,500101224,YouBike2.0_羅斯福浦城街口,大安區,1,25,10,15,25.02208,121.52678
2026-09-25 17:58:52,09/25 17:58,500101225,YouBike2.0_敦化南路一段295巷口,大安區,1,18,6,12,25.03551,121.54951
2026-09-25 17:58:52,09/25 17:58,500101226,YouBike2.0_通安區民活動中心,大安區,1,24,6,17,25.02942,121.55294
2026-09-25 17:58:52,09/25 17:58,500101227,YouBike2.0_復興忠孝東路口(東南側),大安區,1,28,23,5,25.04061,121.54389
2026-09-25 17:58:52,09/25 17:58,500101228,YouBike2.0_仁愛大安路口(東北側),大安區,1,21,6,15,25.03813,121.54631
2026-09-25 17:58:52,09/25 17:58,500101229,YouBike2.0_臺灣師範大學(浦城街),大安區,1,20,17,3,25.02476,121.52803
2026-09-25 17:58:52,09/25 17:58,500101230,YouBike2.0_安和路二段69巷口,大安區,1,20,15,5,25.03056,121.55252
2026-09-25 17:58:52,09/25 17:58,500101231,YouBike2.0_大安國小,大安區,1,25,8,17,25.02014,121.55084
2026-09-25 17:58:52,09/25 17:58,500101232,YouBike2.0_捷運古亭站(3號出口),大安區,1,15,10,5,25.02572,121.52359
2026-09-25 17:58:52,09/25 17:58,500101233,YouBike2.0_捷運忠孝復興站(3號出口),大安區,1,37,19,18,25.04152,121.54414
2026-09-25 17:58:52,09/25 17:58,500101234,YouBike2.0_和平東路二段90巷,大安區,1,20,2,18,25.02468,121.53965
2026-09-25 17:58:52,09/25 17:58,500101235,YouBike2.0_光復南路420巷口,大安區,1,16,7,9,25.03601,121.55742
2026-09-25 17:58:52,09/25 17:58,500101236,YouBike2.0_富陽臥龍街口,大安區,1,18,0,18,25.0187,121.55688
2026-09-25 17:58:52,09/25 17:58,500101237,YouBike2.0_仁愛復興路口,大安區,1,29,3,26,25.03817,121.544
2026-09-25 17:58:52,09/25 17:58,500101238,YouBike2.0_仁愛敦南圓環(東側),大安區,1,26,15,11,25.03804,121.55042
2026-09-25 17:58:52,09/25 17:58,500101239,YouBike2.0_古風公園,大安區,1,15,3,11,25.02187,121.52912
2026-09-25 17:58:52,09/25 17:58,500101240,YouBike2.0_和平東路二段76巷,大安區,1,40,2,38,25.02263,121.53906
2026-09-25 17:58:52,09/25 17:58,500101241,YouBike2.0_敦化信義路口(東南側),大安區,1,20,10,10,25.03276,121.54907
2026-09-25 17:58:52,09/25 17:58,500101242,YouBike2.0_和平東路三段308巷口,大安區,1,14,3,10,25.01883,121.5544
2026-09-25 17:58:52,09/25 17:58,500101243,YouBike2.0_忠孝建國路口(東南側),大安區,1,21,2,19,25.04159,121.5378
2026-09-25 17:58:52,09/25 17:58,500101244,YouBike2.0_浦城街26巷,大安區,1,17,8,9,25.02324,121.52618
2026-09-25 17:58:52,09/25 17:58,500101245,YouBike2.0_青峰活動中心,大安區,1,25,5,20,25.01524,121.55121
2026-09-25 17:58:52,09/25 17:58,500101246,YouBike2.0_忠孝東路三段216巷口,大安區,1,28,8,19,25.04157,121.5402
2026-09-25 17:58:52,09/25 17:58,500101247,YouBike2.0_捷運忠孝復興站(4號出口),大安區,1,25,0,24,25.04173,121.54412
2026-09-25 17:58:52,09/25 17:58,500101248,YouBike2.0_和平溫州街口,大安區,1,23,3,20,25.02634,121.53342
2026-09-25 17:58:52,09/25 17:58,500101250,YouBike2.0_國立臺北教育大學創意館,大安區,1,32,5,27,25.02305,121.54394
2026-09-25 17:58:52,09/25 17:58,500101251,YouBike2.0_捷運忠孝復興站(1號出口),大安區,1,27,2,25,25.04199,121.54362
2026-09-25 17:58:52,09/25 17:58,500101252,YouBike2.0_政大公企中心,大安區,1,13,6,7,25.03076,121.52781
2026-09-25 17:58:52,09/25 17:58,500101253,YouBike2.0_大安路二段90巷口,大安區,1,19,6,13,25.03117,121.54602
2026-09-25 17:58:52,09/25 17:58,500101254,YouBike2.0_師大附中運動中心,大安區,1,33,2,31,25.03626,121.53997
2026-09-25 17:58:52,09/25 17:58,500101255,YouBike2.0_錦安區民活動中心,大安區,1,20,2,18,25.02846,121.52935
2026-09-25 17:58:52,09/25 17:58,500101256,YouBike2.0_敦化基隆路口(東北側),大安區,1,22,4,18,25.02196,121.54899
2026-09-25 17:58:52,09/25 17:58,500101257,YouBike2.0_龍圖公園,大安區,1,20,0,20,25.0305,121.54184
2026-09-25 17:58:52,09/25 17:58,500101258,YouBike2.0_新生南路二段54巷口,大安區,1,26,0,25,25.02878,121.53412
2026-09-25 17:58:52,09/25 17:58,500101259,YouBike2.0_臺靜農人文會館,大安區,1,12,3,9,25.02462,121.53347
2026-09-25 17:58:52,09/25 17:58,500101260,YouBike2.0_建國南路二段瑞安街264巷口,大安區,1,33,9,24,25.02716,121.53782
2026-09-25 17:58:52,09/25 17:58,500101261,YouBike2.0_辛亥路一段77巷口,大安區,1,22,2,20,25.02128,121.53034
2026-09-25 17:58:52,09/25 17:58,500101262,YouBike2.0_愛國東路210巷口,大安區,1,34,2,32,25.03187,121.52407
2026-09-25 17:58:52,09/25 17:58,500101264,YouBike2.0_金華國中,大安區,1,21,10,10,25.03165,121.53306
2026-09-25 17:58:52,09/25 17:58,500101265,YouBike2.0_羅斯福路三段283巷,大安區,1,18,17,1,25.02017,121.53178
2026-09-25 17:58:52,09/25 17:58,500101266,YouBike2.0_臺科大側門(基隆路四段73巷),大安區,0,35,0,35,25.01291,121.53967
2026-09-25 17:58:52,09/25 17:58,500101267,YouBike2.0_黎和公園,大安區,1,15,4,11,25.01663,121.56011
2026-09-25 17:58:52,09/25 17:58,500101268,YouBike2.0_信義四維路口,大安區,1,19,2,17,25.03341,121.54796
2026-09-25 17:58:52,09/25 17:58,500101269,YouBike2.0_和平高中(辛亥基隆路口),大安區,1,55,8,47,25.01917,121.54708
2026-09-25 17:58:52,09/25 17:58,500101270,YouBike2.0_和平東路二段107巷口,大安區,1,12,2,10,25.02555,121.53951
2026-09-25 17:58:52,09/25 17:58,500101271,YouBike2.0_信義金山路口(西南側),大安區,1,12,2,10,25.03407,121.52682
2026-09-25 17:58:52,09/25 17:58,500101272,YouBike2.0_金華國中(新生南路二段30巷),大安區,1,15,5,9,25.03137,121.5313
2026-09-25 17:58:52,09/25 17:58,500101273,YouBike2.0_羅斯福路四段123巷,大安區,1,15,3,12,25.01036,121.53752
2026-09-25 17:58:52,09/25 17:58,500101274,YouBike2.0_捷運科技大樓站(2號出口),大安區,1,72,24,48,25.02592,121.54328
2026-09-25 17:58:52,09/25 17:58,500101276,YouBike2.0_羅斯福新生南路口,大安區,1,32,14,18,25.01604,121.53316
2026-09-25 17:58:52,09/25 17:58,500101277,YouBike2.0_金山南路二段156巷口,大安區,1,16,7,9,25.02877,121.52618
2026-09-25 17:58:52,09/25 17:58,500101279,YouBike2.0_和平金山路口(西北側),大安區,1,10,7,3,25.02693,121.5258
2026-09-25 17:58:52,09/25 17:58,500101280,YouBike2.0_大安11號綠地,大安區,1,12,0,12,25.02283,121.55363
2026-09-25 17:58:52,09/25 17:58,500103001,YouBike2.0_延平國宅,大同區,1,41,3,35,25.07894,121.51121
2026-09-25 17:58:52,09/25 17:58,500103002,YouBike2.0_臺北市立圖書館大同分館,大同區,1,57,5,52,25.0741,121.51349
2026-09-25 17:58:52,09/25 17:58,500103003,YouBike2.0_合昌宮,大同區,1,15,1,14,25.07717,121.50934
2026-09-25 17:58:52,09/25 17:58,500103004,YouBike2.0_民族延平路口,大同區,1,36,22,14,25.06864,121.5107
2026-09-25 17:58:52,09/25 17:58,500103005,YouBike2.0_重慶酒泉街口,大同區,1,44,18,25,25.07158,121.51368
2026-09-25 17:58:52,09/25 17:58,500103006,YouBike2.0_樹德公園,大同區,1,14,1,13,25.06647,121.5165
2026-09-25 17:58:52,09/25 17:58,500103007,YouBike2.0_陳天來故居,大同區,1,16,13,1,25.05601,121.50895
2026-09-25 17:58:52,09/25 17:58,500103008,YouBike2.0_臺北孔廟,大同區,1,37,13,21,25.07378,121.51583
2026-09-25 17:58:52,09/25 17:58,500103009,YouBike2.0_捷運圓山站(1號出口),大同區,1,81,3,75,25.07133,121.52024
2026-09-25 17:58:52,09/25 17:58,500103010,YouBike2.0_酒泉延平路口,大同區,1,46,21,25,25.0722,121.51057
2026-09-25 17:58:52,09/25 17:58,500103011,YouBike2.0_重慶國中,大同區,1,64,25,38,25.07567,121.51862
2026-09-25 17:58:52,09/25 17:58,500103012,YouBike2.0_重慶北路三段383巷口,大同區,1,34,9,25,25.07598,121.51409
2026-09-25 17:58:52,09/25 17:58,500103013,YouBike2.0_台北數位產業園區,大同區,1,24,13,11,25.07447,121.52003
2026-09-25 17:58:52,09/25 17:58,500103019,YouBike2.0_民權延平路口(西北側),大同區,1,20,14,6,25.06326,121.51099
2026-09-25 17:58:52,09/25 17:58,500103020,YouBike2.0_民權迪化街口,大同區,1,45,4,41,25.06327,121.50943
2026-09-25 17:58:52,09/25 17:58,500103021,YouBike2.0_大稻埕公園,大同區,1,35,0,35,25.05915,121.51033
2026-09-25 17:58:52,09/25 17:58,500103022,YouBike2.0_大龍老人住宅,大同區,1,14,6,8,25.06853,121.51729
2026-09-25 17:58:52,09/25 17:58,500103023,YouBike2.0_大龍峒社會住宅,大同區,1,34,0,34,25.0708,121.51826
2026-09-25 17:58:52,09/25 17:58,500103024,YouBike2.0_捷運大橋頭站(2號出口),大同區,1,57,27,30,25.06314,121.51308
2026-09-25 17:58:52,09/25 17:58,500103025,YouBike2.0_捷運大橋頭站(1A出口),大同區,1,30,13,16,25.06325,121.51162
2026-09-25 17:58:52,09/25 17:58,500103026,YouBike2.0_捷運民權西路站(2號出口),大同區,1,25,0,25,25.06174,121.51969
2026-09-25 17:58:52,09/25 17:58,500103027,YouBike2.0_捷運雙連站(2號出口),大同區,1,41,14,25,25.05826,121.52063
2026-09-25 17:58:52,09/25 17:58,500103028,YouBike2.0_捷運北門站(3號出口),大同區,1,86,4,81,25.04991,121.5104
2026-09-25 17:58:52,09/25 17:58,500103029,YouBike2.0_朝陽公園,大同區,1,10,7,3,25.05592,121.51367
2026-09-25 17:58:52,09/25 17:58,500103030,YouBike2.0_永樂市場,大同區,1,36,20,16,25.05454,121.51052
2026-09-25 17:58:52,09/25 17:58,500103031,YouBike2.0_大龍公園,大同區,1,26,6,19,25.07049,121.51596
2026-09-25 17:58:52,09/25 17:58,500103032,YouBike2.0_重慶涼州街口,大同區,1,13,2,10,25.06054,121.51338
2026-09-25 17:58:52,09/25 17:58,500103033,YouBike2.0_圓山線形公園,大同區,1,26,14,12,25.06867,121.51993
2026-09-25 17:58:52,09/25 17:58,500103034,YouBike2.0_圓環站,大同區,1,31,25,6,25.05369,121.51418
2026-09-25 17:58:52,09/25 17:58,500103035,YouBike2.0_重慶民族路口,大同區,1,32,3,28,25.06853,121.51359
2026-09-25 17:58:52,09/25 17:58,500103036,YouBike2.0_承德路三段8巷口,大同區,1,21,2,19,25.06407,121.51822
2026-09-25 17:58:52,09/25 17:58,500103037,YouBike2.0_太原廣場,大同區,1,31,8,23,25.04925,121.51468
2026-09-25 17:58:52,09/25 17:58,500103038,YouBike2.0_國順公園,大同區,1,20,17,2,25.06594,121.51078
2026-09-25 17:58:52,09/25 17:58,500103039,YouBike2.0_聯合醫院中興院區,大同區,1,48,6,41,25.05205,121.50818
2026-09-25 17:58:52,09/25 17:58,500103040,YouBike2.0_蔣渭水紀念公園,大同區,1,47,2,45,25.06011,121.51729
2026-09-25 17:58:52,09/25 17:58,500103041,YouBike2.0_迪化休閒運動公園,大同區,1,31,18,13,25.07491,121.5115
2026-09-25 17:58:52,09/25 17:58,500103042,YouBike2.0_大同運動中心,大同區,1,16,0,16,25.06496,121.51608
2026-09-25 17:58:52,09/25 17:58,500103043,YouBike2.0_重慶保安街口(家樂福重慶店),大同區,1,20,9,11,25.05918,121.51373
2026-09-25 17:58:52,09/25 17:58,500103044,YouBike2.0_大稻埕碼頭,大同區,1,52,34,5,25.05662,121.50783
2026-09-25 17:58:52,09/25 17:58,500103045,YouBike2.0_歸綏戲曲公園,大同區,1,25,5,18,25.05805,121.51353
2026-09-25 17:58:52,09/25 17:58,500103046,YouBike2.0_民權國中(民權西路),大同區,1,25,1,24,25.06322,121.5144
2026-09-25 17:58:52,09/25 17:58,500103047,YouBike2.0_承德民權路口,大同區,1,36,1,35,25.06247,121.51839
2026-09-25 17:58:52,09/25 17:58,500103048,YouBike2.0_南京太原路口,大同區,1,29,4,24,25.05366,121.51638
2026-09-25 17:58:52,09/25 17:58,500103049,YouBike2.0_承德民生西路口,大同區,1,19,2,17,25.05756,121.51828
2026-09-25 17:58:52,09/25 17:58,500103050,YouBike2.0_太原五原路口,大同區,1,39,29,9,25.05646,121.51698
2026-09-25 17:58:52,09/25 17:58,500103051,YouBike2.0_臺北轉運站(華陰街),大同區,1,20,10,10,25.04937,121.51914
2026-09-25 17:58:52,09/25 17:58,500103052,YouBike2.0_捷運民權西路站(3號出口),大同區,1,50,3,46,25.06129,121.52021
2026-09-25 17:58:52,09/25 17:58,500103053,YouBike2.0_捷運中山站(5號出口),大同區,1,18,7,10,25.05296,121.51938
2026-09-25 17:58:52,09/25 17:58,500103054,YouBike2.0_重慶長安路口,大同區,1,21,5,16,25.0515,121.51398
2026-09-25 17:58:52,09/25 17:58,500103055,YouBike2.0_承德昌吉街口,大同區,1,18,2,16,25.06587,121.51847
2026-09-25 17:58:52,09/25 17:58,500103056,YouBike2.0_大同16號廣場,大同區,1,14,14,0,25.05658,121.50826
2026-09-25 17:58:52,09/25 17:58,500103057,YouBike2.0_捷運圓山站(2號出口),大同區,1,36,29,7,25.07182,121.51929
2026-09-25 17:58:52,09/25 17:58,500103058,YouBike2.0_樹德公園_1,大同區,1,40,3,37,25.06669,121.51615
2026-09-25 17:58:52,09/25 17:58,500103059,YouBike2.0_承德鄭州路口(市民高架下),大同區,1,38,38,0,25.04879,121.51626
2026-09-25 17:58:52,09/25 17:58,500103060,YouBike2.0_成淵高中,大同區,1,27,3,23,25.06036,121.51996
2026-09-25 17:58:52,09/25 17:58,500103061,YouBike2.0_雙蓮國小,大同區,1,20,0,20,25.06157,121.51683
2026-09-25 17:58:52,09/25 17:58,500103062,YouBike2.0_寧夏涼州街口,大同區,1,15,4,11,25.06095,121.51428
2026-09-25 17:58:52,09/25 17:58,500103063,YouBike2.0_延平涼州街口,大同區,1,14,2,12,25.06092,121.51126
2026-09-25 17:58:52,09/25 17:58,500103064,YouBike2.0_大同行政中心,大同區,1,16,4,11,25.06603,121.51481
2026-09-25 17:58:52,09/25 17:58,500103065,YouBike2.0_大龍市場,大同區,1,15,3,12,25.07473,121.51451
2026-09-25 17:58:52,09/25 17:58,500103066,YouBike2.0_南京西寧北路口(西北側),大同區,1,13,7,5,25.05348,121.50855
2026-09-25 17:58:52,09/25 17:58,500103068,YouBike2.0_哈密街23巷19弄口,大同區,1,23,12,11,25.07563,121.51815
2026-09-25 17:58:52,09/25 17:58,500103069,YouBike2.0_民權西路160巷口,大同區,1,15,0,14,25.06289,121.51544
2026-09-25 17:58:52,09/25 17:58,500103070,YouBike2.0_重慶北路三段205巷口,大同區,1,19,4,15,25.06997,121.51388
2026-09-25 17:58:52,09/25 17:58,500103071,YouBike2.0_承德路二段91巷口,大同區,1,20,14,6,25.05621,121.51847
2026-09-25 17:58:52,09/25 17:58,500103072,YouBike2.0_酒泉庫倫街口,大同區,1,15,5,10,25.07194,121.51626
2026-09-25 17:58:52,09/25 17:58,500103073,YouBike2.0_民族西大龍街口,大同區,1,16,8,8,25.06864,121.51559
2026-09-25 17:58:52,09/25 17:58,500103074,YouBike2.0_承德路三段324巷口,大同區,1,45,9,36,25.07477,121.51977
2026-09-25 17:58:52,09/25 17:58,500103075,YouBike2.0_玉泉公園(鄭州路),大同區,1,20,2,18,25.05044,121.50766
2026-09-25 17:58:52,09/25 17:58,500103076,YouBike2.0_玉泉公園(忠孝西路),大同區,1,25,6,19,25.04888,121.50745
2026-09-25 17:58:52,09/25 17:58,500103077,YouBike2.0_太平國小,大同區,1,23,9,14,25.06189,121.51343
2026-09-25 17:58:52,09/25 17:58,500103078,YouBike2.0_明倫高中,大同區,1,32,8,24,25.07576,121.52011
2026-09-25 17:58:52,09/25 17:58,500103079,YouBike2.0_伊寧重慶北路口,大同區,1,15,10,4,25.06465,121.51335
2026-09-25 17:58:52,09/25 17:58,500103080,YouBike2.0_永樂國小,大同區,1,17,2,15,25.06174,121.50982
2026-09-25 17:58:52,09/25 17:58,500103081,YouBike2.0_民權延平路口(西南側),大同區,1,14,5,9,25.06263,121.51107
2026-09-25 17:58:52,09/25 17:58,500103082,YouBike2.0_捷運民權西路站(1號出口),大同區,1,19,0,17,25.06277,121.51933
2026-09-25 17:58:52,09/25 17:58,500103083,YouBike2.0_承德路三段301巷,大同區,1,39,25,14,25.07535,121.52138
2026-09-25 17:58:52,09/25 17:58,500103084,YouBike2.0_捷運圓山站(庫倫街61巷口),大同區,1,35,17,18,25.07197,121.51961
2026-09-25 17:58:52,09/25 17:58,500103085,YouBike2.0_大龍國小地下停車場,大同區,1,17,6,11,25.07374,121.5173
2026-09-25 17:58:52,09/25 17:58,500103086,YouBike2.0_捷運北門站(1號出口),大同區,1,26,0,26,25.04885,121.50988
2026-09-25 17:58:52,09/25 17:58,500103087,YouBike2.0_重慶北路派出所,大同區,1,18,6,12,25.07553,121.5136
2026-09-25 17:58:52,09/25 17:58,500103088,YouBike2.0_承德路三段251巷口,大同區,1,20,6,13,25.06993,121.51852
2026-09-25 17:58:52,09/25 17:58,500103089,YouBike2.0_忠和公園,大同區,1,12,8,4,25.0581,121.50871
2026-09-25 17:58:52,09/25 17:58,500103090,YouBike2.0_臺北當代藝術館,大同區,1,12,5,7,25.05066,121.51846
2026-09-25 17:58:52,09/25 17:58,500104001,YouBike2.0_劍潭抽水站,士林區,1,17,12,5,25.08128,121.51784
2026-09-25 17:58:52,09/25 17:58,500104002,YouBike2.0_通河東街大南路口,士林區,1,15,7,8,25.08914,121.51542
2026-09-25 17:58:52,09/25 17:58,500104003,YouBike2.0_福港街停車場,士林區,1,38,6,29,25.08695,121.51901
2026-09-25 17:58:52,09/25 17:58,500104004,YouBike2.0_百齡國小,士林區,1,68,15,53,25.08521,121.51918
2026-09-25 17:58:52,09/25 17:58,500104005,YouBike2.0_雨聲街165巷口,士林區,1,24,15,9,25.10277,121.53357
2026-09-25 17:58:52,09/25 17:58,500104006,YouBike2.0_天和公園,士林區,1,16,10,6,25.12011,121.53357
2026-09-25 17:58:52,09/25 17:58,500104007,YouBike2.0_中山天母路口,士林區,1,29,24,3,25.11856,121.52964
2026-09-25 17:58:52,09/25 17:58,500104008,YouBike2.0_天母運動公園,士林區,1,62,18,44,25.11633,121.53414
2026-09-25 17:58:52,09/25 17:58,500104009,YouBike2.0_臺北市立大學(天母校區),士林區,1,48,20,27,25.11356,121.53718
2026-09-25 17:58:52,09/25 17:58,500104010,YouBike2.0_忠誠路二段53巷,士林區,1,39,31,8,25.11127,121.53244
2026-09-25 17:58:52,09/25 17:58,500104012,YouBike2.0_天母棒球場,士林區,1,26,26,0,25.11341,121.53195
2026-09-25 17:58:52,09/25 17:58,500104013,YouBike2.0_天母北天玉街口,士林區,1,22,1,20,25.12011,121.52652
2026-09-25 17:58:52,09/25 17:58,500104014,YouBike2.0_蘭興公園,士林區,1,61,50,11,25.11184,121.52589
2026-09-25 17:58:52,09/25 17:58,500104015,YouBike2.0_明勝公園,士林區,1,14,5,9,25.08009,121.51895
2026-09-25 17:58:52,09/25 17:58,500104016,YouBike2.0_劍潭海外青年活動中心,士林區,1,23,5,18,25.07994,121.52426
2026-09-25 17:58:52,09/25 17:58,500104018,YouBike2.0_忠誠路一段173巷口,士林區,1,11,7,4,25.10813,121.5304
2026-09-25 17:58:52,09/25 17:58,500104019,YouBike2.0_雨農國小,士林區,1,21,8,13,25.1054,121.5295
2026-09-25 17:58:52,09/25 17:58,500104020,YouBike2.0_忠誠公園,士林區,1,25,6,19,25.10399,121.52593
2026-09-25 17:58:52,09/25 17:58,500104021,YouBike2.0_芝山抽水站,士林區,1,41,10,29,25.10155,121.52832
2026-09-25 17:58:52,09/25 17:58,500104022,YouBike2.0_至誠路一段305巷口,士林區,1,21,6,15,25.10186,121.53083
2026-09-25 17:58:52,09/25 17:58,500104023,YouBike2.0_華齡公園,士林區,1,32,10,20,25.08302,121.52069
2026-09-25 17:58:52,09/25 17:58,500104024,YouBike2.0_前港公園(福德宮),士林區,1,31,10,21,25.08671,121.52096
2026-09-25 17:58:52,09/25 17:58,500104025,YouBike2.0_華齡街185巷口,士林區,1,18,5,11,25.08828,121.51985
2026-09-25 17:58:52,09/25 17:58,500104026,YouBike2.0_前港公園(前港街),士林區,1,27,4,22,25.0848,121.52125
2026-09-25 17:58:52,09/25 17:58,500104027,YouBike2.0_百齡高中,士林區,1,27,15,12,25.08736,121.52272
2026-09-25 17:58:52,09/25 17:58,500104028,YouBike2.0_捷運芝山站(2號出口),士林區,1,50,9,41,25.10364,121.52219
2026-09-25 17:58:52,09/25 17:58,500104029,YouBike2.0_臺灣戲曲中心,士林區,1,25,3,22,25.10208,121.51979
2026-09-25 17:58:52,09/25 17:58,500104030,YouBike2.0_捷運劍潭站(2號出口),士林區,1,49,29,20,25.08388,121.52535
2026-09-25 17:58:52,09/25 17:58,500104031,YouBike2.0_劍潭基河路口,士林區,1,66,47,19,25.08403,121.5249
2026-09-25 17:58:52,09/25 17:58,500104032,YouBike2.0_志成公園,士林區,1,23,5,17,25.09716,121.53214
2026-09-25 17:58:52,09/25 17:58,500104033,YouBike2.0_福林國小,士林區,1,26,0,26,25.09896,121.53025
2026-09-25 17:58:52,09/25 17:58,500104034,YouBike2.0_中山中正路口,士林區,1,19,4,14,25.09651,121.52753
2026-09-25 17:58:52,09/25 17:58,500104035,YouBike2.0_士林運動中心,士林區,1,30,4,26,25.08911,121.52154
2026-09-25 17:58:52,09/25 17:58,500104036,YouBike2.0_陽明高中,士林區,1,77,14,63,25.09164,121.51706
2026-09-25 17:58:52,09/25 17:58,500104037,YouBike2.0_兒童新樂園,士林區,1,23,4,18,25.09631,121.51449
2026-09-25 17:58:52,09/25 17:58,500104038,YouBike2.0_臺北市立天文館,士林區,1,50,31,19,25.09598,121.51776
2026-09-25 17:58:52,09/25 17:58,500104039,YouBike2.0_華聲公園,士林區,1,35,13,22,25.09619,121.5223
2026-09-25 17:58:52,09/25 17:58,500104040,YouBike2.0_福林公園,士林區,1,25,15,10,25.09419,121.52833
2026-09-25 17:58:52,09/25 17:58,500104041,YouBike2.0_捷運士林站(2號出口),士林區,1,30,22,7,25.09343,121.52642
2026-09-25 17:58:52,09/25 17:58,500104042,YouBike2.0_銘傳大學,士林區,1,26,8,17,25.08771,121.52677
2026-09-25 17:58:52,09/25 17:58,500104043,YouBike2.0_士林高商,士林區,1,26,16,10,25.09435,121.51702
2026-09-25 17:58:52,09/25 17:58,500104044,YouBike2.0_蘭雅公園,士林區,1,38,5,32,25.10991,121.53039
2026-09-25 17:58:52,09/25 17:58,500104045,YouBike2.0_聯合醫院陽明院區,士林區,1,25,2,23,25.10455,121.53195
2026-09-25 17:58:52,09/25 17:58,500104046,YouBike2.0_捷運芝山站(1號出口),士林區,1,35,2,32,25.10225,121.52286
2026-09-25 17:58:52,09/25 17:58,500104047,YouBike2.0_至誠公園,士林區,1,20,3,17,25.10143,121.53585
2026-09-25 17:58:52,09/25 17:58,500104048,YouBike2.0_原住民文化主題公園,士林區,1,21,8,12,25.10113,121.55159
2026-09-25 17:58:52,09/25 17:58,500104049,YouBike2.0_通河東街2段10巷口,士林區,1,15,5,8,25.09106,121.51502
2026-09-25 17:58:52,09/25 17:58,500104050,YouBike2.0_梅林新村,士林區,1,25,5,20,25.09755,121.54036
2026-09-25 17:58:52,09/25 17:58,500104051,YouBike2.0_延平北中正路口,士林區,1,30,12,17,25.08678,121.50948
2026-09-25 17:58:52,09/25 17:58,500104052,YouBike2.0_重慶北路四段190巷口,士林區,1,13,2,11,25.08505,121.51166
2026-09-25 17:58:52,09/25 17:58,500104053,YouBike2.0_重慶北葫東街口,士林區,0,15,0,15,25.08393,121.51169
2026-09-25 17:58:52,09/25 17:58,500104054,YouBike2.0_葫蘆國小,士林區,1,30,6,23,25.08254,121.5075
2026-09-25 17:58:52,09/25 17:58,500104055,YouBike2.0_士林3號廣場,士林區,1,38,22,16,25.10459,121.52417
2026-09-25 17:58:52,09/25 17:58,500104056,YouBike2.0_社正公園,士林區,1,15,9,6,25.08824,121.51054
2026-09-25 17:58:52,09/25 17:58,500104057,YouBike2.0_社子國小,士林區,1,11,3,7,25.09186,121.50292
2026-09-25 17:58:52,09/25 17:58,500104058,YouBike2.0_社中街384巷口,士林區,1,24,9,15,25.09346,121.50376
2026-09-25 17:58:52,09/25 17:58,500104059,YouBike2.0_忠誠路一段138號,士林區,1,15,0,14,25.10641,121.52944
2026-09-25 17:58:52,09/25 17:58,500104060,YouBike2.0_社子公園,士林區,1,31,17,14,25.0902,121.50622
2026-09-25 17:58:52,09/25 17:58,500104061,YouBike2.0_國立故宮博物院,士林區,1,27,3,24,25.09833,121.54788
2026-09-25 17:58:52,09/25 17:58,500104062,YouBike2.0_泰北高中,士林區,1,23,0,22,25.09763,121.53402
2026-09-25 17:58:52,09/25 17:58,500104063,YouBike2.0_後港公園,士林區,1,15,4,11,25.09312,121.51419
2026-09-25 17:58:52,09/25 17:58,500104064,YouBike2.0_重慶北路四段117號,士林區,1,24,5,19,25.08279,121.51219
2026-09-25 17:58:52,09/25 17:58,500104065,YouBike2.0_社子島島頭公園,士林區,1,22,6,16,25.10893,121.46639
2026-09-25 17:58:52,09/25 17:58,500104066,YouBike2.0_延平北路八段133巷口,士林區,1,22,6,16,25.10304,121.48297
2026-09-25 17:58:52,09/25 17:58,500104067,YouBike2.0_坤天亭,士林區,1,14,13,0,25.1064,121.4836
2026-09-25 17:58:52,09/25 17:58,500104068,YouBike2.0_社子島濕地解說小築,士林區,1,15,6,8,25.11314,121.48974
2026-09-25 17:58:52,09/25 17:58,500104069,YouBike2.0_福安國中,士林區,0,25,0,24,25.10261,121.48819
2026-09-25 17:58:52,09/25 17:58,500104070,YouBike2.0_福安消防分隊,士林區,1,20,13,5,25.09669,121.49706
2026-09-25 17:58:52,09/25 17:58,500104071,YouBike2.0_聖山綠地,士林區,1,15,1,14,25.10696,121.53234
2026-09-25 17:58:52,09/25 17:58,500104072,YouBike2.0_芝山國小,士林區,1,38,34,4,25.11044,121.53595
2026-09-25 17:58:52,09/25 17:58,500104073,YouBike2.0_士林新天地,士林區,1,29,5,22,25.08899,121.51751
2026-09-25 17:58:52,09/25 17:58,500104074,YouBike2.0_蘭雅國小,士林區,1,30,15,14,25.10775,121.52312
2026-09-25 17:58:52,09/25 17:58,500104075,YouBike2.0_中正基河路口,士林區,1,37,7,28,25.09382,121.51921
2026-09-25 17:58:52,09/25 17:58,500104076,YouBike2.0_福林公園(福林路),士林區,1,47,17,30,25.09587,121.53123
2026-09-25 17:58:52,09/25 17:58,500104077,YouBike2.0_至善臨溪路口,士林區,1,48,8,40,25.09709,121.54229
2026-09-25 17:58:52,09/25 17:58,500104078,YouBike2.0_市立圖書館葫蘆堵分館,士林區,1,18,5,13,25.08217,121.51074
2026-09-25 17:58:52,09/25 17:58,500104079,YouBike2.0_東山路110巷口,士林區,1,16,4,12,25.11306,121.53945
2026-09-25 17:58:52,09/25 17:58,500104080,YouBike2.0_永平社會住宅,士林區,1,15,8,7,25.08887,121.50314
2026-09-25 17:58:52,09/25 17:58,500104081,YouBike2.0_雨農橋,士林區,1,24,4,19,25.10012,121.53253
2026-09-25 17:58:52,09/25 17:58,500104082,YouBike2.0_通河街76巷/承德路四段10巷口,士林區,1,14,0,14,25.08019,121.5202
2026-09-25 17:58:52,09/25 17:58,500104083,YouBike2.0_芝山聖佑宮,士林區,1,25,2,23,25.10455,121.53025
2026-09-25 17:58:52,09/25 17:58,500104084,YouBike2.0_至誠雨聲街口,士林區,1,9,5,4,25.10199,121.52927
2026-09-25 17:58:52,09/25 17:58,500104085,YouBike2.0_捷運線型公園(後街),士林區,1,28,12,16,25.09812,121.52449
2026-09-25 17:58:52,09/25 17:58,500104086,YouBike2.0_天母公園,士林區,1,12,1,11,25.12408,121.53003
2026-09-25 17:58:52,09/25 17:58,500104087,YouBike2.0_基河文林路口,士林區,1,50,47,2,25.08637,121.5247
2026-09-25 17:58:52,09/25 17:58,500104088,YouBike2.0_文林福華路口,士林區,1,38,4,34,25.10094,121.52243
2026-09-25 17:58:52,09/25 17:58,500104089,YouBike2.0_劍潭海外青年活動中心_1,士林區,1,39,2,37,25.0796,121.5237
2026-09-25 17:58:52,09/25 17:58,500104090,YouBike2.0_社子國小_1,士林區,1,50,19,31,25.09029,121.50189
2026-09-25 17:58:52,09/25 17:58,500104091,YouBike2.0_捷運劍潭站(1號出口),士林區,1,70,43,26,25.08577,121.52531
2026-09-25 17:58:52,09/25 17:58,500104092,YouBike2.0_德行東山路口,士林區,1,12,1,10,25.1107,121.53999
2026-09-25 17:58:52,09/25 17:58,500104094,YouBike2.0_重慶北通河西街口,士林區,1,12,11,1,25.08756,121.51177
2026-09-25 17:58:52,09/25 17:58,500104095,YouBike2.0_葫蘆國小(延平北路五段285巷),士林區,1,25,2,23,25.08406,121.5067
2026-09-25 17:58:52,09/25 17:58,500104096,YouBike2.0_社子市場,士林區,1,15,3,12,25.0881,121.50873
2026-09-25 17:58:52,09/25 17:58,500104097,YouBike2.0_士林區農會社子分部,士林區,1,8,2,6,25.08912,121.5049
2026-09-25 17:58:52,09/25 17:58,500104098,YouBike2.0_承德劍潭路口,士林區,1,19,12,7,25.0841,121.52341
2026-09-25 17:58:52,09/25 17:58,500104099,YouBike2.0_文林路101巷口,士林區,1,17,16,1,25.08761,121.52608
2026-09-25 17:58:52,09/25 17:58,500104100,YouBike2.0_延平北路五段257巷15弄口,士林區,1,11,11,0,25.08408,121.50959
2026-09-25 17:58:52,09/25 17:58,500104101,YouBike2.0_延平北路五段257巷4弄口,士林區,1,15,12,2,25.08471,121.5089
2026-09-25 17:58:52,09/25 17:58,500104102,YouBike2.0_啟明學校,士林區,1,16,1,15,25.11742,121.53472
2026-09-25 17:58:52,09/25 17:58,500104103,YouBike2.0_中山福國路口,士林區,1,30,4,25,25.10203,121.52561
2026-09-25 17:58:52,09/25 17:58,500104104,YouBike2.0_德行公園,士林區,1,27,3,24,25.10585,121.52376
2026-09-25 17:58:52,09/25 17:58,500104105,YouBike2.0_承德後港街口,士林區,1,20,12,8,25.08238,121.52309
2026-09-25 17:58:52,09/25 17:58,500104106,YouBike2.0_中山北路五段698巷口,士林區,1,15,0,15,25.09765,121.52757
2026-09-25 17:58:52,09/25 17:58,500104107,YouBike2.0_捷運士林站(1號出口),士林區,1,60,50,8,25.09643,121.52519
2026-09-25 17:58:52,09/25 17:58,500104108,YouBike2.0_捷運芝山站(2號出口)_1,士林區,1,62,30,32,25.10336,121.52263
2026-09-25 17:58:52,09/25 17:58,500104109,YouBike2.0_銘傳大學(中山北路五段280巷口),士林區,1,23,9,14,25.08762,121.52711
2026-09-25 17:58:52,09/25 17:58,500104110,YouBike2.0_海光公園南側,士林區,1,12,10,2,25.08036,121.5084
2026-09-25 17:58:52,09/25 17:58,500104111,YouBike2.0_士商路40巷口,士林區,0,15,0,15,25.09013,121.52054
2026-09-25 17:58:52,09/25 17:58,500104112,YouBike2.0_劍潭郵局,士林區,1,32,26,6,25.08182,121.52431
2026-09-25 17:58:52,09/25 17:58,500104113,YouBike2.0_士東路91巷口,士林區,1,16,10,4,25.11247,121.52914
2026-09-25 17:58:52,09/25 17:58,500104114,YouBike2.0_美崙公園,士林區,1,22,20,2,25.09677,121.51931
2026-09-25 17:58:52,09/25 17:58,500104115,YouBike2.0_臺北市立大學(忠誠路二段207巷),士林區,1,17,2,15,25.11642,121.53743
2026-09-25 17:58:52,09/25 17:58,500104116,YouBike2.0_天母東路8巷/忠誠路二段154巷口,士林區,1,25,16,4,25.11579,121.53113
2026-09-25 17:58:52,09/25 17:58,500104117,YouBike2.0_美崙公園(東北側),士林區,1,25,9,16,25.09886,121.51835
2026-09-25 17:58:52,09/25 17:58,500104118,YouBike2.0_福安河濱公園,士林區,1,14,10,4,25.09646,121.49358
2026-09-25 17:58:52,09/25 17:58,500104119,YouBike2.0_忠誠忠義街口(北側),士林區,1,13,3,10,25.10566,121.52922
2026-09-25 17:58:52,09/25 17:58,500104120,YouBike2.0_忠誠忠義街口(南側),士林區,1,14,9,5,25.10519,121.52869
2026-09-25 17:58:52,09/25 17:58,500104121,YouBike2.0_士林國小,士林區,1,15,11,4,25.09204,121.52472
2026-09-25 17:58:52,09/25 17:58,500104122,YouBike2.0_雙溪濕地公園,士林區,1,15,8,7,25.09762,121.51321
2026-09-25 17:58:52,09/25 17:58,500104123,YouBike2.0_劍潭海外青年活動中心(志清大樓),士林區,1,30,4,26,25.07793,121.52357
2026-09-25 17:58:52,09/25 17:58,500104124,YouBike2.0_天和一號公園,士林區,1,15,5,9,25.11836,121.53466
2026-09-25 17:58:52,09/25 17:58,500104125,YouBike2.0_忠誠路二段178巷口,士林區,1,15,12,3,25.11633,121.53295
2026-09-25 17:58:52,09/25 17:58,500104126,YouBike2.0_克強磺溪街口,士林區,1,24,11,13,25.10893,121.52319
2026-09-25 17:58:52,09/25 17:58,500104128,YouBike2.0_蘭雅公園(西側),士林區,1,15,4,11,25.10985,121.52859
2026-09-25 17:58:52,09/25 17:58,500104129,YouBike2.0_福林路100巷77弄口,士林區,1,18,4,14,25.09441,121.53285
2026-09-25 17:58:52,09/25 17:58,500104130,YouBike2.0_福林路100巷11弄口,士林區,1,15,8,7,25.09601,121.53262
2026-09-25 17:58:52,09/25 17:58,500104131,YouBike2.0_重慶北路四段190巷口(通河西街側),士林區,1,16,2,14,25.0848,121.51253
2026-09-25 17:58:52,09/25 17:58,500104132,YouBike2.0_承德區民活動中心,士林區,1,25,9,16,25.07892,121.52157
2026-09-25 17:58:52,09/25 17:58,500104133,YouBike2.0_福林路255巷口,士林區,1,18,1,17,25.09854,121.53528
2026-09-25 17:58:52,09/25 17:58,500104134,YouBike2.0_中山北路五段378巷口,士林區,1,27,3,24,25.09064,121.52765
2026-09-25 17:58:52,09/25 17:58,500104135,YouBike2.0_中山北路六段405巷,士林區,1,21,14,7,25.11576,121.52693
2026-09-25 17:58:52,09/25 17:58,500104136,YouBike2.0_圓山育樂中心,士林區,1,22,11,11,25.08248,121.52548
2026-09-25 17:58:52,09/25 17:58,500104137,YouBike2.0_至善公園,士林區,1,25,5,20,25.09862,121.53749
2026-09-25 17:58:52,09/25 17:58,500104138,YouBike2.0_社子島抽水站,士林區,1,15,3,12,25.10844,121.49552
2026-09-25 17:58:52,09/25 17:58,500104139,YouBike2.0_中山北路六段427巷口,士林區,1,12,10,2,25.11383,121.52698
2026-09-25 17:58:52,09/25 17:58,500104140,YouBike2.0_士林分局,士林區,1,24,13,11,25.09033,121.52687
2026-09-25 17:58:52,09/25 17:58,500104141,YouBike2.0_忠誠路二段98巷口,士林區,1,24,17,6,25.113,121.53128
2026-09-25 17:58:52,09/25 17:58,500104142,YouBike2.0_東吳大學,士林區,1,22,1,21,25.095,121.54521
2026-09-25 17:58:52,09/25 17:58,500104143,YouBike2.0_福志公園,士林區,1,22,3,19,25.10022,121.53438
2026-09-25 17:58:52,09/25 17:58,500104144,YouBike2.0_德行東路331巷口,士林區,1,14,2,11,25.1106,121.53759
2026-09-25 17:58:52,09/25 17:58,500104145,YouBike2.0_天母北路87巷9弄,士林區,1,20,8,12,25.12207,121.52731
2026-09-25 17:58:52,09/25 17:58,500104146,YouBike2.0_重慶北路四段108號(通河西街側),士林區,1,17,0,17,25.08294,121.51293
2026-09-25 17:58:52,09/25 17:58,500104147,YouBike2.0_臺灣戲曲中心(文林德行西路口),士林區,1,27,4,23,25.10288,121.5197
2026-09-25 17:58:52,09/25 17:58,500104148,YouBike2.0_中山北路六段252巷口,士林區,1,10,3,7,25.10926,121.52544
2026-09-25 17:58:52,09/25 17:58,500104149,YouBike2.0_志成中正路口,士林區,1,17,5,11,25.09655,121.53016
2026-09-25 17:58:52,09/25 17:58,500104150,YouBike2.0_承德中正路口,士林區,1,18,8,10,25.09076,121.51708
2026-09-25 17:58:52,09/25 17:58,500104151,YouBike2.0_士商中正路口(西南側),士林區,1,20,3,17,25.09149,121.51934
2026-09-25 17:58:52,09/25 17:58,500104152,YouBike2.0_天母公園平面停車場,士林區,1,20,4,16,25.12518,121.53063
2026-09-25 17:58:52,09/25 17:58,500104153,YouBike2.0_通河東街福港街262巷口,士林區,0,20,0,20,25.08407,121.51617
2026-09-25 17:58:52,09/25 17:58,500104154,YouBike2.0_明安宮,士林區,1,15,5,10,25.10188,121.49616
2026-09-25 17:58:52,09/25 17:58,500104155,YouBike2.0_中山北路五段756巷口,士林區,1,21,16,5,25.09952,121.52704
2026-09-25 17:58:52,09/25 17:58,500104156,YouBike2.0_社子派出所,士林區,1,17,11,6,25.08953,121.50529
2026-09-25 17:58:52,09/25 17:58,500104157,YouBike2.0_通河西街二段102巷口,士林區,1,18,12,6,25.09264,121.50878
2026-09-25 17:58:52,09/25 17:58,500104158,YouBike2.0_社子公園(永平街80巷),士林區,1,15,7,8,25.09128,121.50662
2026-09-25 17:58:52,09/25 17:58,500104159,YouBike2.0_忠義街71巷口,士林區,1,16,6,9,25.10586,121.53154
2026-09-25 17:58:52,09/25 17:58,500104160,YouBike2.0_承德路四段292巷口,士林區,1,13,5,8,25.08953,121.51922
2026-09-25 17:58:52,09/25 17:58,500105001,YouBike2.0_台北花木批發市場,文山區,1,40,13,27,25.00402,121.54074
2026-09-25 17:58:52,09/25 17:58,500105002,YouBike2.0_捷運萬隆站(4號出口),文山區,1,22,6,16,25.0027,121.53861
2026-09-25 17:58:52,09/25 17:58,500105003,YouBike2.0_捷運萬隆站(1號出口),文山區,1,34,15,19,25.00115,121.53916
2026-09-25 17:58:52,09/25 17:58,500105004,YouBike2.0_萬和二號公園,文山區,1,35,10,25,25.00154,121.5364
2026-09-25 17:58:52,09/25 17:58,500105005,YouBike2.0_捷運萬隆站(2號出口),文山區,1,18,6,7,25.00144,121.53983
2026-09-25 17:58:52,09/25 17:58,500105006,YouBike2.0_景仁公園,文山區,1,16,2,13,24.99621,121.54043
2026-09-25 17:58:52,09/25 17:58,500105007,YouBike2.0_捷運景美站(2號出口),文山區,1,87,49,38,24.99366,121.54124
2026-09-25 17:58:52,09/25 17:58,500105008,YouBike2.0_羅斯福景隆街口,文山區,1,50,9,41,24.99898,121.5403
2026-09-25 17:58:52,09/25 17:58,500105009,YouBike2.0_景福街/羅斯福路6段142巷口,文山區,1,28,25,3,24.998336212959,121.53686287812
2026-09-25 17:58:52,09/25 17:58,500105010,YouBike2.0_興旺公園,文山區,1,30,4,26,25.00587,121.55012
2026-09-25 17:58:52,09/25 17:58,500105011,YouBike2.0_興福國中,文山區,1,21,3,16,25.00465,121.54916
2026-09-25 17:58:52,09/25 17:58,500105012,YouBike2.0_興隆路2段203巷,文山區,1,32,8,23,25.00346,121.54709
2026-09-25 17:58:52,09/25 17:58,500105013,YouBike2.0_景美運動公園,文山區,1,26,14,12,25.00219,121.54454
2026-09-25 17:58:52,09/25 17:58,500105014,YouBike2.0_景美醫院,文山區,1,18,0,18,24.99136,121.54008
2026-09-25 17:58:52,09/25 17:58,500105015,YouBike2.0_師範大學公館校區,文山區,1,14,0,14,25.00792,121.53731
2026-09-25 17:58:52,09/25 17:58,500105016,YouBike2.0_景華街128巷口,文山區,1,27,17,10,24.99543,121.54725
2026-09-25 17:58:52,09/25 17:58,500105017,YouBike2.0_仙跡岩登山口(景興路),文山區,1,22,9,13,24.99118,121.5436
2026-09-25 17:58:52,09/25 17:58,500105018,YouBike2.0_國立政治大學,文山區,1,62,33,29,24.98737,121.57726
2026-09-25 17:58:52,09/25 17:58,500105019,YouBike2.0_捷運動物園站,文山區,1,57,1,56,24.99873,121.57985
2026-09-25 17:58:52,09/25 17:58,500105020,YouBike2.0_捷運木柵站,文山區,1,46,2,43,24.99798,121.57455
2026-09-25 17:58:52,09/25 17:58,500105021,YouBike2.0_捷運萬芳社區站,文山區,1,48,4,44,24.99886,121.56769
2026-09-25 17:58:52,09/25 17:58,500105022,YouBike2.0_文山運動中心,文山區,1,36,14,22,24.99676,121.5596
2026-09-25 17:58:52,09/25 17:58,500105023,YouBike2.0_捷運辛亥站,文山區,1,42,6,35,25.00467,121.55684
2026-09-25 17:58:52,09/25 17:58,500105024,YouBike2.0_興豐公園,文山區,1,36,6,30,24.99982,121.54761
2026-09-25 17:58:52,09/25 17:58,500105025,YouBike2.0_木柵光輝路口,文山區,1,26,1,24,24.98722,121.55495
2026-09-25 17:58:52,09/25 17:58,500105026,YouBike2.0_考試院,文山區,1,39,6,32,24.98747,121.54984
2026-09-25 17:58:52,09/25 17:58,500105027,YouBike2.0_和興路26巷口,文山區,1,39,17,22,24.98573,121.54532
2026-09-25 17:58:52,09/25 17:58,500105028,YouBike2.0_世新大學,文山區,1,44,17,27,24.98859,121.54336
2026-09-25 17:58:52,09/25 17:58,500105029,YouBike2.0_一壽橋,文山區,1,28,18,10,24.97837,121.55548
2026-09-25 17:58:52,09/25 17:58,500105030,YouBike2.0_臺北市立景美女中,文山區,1,25,18,7,24.98058,121.55624
2026-09-25 17:58:52,09/25 17:58,500105031,YouBike2.0_永安藝文館_表演36房,文山區,1,29,10,19,24.98414,121.56907
2026-09-25 17:58:52,09/25 17:58,500105032,YouBike2.0_忠順區民活動中心,文山區,1,34,20,13,24.98471,121.56332
2026-09-25 17:58:52,09/25 17:58,500105033,YouBike2.0_景文中學,文山區,1,64,6,58,24.98574,121.56745
2026-09-25 17:58:52,09/25 17:58,500105034,YouBike2.0_老泉街籃球場,文山區,1,20,3,17,24.97619,121.5583
2026-09-25 17:58:52,09/25 17:58,500105035,YouBike2.0_文山行政中心,文山區,1,40,2,38,24.98959,121.56959
2026-09-25 17:58:52,09/25 17:58,500105036,YouBike2.0_木柵公園,文山區,1,38,4,33,24.98718,121.56059
2026-09-25 17:58:52,09/25 17:58,500105037,YouBike2.0_興隆公共住宅D2區,文山區,1,27,2,25,24.98814,121.56356
2026-09-25 17:58:52,09/25 17:58,500105038,YouBike2.0_木新路3段95巷口,文山區,1,24,17,5,24.98088,121.56313
2026-09-25 17:58:52,09/25 17:58,500105039,YouBike2.0_樟腳里公園,文山區,1,15,6,9,24.98181,121.56567
2026-09-25 17:58:52,09/25 17:58,500105040,YouBike2.0_實踐國中,文山區,1,13,2,9,24.98301,121.55404
2026-09-25 17:58:52,09/25 17:58,500105041,YouBike2.0_指南路3段2巷,文山區,1,13,3,10,24.98537,121.57959
2026-09-25 17:58:52,09/25 17:58,500105042,YouBike2.0_萊茵公園,文山區,1,21,6,15,24.98642,121.56514
2026-09-25 17:58:52,09/25 17:58,500105043,YouBike2.0_木柵社會住宅,文山區,1,12,6,6,24.98935,121.56651
2026-09-25 17:58:52,09/25 17:58,500105044,YouBike2.0_秀明路一段185巷口,文山區,1,20,12,8,24.99151,121.56836
2026-09-25 17:58:52,09/25 17:58,500105045,YouBike2.0_秀明路一段129巷口,文山區,0,22,1,21,24.99111,121.56703
2026-09-25 17:58:52,09/25 17:58,500105046,YouBike2.0_恆光橋(老泉街),文山區,1,13,2,10,24.97989,121.56753
2026-09-25 17:58:52,09/25 17:58,500105047,YouBike2.0_萬有3號公園,文山區,1,14,1,12,24.99889,121.5433
2026-09-25 17:58:52,09/25 17:58,500105048,YouBike2.0_捷運萬芳醫院站(興隆路三段115巷),文山區,1,20,15,5,24.99939,121.55848
2026-09-25 17:58:52,09/25 17:58,500105049,YouBike2.0_興得閱覽室,文山區,1,24,10,14,24.99579,121.55498
2026-09-25 17:58:52,09/25 17:58,500105050,YouBike2.0_辛亥生態公園,文山區,1,23,20,3,25.00348,121.55642
2026-09-25 17:58:52,09/25 17:58,500105051,YouBike2.0_博嘉運動公園,文山區,1,12,2,10,25.00079,121.57534
2026-09-25 17:58:52,09/25 17:58,500105053,YouBike2.0_仙岩公園,文山區,1,20,9,11,24.99797,121.54982
2026-09-25 17:58:52,09/25 17:58,500105054,YouBike2.0_政大一街口,文山區,1,14,5,9,24.98543,121.58006
2026-09-25 17:58:52,09/25 17:58,500105055,YouBike2.0_文山第二行政中心,文山區,1,38,9,29,25.00115,121.55142
2026-09-25 17:58:52,09/25 17:58,500105056,YouBike2.0_移民署訓練中心,文山區,1,13,10,3,24.99271,121.55865
2026-09-25 17:58:52,09/25 17:58,500105057,YouBike2.0_海巡署(南側),文山區,1,10,1,9,24.99472,121.55949
2026-09-25 17:58:52,09/25 17:58,500105058,YouBike2.0_明道國小東南側,文山區,1,28,3,25,24.98695,121.56456
2026-09-25 17:58:52,09/25 17:58,500105059,YouBike2.0_木南公園,文山區,1,17,2,15,24.98662,121.57071
2026-09-25 17:58:52,09/25 17:58,500105060,YouBike2.0_實踐國中(木新路三段310巷口),文山區,1,17,5,12,24.98339,121.55645
2026-09-25 17:58:52,09/25 17:58,500105061,YouBike2.0_師範大學公館校區_1,文山區,1,34,0,33,25.00753,121.53719
2026-09-25 17:58:52,09/25 17:58,500105062,YouBike2.0_捷運動物園站(2號出口),文山區,0,39,0,0,24.99766,121.57875
2026-09-25 17:58:52,09/25 17:58,500105063,YouBike2.0_政大水岸電梯,文山區,1,10,2,8,24.982,121.5717
2026-09-25 17:58:52,09/25 17:58,500105064,YouBike2.0_敦南山林,文山區,1,14,1,13,25.00264,121.5768
2026-09-25 17:58:52,09/25 17:58,500105066,YouBike2.0_景美污水抽水站,文山區,1,15,1,14,25.01076,121.53637
2026-09-25 17:58:52,09/25 17:58,500105067,YouBike2.0_萬和三號公園(北側),文山區,1,35,12,23,25.00345,121.53636
2026-09-25 17:58:52,09/25 17:58,500105068,YouBike2.0_景興國中,文山區,1,10,1,9,24.99609,121.54284
2026-09-25 17:58:52,09/25 17:58,500105069,YouBike2.0_景仁公園_1,文山區,1,30,5,25,24.9966,121.5403
2026-09-25 17:58:52,09/25 17:58,500105070,YouBike2.0_師大公館校區學二舍,文山區,1,84,3,81,25.00825,121.53419
2026-09-25 17:58:52,09/25 17:58,500105071,YouBike2.0_景行公園,文山區,1,15,2,13,24.99279,121.54255
2026-09-25 17:58:52,09/25 17:58,500105072,YouBike2.0_萬興國小,文山區,1,25,5,20,24.98939,121.57682
2026-09-25 17:58:52,09/25 17:58,500105073,YouBike2.0_辛亥路四段77巷口,文山區,1,23,7,16,25.00743,121.55877
2026-09-25 17:58:52,09/25 17:58,500105074,YouBike2.0_景興路42巷口,文山區,1,12,7,5,24.99696,121.54454
2026-09-25 17:58:52,09/25 17:58,500105075,YouBike2.0_木柵路三段48巷,文山區,1,15,5,10,24.98768,121.56565
2026-09-25 17:58:52,09/25 17:58,500105076,YouBike2.0_木柵路二段109巷,文山區,1,15,3,12,24.98944,121.56195
2026-09-25 17:58:52,09/25 17:58,500105077,YouBike2.0_試院公園,文山區,1,15,1,13,24.98808,121.54723
2026-09-25 17:58:52,09/25 17:58,500105079,YouBike2.0_樟樹公園,文山區,1,15,3,12,24.9825,121.55949
2026-09-25 17:58:52,09/25 17:58,500105080,YouBike2.0_萬美萬安街口,文山區,1,25,0,24,25.00223,121.57039
2026-09-25 17:58:52,09/25 17:58,500105081,YouBike2.0_興隆路二段203巷(敦南),文山區,1,27,13,14,25.00198,121.54856
2026-09-25 17:58:52,09/25 17:58,500105082,YouBike2.0_新光秀明路口,文山區,1,15,6,8,24.99197,121.57371
2026-09-25 17:58:52,09/25 17:58,500105083,YouBike2.0_光輝路134巷口,文山區,1,15,6,9,24.98532,121.55831
2026-09-25 17:58:52,09/25 17:58,500105084,YouBike2.0_光輝公園,文山區,1,27,7,17,24.98655,121.5552
2026-09-25 17:58:52,09/25 17:58,500105085,YouBike2.0_木新公園,文山區,1,12,1,11,24.98217,121.55782
2026-09-25 17:58:52,09/25 17:58,500105086,YouBike2.0_興隆路二段275巷1弄口,文山區,1,16,8,8,25.00268,121.55277
2026-09-25 17:58:52,09/25 17:58,500105087,YouBike2.0_中國科技大學,文山區,1,21,19,2,24.99925,121.55553
2026-09-25 17:58:52,09/25 17:58,500105088,YouBike2.0_樟新街8巷,文山區,1,17,6,11,24.97932,121.55406
2026-09-25 17:58:52,09/25 17:58,500105089,YouBike2.0_仙岩路22巷口,文山區,1,28,3,22,24.99892,121.54887
2026-09-25 17:58:52,09/25 17:58,500105090,YouBike2.0_木柵萬芳路口,文山區,1,29,8,19,24.99509,121.57199
2026-09-25 17:58:52,09/25 17:58,500105091,YouBike2.0_福興路78巷,文山區,1,14,1,12,25.00437,121.55048
2026-09-25 17:58:52,09/25 17:58,500105092,YouBike2.0_辛亥木柵路口,文山區,1,20,13,7,24.98839,121.55238
2026-09-25 17:58:52,09/25 17:58,500105093,YouBike2.0_興泰公園,文山區,1,12,5,7,25.00492,121.55582
2026-09-25 17:58:52,09/25 17:58,500105094,YouBike2.0_興岩社會福利綜合大樓,文山區,1,18,7,11,25.00061,121.54941
2026-09-25 17:58:52,09/25 17:58,500105095,YouBike2.0_興隆路二段22巷9弄口,文山區,1,13,6,7,24.99746,121.54543
2026-09-25 17:58:52,09/25 17:58,500105096,YouBike2.0_木新路三段155巷口,文山區,1,15,9,6,24.98184,121.56125
2026-09-25 17:58:52,09/25 17:58,500105097,YouBike2.0_景興路102巷口,文山區,1,14,12,2,24.99438,121.54376
2026-09-25 17:58:52,09/25 17:58,500105098,YouBike2.0_景福街223巷,文山區,1,17,8,7,24.99442,121.53844
2026-09-25 17:58:52,09/25 17:58,500105100,YouBike2.0_達賢圖書館,文山區,1,27,9,18,24.9884,121.57786
2026-09-25 17:58:52,09/25 17:58,500105101,YouBike2.0_捷運木柵站(西側),文山區,1,26,10,16,24.9983,121.57279
2026-09-25 17:58:52,09/25 17:58,500105102,YouBike2.0_世新大學(試院路),文山區,1,16,7,9,24.98981,121.54783
2026-09-25 17:58:52,09/25 17:58,500105103,YouBike2.0_興隆社會住宅D1區,文山區,1,31,3,28,24.98783,121.55831
2026-09-25 17:58:52,09/25 17:58,500105104,YouBike2.0_名門社區,文山區,1,18,1,17,25.00516,121.56757
2026-09-25 17:58:52,09/25 17:58,500105106,YouBike2.0_政大國際會館,文山區,1,20,3,17,24.98994,121.57513
2026-09-25 17:58:52,09/25 17:58,500105107,YouBike2.0_萬芳出租國宅,文山區,1,36,10,26,25.00335,121.5655
2026-09-25 17:58:52,09/25 17:58,500105108,YouBike2.0_景美國小,文山區,1,25,2,23,24.9893,121.53976
2026-09-25 17:58:52,09/25 17:58,500105109,YouBike2.0_景文街142巷口,文山區,1,16,12,3,24.98826,121.54065
2026-09-25 17:58:52,09/25 17:58,500105110,YouBike2.0_保儀路142巷,文山區,1,22,16,6,24.98327,121.56515
2026-09-25 17:58:52,09/25 17:58,500105111,YouBike2.0_和興水岸社會住宅,文山區,1,29,7,22,24.98505,121.54953
2026-09-25 17:58:52,09/25 17:58,500105112,YouBike2.0_萬芳路107巷口,文山區,1,20,2,18,24.99715,121.56179
2026-09-25 17:58:52,09/25 17:58,500105113,YouBike2.0_考選部國家考場,文山區,1,26,8,18,24.98703,121.54884
2026-09-25 17:58:52,09/25 17:58,500105114,YouBike2.0_明道國小(明道國宅),文山區,1,26,3,23,24.98686,121.56301
2026-09-25 17:58:52,09/25 17:58,500105115,YouBike2.0_興隆社會住宅A區,文山區,1,49,1,48,24.988,121.56018
2026-09-25 17:58:52,09/25 17:58,500105116,YouBike2.0_景興路177巷,文山區,1,11,3,8,24.99275,121.54479
2026-09-25 17:58:52,09/25 17:58,500105117,YouBike2.0_捷運景美站(1號出口),文山區,1,21,3,18,24.99274,121.5409
2026-09-25 17:58:52,09/25 17:58,500105118,YouBike2.0_秀明路二段92巷口,文山區,1,27,2,24,24.99155,121.57635
2026-09-25 17:58:52,09/25 17:58,500105119,YouBike2.0_樟新社會住宅,文山區,1,20,10,9,24.97735,121.55603
2026-09-25 17:58:52,09/25 17:58,500105120,YouBike2.0_忠順路二段57巷口,文山區,1,18,3,14,24.98484,121.56456
2026-09-25 17:58:52,09/25 17:58,500105121,YouBike2.0_景豐公園,文山區,1,18,7,9,24.99984,121.54489
2026-09-25 17:58:52,09/25 17:58,500105122,YouBike2.0_樟新區民活動中心,文山區,1,20,3,17,24.97942,121.55656
2026-09-25 17:58:52,09/25 17:58,500105123,YouBike2.0_貓空纜車動物園站,文山區,1,48,1,47,24.99645,121.57603
2026-09-25 17:58:52,09/25 17:58,500105124,YouBike2.0_保儀公園(興隆路四段195巷),文山區,1,11,5,6,24.98326,121.56307
2026-09-25 17:58:52,09/25 17:58,500105125,YouBike2.0_景新大樓,文山區,1,16,7,9,24.99005,121.54236
2026-09-25 17:58:52,09/25 17:58,500105126,YouBike2.0_文山溪洲福德宮,文山區,1,27,7,20,25.00622,121.53421
2026-09-25 17:58:52,09/25 17:58,500105128,YouBike2.0_萬有二號公園(景明街29巷),文山區,1,20,7,13,25.00045,121.54176
2026-09-25 17:58:52,09/25 17:58,500105129,YouBike2.0_指南綠地,文山區,1,18,6,10,24.98294,121.57993
2026-09-25 17:58:52,09/25 17:58,500105130,YouBike2.0_木新派出所,文山區,1,28,15,13,24.98232,121.5672
2026-09-25 17:58:52,09/25 17:58,500106001,YouBike2.0_臺北自來水事業處,中正區,1,20,0,17,25.013741,121.53068
2026-09-25 17:58:52,09/25 17:58,500106002,YouBike2.0_汀州思源街口東南側,中正區,1,34,17,17,25.014697,121.531908
2026-09-25 17:58:52,09/25 17:58,500106003,YouBike2.0_捷運公館站(1號出口),中正區,1,12,3,8,25.014529,121.534374
2026-09-25 17:58:52,09/25 17:58,500106004,YouBike2.0_捷運公館站(4號出口),中正區,1,12,11,1,25.015069,121.533828
2026-09-25 17:58:52,09/25 17:58,500106005,YouBike2.0_捷運古亭站(9號出口),中正區,1,24,12,12,25.02694,121.52224
2026-09-25 17:58:52,09/25 17:58,500106006,YouBike2.0_捷運古亭站(2號出口),中正區,1,55,36,18,25.0255,121.52346
2026-09-25 17:58:52,09/25 17:58,500106007,YouBike2.0_捷運臺電大樓站(1號出口),中正區,1,34,11,21,25.0197,121.529
2026-09-25 17:58:52,09/25 17:58,500106008,YouBike2.0_客家文化主題公園,中正區,1,31,8,23,25.02069,121.52456
2026-09-25 17:58:52,09/25 17:58,500106009,YouBike2.0_河堤國小,中正區,1,59,4,55,25.02277,121.52289
2026-09-25 17:58:52,09/25 17:58,500106010,YouBike2.0_紀州庵,中正區,1,45,3,42,25.02092,121.52049
2026-09-25 17:58:52,09/25 17:58,500106011,YouBike2.0_捷運臺電大樓站(5號出口),中正區,1,21,8,13,25.02075,121.52771
2026-09-25 17:58:52,09/25 17:58,500106012,YouBike2.0_捷運臺電大樓站(4號出口),中正區,1,13,12,1,25.02102,121.52751
2026-09-25 17:58:52,09/25 17:58,500106013,YouBike2.0_羅斯福三段金門街口,中正區,1,15,6,8,25.02345,121.52498
2026-09-25 17:58:52,09/25 17:58,500106014,YouBike2.0_牯嶺公園,中正區,1,69,8,56,25.02338,121.51889
2026-09-25 17:58:52,09/25 17:58,500106015,YouBike2.0_捷運古亭站(8號出口),中正區,1,15,1,12,25.02701,121.52164
2026-09-25 17:58:52,09/25 17:58,500106016,YouBike2.0_捷運古亭站(7號出口),中正區,1,12,9,2,25.02805,121.52155
2026-09-25 17:58:52,09/25 17:58,500106017,YouBike2.0_南昌公園,中正區,1,55,23,31,25.02698,121.52081
2026-09-25 17:58:52,09/25 17:58,500106018,YouBike2.0_和平重慶路口,中正區,1,69,23,46,25.02723,121.51659
2026-09-25 17:58:52,09/25 17:58,500106019,YouBike2.0_孫立人將軍官邸,中正區,1,23,1,22,25.02933,121.51854
2026-09-25 17:58:52,09/25 17:58,500106020,YouBike2.0_羅斯福路二段6巷口,中正區,1,22,1,21,25.02923,121.52058
2026-09-25 17:58:52,09/25 17:58,500106021,YouBike2.0_金華杭州南路口,中正區,1,51,21,29,25.031,121.52211
2026-09-25 17:58:52,09/25 17:58,500106022,YouBike2.0_捷運中正紀念堂站(3號出口),中正區,1,36,10,26,25.03239,121.51866
2026-09-25 17:58:52,09/25 17:58,500106023,YouBike2.0_捷運中正紀念堂站(4號出口),中正區,1,21,4,17,25.03376,121.51772
2026-09-25 17:58:52,09/25 17:58,500106025,YouBike2.0_螢橋國小,中正區,1,41,23,18,25.02609,121.51389
2026-09-25 17:58:52,09/25 17:58,500106026,YouBike2.0_古亭智慧圖書館,中正區,1,21,13,7,25.02543,121.51052
2026-09-25 17:58:52,09/25 17:58,500106027,YouBike2.0_永昌公園,中正區,1,28,13,14,25.02643,121.50936
2026-09-25 17:58:52,09/25 17:58,500106028,YouBike2.0_中華路二段409巷口,中正區,1,15,8,7,25.02598,121.50806
2026-09-25 17:58:52,09/25 17:58,500106029,YouBike2.0_南機場夜市(中華路二段),中正區,1,22,14,8,25.02886,121.50518
2026-09-25 17:58:52,09/25 17:58,500106030,YouBike2.0_南海和平路口西南側,中正區,1,19,7,12,25.03024,121.50904
2026-09-25 17:58:52,09/25 17:58,500106031,YouBike2.0_莒光和平路口,中正區,1,20,2,18,25.03132,121.50745
2026-09-25 17:58:52,09/25 17:58,500106037,YouBike2.0_水源路11_1號旁,中正區,1,31,10,20,25.01602,121.52565
2026-09-25 17:58:52,09/25 17:58,500106038,YouBike2.0_南門國中,中正區,1,40,2,38,25.03543,121.50834
2026-09-25 17:58:52,09/25 17:58,500106039,YouBike2.0_捷運小南門站(2號出口),中正區,1,24,22,1,25.03567,121.51006
2026-09-25 17:58:52,09/25 17:58,500106040,YouBike2.0_介壽公園,中正區,1,35,1,33,25.03907,121.5138
2026-09-25 17:58:52,09/25 17:58,500106041,YouBike2.0_中華貴陽街口,中正區,1,20,6,12,25.03938,121.50772
2026-09-25 17:58:52,09/25 17:58,500106042,YouBike2.0_華山文創園區,中正區,1,39,25,12,25.04367,121.52849
2026-09-25 17:58:52,09/25 17:58,500106043,YouBike2.0_捷運善導寺站(1號出口),中正區,1,46,26,20,25.04527,121.5222
2026-09-25 17:58:52,09/25 17:58,500106044,YouBike2.0_濟南紹興路口,中正區,1,74,11,62,25.04193,121.52459
2026-09-25 17:58:52,09/25 17:58,500106046,YouBike2.0_林森仁愛路口,中正區,1,13,6,6,25.03915,121.52163
2026-09-25 17:58:52,09/25 17:58,500106047,YouBike2.0_中正運動中心,中正區,1,40,3,35,25.03786,121.51985
2026-09-25 17:58:52,09/25 17:58,500106048,YouBike2.0_信義杭州路口,中正區,1,64,0,64,25.0357,121.5241
2026-09-25 17:58:52,09/25 17:58,500106049,YouBike2.0_捷運善導寺站(3號出口),中正區,1,20,5,15,25.04428,121.52336
2026-09-25 17:58:52,09/25 17:58,500106050,YouBike2.0_捷運小南門站(1號出口),中正區,1,46,5,41,25.03648,121.50951
2026-09-25 17:58:52,09/25 17:58,500106051,YouBike2.0_延平南路133巷口,中正區,1,36,7,29,25.03792,121.50846
2026-09-25 17:58:52,09/25 17:58,500106052,YouBike2.0_捷運西門站(2號出口),中正區,1,36,14,22,25.0416,121.50842
2026-09-25 17:58:52,09/25 17:58,500106053,YouBike2.0_寶慶博愛路口,中正區,1,47,10,37,25.04129,121.5112
2026-09-25 17:58:52,09/25 17:58,500106054,YouBike2.0_法務部,中正區,1,27,5,22,25.03705,121.51249
2026-09-25 17:58:52,09/25 17:58,500106055,YouBike2.0_臺北市立大學(博愛校區),中正區,1,99,14,85,25.03545,121.51327
2026-09-25 17:58:52,09/25 17:58,500106056,YouBike2.0_國家圖書館,中正區,1,50,7,43,25.03763,121.51709
2026-09-25 17:58:52,09/25 17:58,500106057,YouBike2.0_市民金山路口,中正區,1,98,37,61,25.0459,121.53068
2026-09-25 17:58:52,09/25 17:58,500106058,YouBike2.0_聯合醫院和平院區,中正區,1,32,3,29,25.03516,121.50641
2026-09-25 17:58:52,09/25 17:58,500106059,YouBike2.0_中山堂,中正區,1,43,7,36,25.04412,121.51025
2026-09-25 17:58:52,09/25 17:58,500106060,YouBike2.0_中華漢口街口,中正區,1,19,4,15,25.04533,121.50944
2026-09-25 17:58:52,09/25 17:58,500106061,YouBike2.0_中華路一段21巷口,中正區,1,22,2,20,25.04677,121.50989
2026-09-25 17:58:52,09/25 17:58,500106062,YouBike2.0_捷運臺大醫院站(4號出口),中正區,1,60,39,20,25.04297,121.51643
2026-09-25 17:58:52,09/25 17:58,500106063,YouBike2.0_寶藏巖觀音亭,中正區,1,23,3,19,25.01027,121.5331
2026-09-25 17:58:52,09/25 17:58,500106064,YouBike2.0_師大水源路口,中正區,1,28,6,21,25.0203,121.52302
2026-09-25 17:58:52,09/25 17:58,500106065,YouBike2.0_中山徐州路口,中正區,1,41,9,32,25.04178,121.51907
2026-09-25 17:58:52,09/25 17:58,500106066,YouBike2.0_信義連雲街口,中正區,1,39,34,5,25.03377,121.53041
2026-09-25 17:58:52,09/25 17:58,500106067,YouBike2.0_臺北轉運站,中正區,1,68,60,0,25.04842,121.51994
2026-09-25 17:58:52,09/25 17:58,500106068,YouBike2.0_莒光大埔街口,中正區,1,32,13,19,25.03132,121.50519
2026-09-25 17:58:52,09/25 17:58,500106069,YouBike2.0_捷運忠孝新生站(2號出口),中正區,1,32,7,25,25.04235,121.53222
2026-09-25 17:58:52,09/25 17:58,500106070,YouBike2.0_光華商場,中正區,1,39,15,24,25.04478,121.53274
2026-09-25 17:58:52,09/25 17:58,500106071,YouBike2.0_中山青島路口,中正區,1,40,11,27,25.04503,121.51968
2026-09-25 17:58:52,09/25 17:58,500106072,YouBike2.0_捷運中正紀念堂站(5號出口),中正區,1,29,9,20,25.03526,121.5168
2026-09-25 17:58:52,09/25 17:58,500106073,YouBike2.0_北平東杭州北路口,中正區,1,20,3,17,25.04553,121.52736
2026-09-25 17:58:52,09/25 17:58,500106074,YouBike2.0_王貫英先生紀念圖書館,中正區,1,15,5,8,25.02266,121.52362
2026-09-25 17:58:52,09/25 17:58,500106075,YouBike2.0_金山信義路口,中正區,1,25,9,13,25.03443,121.52721
2026-09-25 17:58:52,09/25 17:58,500106077,YouBike2.0_林森徐州路口,中正區,1,32,4,28,25.04094,121.52215
2026-09-25 17:58:52,09/25 17:58,500106078,YouBike2.0_徐州杭州路口,中正區,1,30,10,20,25.04023,121.52565
2026-09-25 17:58:52,09/25 17:58,500106079,YouBike2.0_捷運中正紀念堂站(6號出口),中正區,1,17,2,15,25.03615,121.5166
2026-09-25 17:58:52,09/25 17:58,500106080,YouBike2.0_捷運臺北車站(M2出口),中正區,1,20,4,15,25.04821,121.51903
2026-09-25 17:58:52,09/25 17:58,500106083,YouBike2.0_臺北市國父史蹟館(逸仙公園),中正區,1,31,23,5,25.04779,121.52042
2026-09-25 17:58:52,09/25 17:58,500106084,YouBike2.0_捷運西門站(5號出口),中正區,1,30,3,27,25.04244,121.50864
2026-09-25 17:58:52,09/25 17:58,500106085,YouBike2.0_弘道國中,中正區,1,33,0,32,25.03828,121.51524
2026-09-25 17:58:52,09/25 17:58,500106086,YouBike2.0_臺北市第一女子高級中學,中正區,1,28,0,28,25.0385,121.51288
2026-09-25 17:58:52,09/25 17:58,500106087,YouBike2.0_台北市替代役中心,中正區,1,15,7,8,25.01808,121.5275
2026-09-25 17:58:52,09/25 17:58,500106088,YouBike2.0_紹興徐州路口,中正區,1,18,3,15,25.04051,121.52401
2026-09-25 17:58:52,09/25 17:58,500106089,YouBike2.0_羅斯福寧波東街口,中正區,1,26,3,23,25.03145,121.51941
2026-09-25 17:58:52,09/25 17:58,500106090,YouBike2.0_自來水園區,中正區,1,40,15,24,25.01328,121.53004
2026-09-25 17:58:52,09/25 17:58,500106091,YouBike2.0_仁愛林森路口,中正區,1,46,1,45,25.03895,121.52233
2026-09-25 17:58:52,09/25 17:58,500106092,YouBike2.0_捷運西門站(3號出口),中正區,1,36,14,22,25.04178,121.50869
2026-09-25 17:58:52,09/25 17:58,500106093,YouBike2.0_仁愛金山路口,中正區,1,9,2,6,25.0384,121.52801
2026-09-25 17:58:52,09/25 17:58,500106094,YouBike2.0_杭州南路一段101巷口,中正區,1,14,1,12,25.03746,121.52799
2026-09-25 17:58:52,09/25 17:58,500106095,YouBike2.0_仁愛杭州路口,中正區,1,25,2,23,25.03846,121.52497
2026-09-25 17:58:52,09/25 17:58,500106096,YouBike2.0_龍興里活動中心,中正區,1,21,7,14,25.02815,121.51108
2026-09-25 17:58:52,09/25 17:58,500106097,YouBike2.0_植物園,中正區,1,29,5,24,25.0299,121.51033
2026-09-25 17:58:52,09/25 17:58,500106098,YouBike2.0_郵政博物館,中正區,1,24,4,20,25.03158,121.51464
2026-09-25 17:58:52,09/25 17:58,500106099,YouBike2.0_林森北平路口,中正區,1,20,3,17,25.04659,121.52377
2026-09-25 17:58:52,09/25 17:58,500106100,YouBike2.0_北平紹興路口,中正區,1,39,3,36,25.04597,121.52579
2026-09-25 17:58:52,09/25 17:58,500106101,YouBike2.0_天津北平路口,中正區,1,25,2,23,25.04692,121.52208
2026-09-25 17:58:52,09/25 17:58,500106102,YouBike2.0_捷運忠孝新生站(1號出口),中正區,1,19,2,17,25.04272,121.53207
2026-09-25 17:58:52,09/25 17:58,500106103,YouBike2.0_捷運忠孝新生站(5號出口),中正區,1,13,3,10,25.04113,121.53273
2026-09-25 17:58:52,09/25 17:58,500106104,YouBike2.0_捷運臺大醫院站(1號出口),中正區,1,19,8,11,25.04074,121.51586
2026-09-25 17:58:52,09/25 17:58,500106105,YouBike2.0_臺大醫院兒童醫院,中正區,1,22,7,14,25.04461,121.5188
2026-09-25 17:58:52,09/25 17:58,500106106,YouBike2.0_林森濟南路口(東北側),中正區,1,26,12,14,25.0425,121.5227
2026-09-25 17:58:52,09/25 17:58,500106107,YouBike2.0_仁愛紹興街口(南側),中正區,1,20,5,15,25.03837,121.52345
2026-09-25 17:58:52,09/25 17:58,500106108,YouBike2.0_中華南海路口,中正區,1,15,13,2,25.02703,121.50686
2026-09-25 17:58:52,09/25 17:58,500106109,YouBike2.0_立法院台北會館,中正區,1,15,6,9,25.03371,121.51068
2026-09-25 17:58:52,09/25 17:58,500106110,YouBike2.0_捷運善導寺站(3號出口)(忠孝東路側),中正區,1,31,10,20,25.04467,121.52357
2026-09-25 17:58:52,09/25 17:58,500106111,YouBike2.0_國家音樂廳,中正區,1,22,2,20,25.03788,121.51904
2026-09-25 17:58:52,09/25 17:58,500106112,YouBike2.0_忠孝西重慶南路口,中正區,1,33,12,17,25.04724,121.51272
2026-09-25 17:58:52,09/25 17:58,500106113,YouBike2.0_濟南路二段8巷口,中正區,1,14,6,8,25.04127,121.52697
2026-09-25 17:58:52,09/25 17:58,500106114,YouBike2.0_仁愛金山路口(東南側),中正區,1,14,1,13,25.03811,121.52855
2026-09-25 17:58:52,09/25 17:58,500106115,YouBike2.0_臺灣文學基地,中正區,1,23,4,18,25.04148,121.5287
2026-09-25 17:58:52,09/25 17:58,500106116,YouBike2.0_重慶南詔安街口,中正區,1,19,4,14,25.02507,121.51645
2026-09-25 17:58:52,09/25 17:58,500106117,YouBike2.0_文光公園,中正區,1,28,4,24,25.03898,121.53058
2026-09-25 17:58:52,09/25 17:58,500106118,YouBike2.0_捷運中正紀念堂站(2號出口),中正區,1,12,0,12,25.03212,121.51861
2026-09-25 17:58:52,09/25 17:58,500106119,YouBike2.0_螢圃里小公園,中正區,1,25,22,1,25.02484,121.51973
2026-09-25 17:58:52,09/25 17:58,500106120,YouBike2.0_螢橋公園,中正區,1,29,13,16,25.02682,121.51737
2026-09-25 17:58:52,09/25 17:58,500106121,YouBike2.0_泉州寧波西街口,中正區,1,49,9,39,25.02965,121.51415
2026-09-25 17:58:52,09/25 17:58,500106122,YouBike2.0_和平西路二段98巷口,中正區,1,16,4,12,25.0289,121.5097
2026-09-25 17:58:52,09/25 17:58,500106123,YouBike2.0_仁愛新生路口(西南側),中正區,1,18,2,16,25.03796,121.53261
2026-09-25 17:58:52,09/25 17:58,500106124,YouBike2.0_幸安市場,中正區,1,15,2,13,25.04032,121.53141
2026-09-25 17:58:52,09/25 17:58,500106125,YouBike2.0_龍口市場,中正區,1,14,5,9,25.0275,121.51013
2026-09-25 17:58:52,09/25 17:58,500106126,YouBike2.0_捷運善導寺站(5號出口),中正區,1,31,5,26,25.04418,121.52552
2026-09-25 17:58:52,09/25 17:58,500106127,YouBike2.0_青島杭州路口,中正區,1,17,1,16,25.04281,121.52629
2026-09-25 17:58:52,09/25 17:58,500106128,YouBike2.0_詔安街37巷口,中正區,1,28,9,19,25.02542,121.51233
2026-09-25 17:58:52,09/25 17:58,500106129,YouBike2.0_南海路112巷口,中正區,1,31,2,28,25.02757,121.50771
2026-09-25 17:58:52,09/25 17:58,500106130,YouBike2.0_牯嶺街95巷,中正區,1,16,2,12,25.0255,121.52067
2026-09-25 17:58:52,09/25 17:58,500106131,YouBike2.0_仁愛紹興路口(北側),中正區,1,23,1,21,25.03862,121.52385
2026-09-25 17:58:52,09/25 17:58,500106132,YouBike2.0_貴陽博愛路口,中正區,1,69,15,54,25.03896,121.51093
2026-09-25 17:58:52,09/25 17:58,500106133,YouBike2.0_國立臺灣博物館南門館,中正區,1,21,2,19,25.03351,121.5156
2026-09-25 17:58:52,09/25 17:58,500106134,YouBike2.0_汀州路一段106巷口,中正區,1,21,7,14,25.03008,121.50768
2026-09-25 17:58:52,09/25 17:58,500106135,YouBike2.0_羅斯福路四段108巷口,中正區,1,20,15,5,25.01346,121.5355
2026-09-25 17:58:52,09/25 17:58,500106136,YouBike2.0_公館水岸廣場,中正區,1,27,27,0,25.01193,121.52861
2026-09-25 17:58:52,09/25 17:58,500106137,YouBike2.0_捷運小南門站(3號出口),中正區,1,19,1,18,25.03532,121.51117
2026-09-25 17:58:52,09/25 17:58,500106138,YouBike2.0_臨沂街停車場,中正區,1,33,13,20,25.0426,121.53006
2026-09-25 17:58:52,09/25 17:58,500106142,YouBike2.0_愛國東羅斯福路口,中正區,1,24,0,24,25.03454,121.51733
2026-09-25 17:58:52,09/25 17:58,500106143,YouBike2.0_螢橋國中,中正區,1,18,3,14,25.01933,121.52582
2026-09-25 17:58:52,09/25 17:58,500106144,YouBike2.0_立法院中興大樓,中正區,1,13,1,11,25.04278,121.52119
2026-09-25 17:58:52,09/25 17:58,500106145,YouBike2.0_汀州南海路口,中正區,1,19,12,6,25.0288,121.50875
2026-09-25 17:58:52,09/25 17:58,500106146,YouBike2.0_捷運中正紀念堂站(7號出口),中正區,1,23,8,15,25.03465,121.5156
2026-09-25 17:58:52,09/25 17:58,500106147,YouBike2.0_羅斯福路三段210巷口,中正區,1,16,3,12,25.01884,121.52994
2026-09-25 17:58:52,09/25 17:58,500106149,YouBike2.0_忠義實小,中正區,1,19,13,3,25.02968,121.50631
2026-09-25 17:58:52,09/25 17:58,500106150,YouBike2.0_中華路二段313巷口,中正區,1,35,12,20,25.02816,121.50574
2026-09-25 17:58:52,09/25 17:58,500106151,YouBike2.0_牯嶺街9巷口,中正區,1,19,6,13,25.0313,121.51554
2026-09-25 17:58:52,09/25 17:58,500106152,YouBike2.0_量水室古蹟廣場,中正區,1,44,14,29,25.01279,121.53401
2026-09-25 17:58:52,09/25 17:58,500107001,YouBike2.0_通北街65巷口,中山區,1,27,7,20,25.08251,121.54004
2026-09-25 17:58:52,09/25 17:58,500107002,YouBike2.0_圓山風景區,中山區,1,15,10,4,25.07805,121.5295
2026-09-25 17:58:52,09/25 17:58,500107003,YouBike2.0_樂群二堤頂大道口,中山區,1,20,2,18,25.0803,121.56251
2026-09-25 17:58:52,09/25 17:58,500107004,YouBike2.0_劍潭社區,中山區,1,13,6,7,25.08524,121.53748
2026-09-25 17:58:52,09/25 17:58,500107005,YouBike2.0_培英公園,中山區,1,40,4,35,25.08258,121.54462
2026-09-25 17:58:52,09/25 17:58,500107006,YouBike2.0_樂群二明水路口,中山區,1,20,0,20,25.08009,121.55226
2026-09-25 17:58:52,09/25 17:58,500107007,YouBike2.0_北安大直街口,中山區,1,63,5,57,25.08474,121.54968
2026-09-25 17:58:52,09/25 17:58,500107008,YouBike2.0_捷運劍南路站(2號出口),中山區,1,40,13,26,25.084751813542,121.555090270105
2026-09-25 17:58:52,09/25 17:58,500107009,YouBike2.0_樂群二敬業三路口,中山區,1,20,1,19,25.07985,121.55609
2026-09-25 17:58:52,09/25 17:58,500107010,YouBike2.0_樂群二敬業四路口,中山區,1,36,1,35,25.07976,121.55813
2026-09-25 17:58:52,09/25 17:58,500107011,YouBike2.0_捷運大直站(3號出口),中山區,1,34,2,32,25.07923,121.5473
2026-09-25 17:58:52,09/25 17:58,500107012,YouBike2.0_復興市民路口,中山區,1,52,17,35,25.04585,121.54375
2026-09-25 17:58:52,09/25 17:58,500107013,YouBike2.0_南京遼寧街口,中山區,1,42,1,41,25.05176,121.54217
2026-09-25 17:58:52,09/25 17:58,500107014,YouBike2.0_伊通長安路口,中山區,1,21,1,20,25.04833,121.53469
2026-09-25 17:58:52,09/25 17:58,500107015,YouBike2.0_新生長安路口,中山區,1,44,6,38,25.04861,121.52935
2026-09-25 17:58:52,09/25 17:58,500107016,YouBike2.0_市民林森路口,中山區,1,69,3,66,25.04765,121.52589
2026-09-25 17:58:52,09/25 17:58,500107017,YouBike2.0_南京新生路口,中山區,1,36,17,19,25.05194,121.52766
2026-09-25 17:58:52,09/25 17:58,500107018,YouBike2.0_一江公園,中山區,1,37,5,32,25.05316,121.53146
2026-09-25 17:58:52,09/25 17:58,500107019,YouBike2.0_松江公園,中山區,1,42,9,32,25.05025,121.53273
2026-09-25 17:58:52,09/25 17:58,500107020,YouBike2.0_新生長春路口,中山區,1,32,8,17,25.05639,121.52752
2026-09-25 17:58:52,09/25 17:58,500107021,YouBike2.0_第二果菜批發市場,中山區,1,40,0,38,25.06642,121.53735
2026-09-25 17:58:52,09/25 17:58,500107022,YouBike2.0_民生建國路口,中山區,1,47,13,32,25.05778,121.53692
2026-09-25 17:58:52,09/25 17:58,500107023,YouBike2.0_興安華城,中山區,1,62,4,57,25.05606,121.54175
2026-09-25 17:58:52,09/25 17:58,500107024,YouBike2.0_捷運中山國中站,中山區,1,61,11,50,25.06106,121.54406
2026-09-25 17:58:52,09/25 17:58,500107025,YouBike2.0_龍江錦州街口,中山區,1,16,2,14,25.06045,121.54077
2026-09-25 17:58:52,09/25 17:58,500107026,YouBike2.0_建國長春路口,中山區,1,16,8,8,25.05469,121.53686
2026-09-25 17:58:52,09/25 17:58,500107027,YouBike2.0_南京建國路口,中山區,1,57,15,42,25.05214,121.5368
2026-09-25 17:58:52,09/25 17:58,500107028,YouBike2.0_捷運松江南京站(7號出口),中山區,1,75,22,53,25.05246,121.5332
2026-09-25 17:58:52,09/25 17:58,500107029,YouBike2.0_朱崙商場,中山區,1,37,12,21,25.04762,121.54043
2026-09-25 17:58:52,09/25 17:58,500107030,YouBike2.0_中吉公園,中山區,1,30,6,24,25.05604,121.53166
2026-09-25 17:58:52,09/25 17:58,500107031,YouBike2.0_華山公園,中山區,1,22,5,16,25.0471,121.5277
2026-09-25 17:58:52,09/25 17:58,500107032,YouBike2.0_建國北路一段17巷,中山區,1,45,5,40,25.04699,121.53735
2026-09-25 17:58:52,09/25 17:58,500107033,YouBike2.0_江寧公園,中山區,1,16,7,9,25.0617,121.53925
2026-09-25 17:58:52,09/25 17:58,500107034,YouBike2.0_民權龍江路口,中山區,1,32,1,30,25.06225,121.54107
2026-09-25 17:58:52,09/25 17:58,500107035,YouBike2.0_捷運中山國小站(2號出口),中山區,1,79,0,78,25.06246,121.52705
2026-09-25 17:58:52,09/25 17:58,500107036,YouBike2.0_捷運行天宮站(3號出口),中山區,1,48,3,43,25.05992,121.5333
2026-09-25 17:58:52,09/25 17:58,500107037,YouBike2.0_林森農安街口,中山區,1,23,0,23,25.06531,121.52565
2026-09-25 17:58:52,09/25 17:58,500107038,YouBike2.0_捷運中山國小站(4號出口),中山區,1,20,4,16,25.06283,121.52697
2026-09-25 17:58:52,09/25 17:58,500107039,YouBike2.0_農安雙城街口,中山區,0,15,0,15,25.06491,121.52449
2026-09-25 17:58:52,09/25 17:58,500107040,YouBike2.0_新生德惠街口,中山區,1,35,1,34,25.06652,121.52762
2026-09-25 17:58:52,09/25 17:58,500107041,YouBike2.0_民族林森路口,中山區,1,58,11,46,25.06847,121.52559
2026-09-25 17:58:52,09/25 17:58,500107042,YouBike2.0_臺北市立美術館,中山區,1,24,2,22,25.06987,121.52291
2026-09-25 17:58:52,09/25 17:58,500107043,YouBike2.0_中山民族路口,中山區,1,16,11,5,25.06816,121.52265
2026-09-25 17:58:52,09/25 17:58,500107044,YouBike2.0_新生高架停車場(林森北路107巷口),中山區,1,14,6,8,25.04983,121.52853
2026-09-25 17:58:52,09/25 17:58,500107045,YouBike2.0_南京林森路口,中山區,1,22,16,6,25.05201,121.52556
2026-09-25 17:58:52,09/25 17:58,500107046,YouBike2.0_仁德公園,中山區,1,18,8,9,25.05337,121.5289
2026-09-25 17:58:52,09/25 17:58,500107047,YouBike2.0_中原公園,中山區,1,15,3,12,25.05583,121.52821
2026-09-25 17:58:52,09/25 17:58,500107048,YouBike2.0_下埤公園,中山區,1,33,10,21,25.06682,121.54213
2026-09-25 17:58:52,09/25 17:58,500107049,YouBike2.0_五常國中,中山區,1,42,2,40,25.06505,121.54366
2026-09-25 17:58:52,09/25 17:58,500107050,YouBike2.0_榮星花園,中山區,0,46,0,0,25.06424,121.54037
2026-09-25 17:58:52,09/25 17:58,500107051,YouBike2.0_民權建國路口,中山區,1,50,11,36,25.06251,121.53765
2026-09-25 17:58:52,09/25 17:58,500107052,YouBike2.0_松江路431巷口,中山區,1,20,1,19,25.06585,121.53338
2026-09-25 17:58:52,09/25 17:58,500107053,YouBike2.0_新喜公園,中山區,1,13,4,6,25.06533,121.53177
2026-09-25 17:58:52,09/25 17:58,500107054,YouBike2.0_吉林路407巷口,中山區,1,15,14,0,25.06595,121.53041
2026-09-25 17:58:52,09/25 17:58,500107055,YouBike2.0_民族松江路口,中山區,1,17,6,11,25.06833,121.5328
2026-09-25 17:58:52,09/25 17:58,500107056,YouBike2.0_林安泰古厝,中山區,0,36,0,0,25.07154,121.53058
2026-09-25 17:58:52,09/25 17:58,500107058,YouBike2.0_渭水八德路口,中山區,1,23,10,12,25.04573,121.53508
2026-09-25 17:58:52,09/25 17:58,500107059,YouBike2.0_捷運中山站(2號出口),中山區,1,33,25,6,25.05228,121.52176
2026-09-25 17:58:52,09/25 17:58,500107060,YouBike2.0_撫順公園,中山區,1,30,1,29,25.06416,121.52203
2026-09-25 17:58:52,09/25 17:58,500107061,YouBike2.0_新生公園,中山區,1,29,22,5,25.06839,121.53032
2026-09-25 17:58:52,09/25 17:58,500107062,YouBike2.0_捷運行天宮站(1號出口),中山區,1,49,23,25,25.05867,121.53305
2026-09-25 17:58:52,09/25 17:58,500107063,YouBike2.0_林森長春路口,中山區,1,28,19,9,25.05497,121.52536
2026-09-25 17:58:52,09/25 17:58,500107064,YouBike2.0_建國農安街口,中山區,1,80,32,48,25.06503,121.53678
2026-09-25 17:58:52,09/25 17:58,500107065,YouBike2.0_松江路77巷口,中山區,1,10,5,5,25.04985,121.53312
2026-09-25 17:58:52,09/25 17:58,500107066,YouBike2.0_建國長安路口,中山區,1,20,9,11,25.04836,121.53669
2026-09-25 17:58:52,09/25 17:58,500107067,YouBike2.0_市民新生路口,中山區,1,15,13,2,25.04611,121.53193
2026-09-25 17:58:52,09/25 17:58,500107068,YouBike2.0_民權吉林路口,中山區,1,27,5,22,25.06269,121.53061
2026-09-25 17:58:52,09/25 17:58,500107069,YouBike2.0_中山農安街口,中山區,1,35,2,32,25.0651,121.5224
2026-09-25 17:58:52,09/25 17:58,500107070,YouBike2.0_捷運行政大樓,中山區,1,14,4,10,25.05575,121.52168
2026-09-25 17:58:52,09/25 17:58,500107071,YouBike2.0_中吉公園(松江路188巷),中山區,1,22,0,22,25.0568,121.53191
2026-09-25 17:58:52,09/25 17:58,500107072,YouBike2.0_吉林路123巷口,中山區,1,22,15,6,25.05731,121.53021
2026-09-25 17:58:52,09/25 17:58,500107075,YouBike2.0_國立臺北大學(臺北校區),中山區,1,38,3,35,25.05806,121.54304
2026-09-25 17:58:52,09/25 17:58,500107076,YouBike2.0_錦州吉林路口,中山區,1,30,11,19,25.06028,121.52991
2026-09-25 17:58:52,09/25 17:58,500107077,YouBike2.0_中山北路二段59巷口,中山區,0,12,0,0,25.05606,121.5229
2026-09-25 17:58:52,09/25 17:58,500107078,YouBike2.0_永盛公園(民生東路一段23巷),中山區,1,24,11,13,25.05873,121.52488
2026-09-25 17:58:52,09/25 17:58,500107079,YouBike2.0_新生錦州街口,中山區,1,20,7,12,25.05955,121.52744
2026-09-25 17:58:52,09/25 17:58,500107080,YouBike2.0_濱江街199巷口,中山區,1,21,19,2,25.0734,121.53985
2026-09-25 17:58:52,09/25 17:58,500107081,YouBike2.0_大佳社區公園,中山區,1,20,14,5,25.07275,121.5373
2026-09-25 17:58:52,09/25 17:58,500107082,YouBike2.0_濱江果菜市場,中山區,1,22,12,10,25.06807,121.53673
2026-09-25 17:58:52,09/25 17:58,500107083,YouBike2.0_興安合江路口,中山區,1,29,11,18,25.05619,121.53949
2026-09-25 17:58:52,09/25 17:58,500107084,YouBike2.0_復興北路514巷口東側,中山區,1,12,10,2,25.06597,121.54117
2026-09-25 17:58:52,09/25 17:58,500107085,YouBike2.0_台泥大樓,中山區,1,28,0,28,25.06142,121.52305
2026-09-25 17:58:52,09/25 17:58,500107086,YouBike2.0_植福樂群路口,中山區,1,10,7,3,25.08303,121.5604
2026-09-25 17:58:52,09/25 17:58,500107087,YouBike2.0_新興公園,中山區,1,26,3,23,25.06157,121.52439
2026-09-25 17:58:52,09/25 17:58,500107088,YouBike2.0_南京伊通街口,中山區,1,11,11,0,25.05189,121.53517
2026-09-25 17:58:52,09/25 17:58,500107089,YouBike2.0_南京龍江路口,中山區,1,24,7,17,25.05205,121.54012
2026-09-25 17:58:52,09/25 17:58,500107090,YouBike2.0_撫順街41巷(崇德宮前),中山區,1,19,3,16,25.06389,121.51916
2026-09-25 17:58:52,09/25 17:58,500107091,YouBike2.0_臺北市立圖書館大直分館,中山區,1,20,7,13,25.08152,121.54646
2026-09-25 17:58:52,09/25 17:58,500107092,YouBike2.0_捷運大直站(1號出口),中山區,1,27,6,20,25.0801,121.54708
2026-09-25 17:58:52,09/25 17:58,500107093,YouBike2.0_捷運松江南京站(4號出口),中山區,1,32,10,22,25.0512,121.53312
2026-09-25 17:58:52,09/25 17:58,500107095,YouBike2.0_中429公園,中山區,1,21,2,19,25.07864,121.55557
2026-09-25 17:58:52,09/25 17:58,500107096,YouBike2.0_長春路137巷口,中山區,1,23,15,8,25.05791,121.53114
2026-09-25 17:58:52,09/25 17:58,500107097,YouBike2.0_松江民生路口,中山區,1,21,14,6,25.05765,121.53299
2026-09-25 17:58:52,09/25 17:58,500107098,YouBike2.0_松江路132巷口,中山區,1,14,4,10,25.05277,121.53013
2026-09-25 17:58:52,09/25 17:58,500107099,YouBike2.0_長春吉林路口,中山區,1,10,3,6,25.05481,121.53032
2026-09-25 17:58:52,09/25 17:58,500107100,YouBike2.0_長春一江街口,中山區,1,11,1,9,25.05488,121.53142
2026-09-25 17:58:52,09/25 17:58,500107101,YouBike2.0_捷運松江南京站(8號出口),中山區,1,29,14,14,25.05215,121.53276
2026-09-25 17:58:52,09/25 17:58,500107102,YouBike2.0_南京一江街口,中山區,0,20,0,20,25.05215,121.53171
2026-09-25 17:58:52,09/25 17:58,500107103,YouBike2.0_松江長春路口,中山區,1,16,0,15,25.05499,121.53295
2026-09-25 17:58:52,09/25 17:58,500107104,YouBike2.0_經國七海文化園區,中山區,1,15,0,15,25.07802,121.53511
2026-09-25 17:58:52,09/25 17:58,500107105,YouBike2.0_民族玉門街口,中山區,1,20,18,2,25.06873,121.52003
2026-09-25 17:58:52,09/25 17:58,500107106,YouBike2.0_新生農安街口,中山區,1,15,0,15,25.06493,121.52778
2026-09-25 17:58:52,09/25 17:58,500107107,YouBike2.0_稻江高級護理家事職業學校,中山區,1,14,6,7,25.06532,121.52848
2026-09-25 17:58:52,09/25 17:58,500107108,YouBike2.0_捷運大直站(3號出口)_1,中山區,1,18,5,13,25.07934,121.54671
2026-09-25 17:58:52,09/25 17:58,500107109,YouBike2.0_樂群二明水路口_1,中山區,1,34,0,34,25.07983,121.55236
2026-09-25 17:58:52,09/25 17:58,500107110,YouBike2.0_民權吉林路口(南側),中山區,1,32,13,19,25.06245,121.53043
2026-09-25 17:58:52,09/25 17:58,500107111,YouBike2.0_長春龍江路口,中山區,1,45,7,38,25.05473,121.54026
2026-09-25 17:58:52,09/25 17:58,500107112,YouBike2.0_民權新生路口,中山區,1,26,2,24,25.06305,121.52776
2026-09-25 17:58:52,09/25 17:58,500107113,YouBike2.0_建國長春路口(北側),中山區,1,30,8,22,25.05476,121.53693
2026-09-25 17:58:52,09/25 17:58,500107114,YouBike2.0_中山行政中心,中山區,1,30,13,16,25.06432,121.53349
2026-09-25 17:58:52,09/25 17:58,500107115,YouBike2.0_臺北市立美術館_1,中山區,1,40,15,25,25.07063,121.52327
2026-09-25 17:58:52,09/25 17:58,500107116,YouBike2.0_劍潭社區_1,中山區,1,42,4,37,25.08476,121.53789
2026-09-25 17:58:52,09/25 17:58,500107117,YouBike2.0_濱江國小游泳池,中山區,1,16,1,15,25.07818,121.56175
2026-09-25 17:58:52,09/25 17:58,500107118,YouBike2.0_林森公園,中山區,1,49,10,37,25.05223,121.52581
2026-09-25 17:58:52,09/25 17:58,500107119,YouBike2.0_中428公園,中山區,1,24,3,20,25.07825,121.55337
2026-09-25 17:58:52,09/25 17:58,500107120,YouBike2.0_復華公園,中山區,1,20,8,11,25.05339,121.5401
2026-09-25 17:58:52,09/25 17:58,500107121,YouBike2.0_新生民族路口(西南側),中山區,1,35,1,34,25.06819,121.52767
2026-09-25 17:58:52,09/25 17:58,500107122,YouBike2.0_捷運南京復興站(1號出口),中山區,1,21,16,5,25.05253,121.54256
2026-09-25 17:58:52,09/25 17:58,500107123,YouBike2.0_八德市場(北側),中山區,1,29,1,28,25.04478,121.53661
2026-09-25 17:58:52,09/25 17:58,500107124,YouBike2.0_龍江朱崙街口,中山區,1,14,11,3,25.05004,121.54043
2026-09-25 17:58:52,09/25 17:58,500107125,YouBike2.0_大直街94巷,中山區,1,13,7,6,25.08431,121.54755
2026-09-25 17:58:52,09/25 17:58,500107126,YouBike2.0_捷運南京復興站(8號出口),中山區,1,25,13,11,25.05196,121.5433
2026-09-25 17:58:52,09/25 17:58,500107127,YouBike2.0_民權建國路口(南側),中山區,1,22,8,14,25.06228,121.53702
2026-09-25 17:58:52,09/25 17:58,500107128,YouBike2.0_林森德惠街口,中山區,1,16,1,13,25.06688,121.5257
2026-09-25 17:58:52,09/25 17:58,500107129,YouBike2.0_新生濱江街口(東南側),中山區,1,21,16,5,25.07059,121.52812
2026-09-25 17:58:52,09/25 17:58,500107130,YouBike2.0_新生北路一段62巷口,中山區,1,30,8,22,25.04699,121.53075
2026-09-25 17:58:52,09/25 17:58,500107131,YouBike2.0_新生長春路口(東北側),中山區,1,19,14,5,25.05532,121.52769
2026-09-25 17:58:52,09/25 17:58,500107132,YouBike2.0_捷運劍南路站(1號出口),中山區,1,25,24,0,25.08519,121.55498
2026-09-25 17:58:52,09/25 17:58,500107133,YouBike2.0_樂群三路123號,中山區,1,34,15,19,25.08271,121.55514
2026-09-25 17:58:52,09/25 17:58,500107134,YouBike2.0_長春路258巷2弄口,中山區,1,16,3,13,25.05427,121.53896
2026-09-25 17:58:52,09/25 17:58,500107135,YouBike2.0_長寧大廈社區(南側),中山區,1,32,13,19,25.05418,121.54332
2026-09-25 17:58:52,09/25 17:58,500107136,YouBike2.0_建國五常街口,中山區,1,20,4,16,25.06419,121.53732
2026-09-25 17:58:52,09/25 17:58,500107137,YouBike2.0_中山北路二段62巷口,中山區,1,12,2,9,25.05676,121.52268
2026-09-25 17:58:52,09/25 17:58,500107138,YouBike2.0_市民安東街口,中山區,1,36,5,30,25.0448,121.54213
2026-09-25 17:58:52,09/25 17:58,500107139,YouBike2.0_市民大道二段5巷口,中山區,1,58,57,0,25.04812,121.52166
2026-09-25 17:58:52,09/25 17:58,500107140,YouBike2.0_捷運中山站(3號出口),中山區,1,21,19,2,25.05236,121.52212
2026-09-25 17:58:52,09/25 17:58,500107141,YouBike2.0_建國北路高架橋下停車場G區,中山區,1,18,1,17,25.05959,121.53682
2026-09-25 17:58:52,09/25 17:58,500107142,YouBike2.0_朱崙公園,中山區,1,20,3,17,25.04919,121.54198
2026-09-25 17:58:52,09/25 17:58,500107143,YouBike2.0_朱崙復興北路口,中山區,1,18,9,9,25.04992,121.54379
2026-09-25 17:58:52,09/25 17:58,500107144,YouBike2.0_捷運行天宮站(4號出口),中山區,1,36,4,30,25.06037,121.53283
2026-09-25 17:58:52,09/25 17:58,500107145,YouBike2.0_建國北路三段86巷口,中山區,1,26,7,18,25.06617,121.53526
2026-09-25 17:58:52,09/25 17:58,500107146,YouBike2.0_正守公園,中山區,1,23,9,13,25.04808,121.52898
2026-09-25 17:58:52,09/25 17:58,500107147,YouBike2.0_四平松江路口,中山區,1,18,7,11,25.05366,121.53282
2026-09-25 17:58:52,09/25 17:58,500107149,YouBike2.0_北安通北街口,中山區,1,36,1,34,25.07965,121.54148
2026-09-25 17:58:52,09/25 17:58,500107150,YouBike2.0_民權東復興北路口(西北側),中山區,1,20,10,10,25.06246,121.54323
2026-09-25 17:58:52,09/25 17:58,500107151,YouBike2.0_臺北市立大同高中,中山區,1,48,18,30,25.05484,121.53521
2026-09-25 17:58:52,09/25 17:58,500107152,YouBike2.0_中崙加油站,中山區,1,27,9,16,25.04634,121.53979
2026-09-25 17:58:52,09/25 17:58,500107153,YouBike2.0_北安明水路口(自強隧道),中山區,1,12,4,8,25.08578,121.55225
2026-09-25 17:58:52,09/25 17:58,500107154,YouBike2.0_中正國小(南京東路三段48巷),中山區,1,15,9,6,25.05126,121.53845
2026-09-25 17:58:52,09/25 17:58,500107155,YouBike2.0_臺北時代廣場,中山區,1,35,11,24,25.08044,121.56152
2026-09-25 17:58:52,09/25 17:58,500107156,YouBike2.0_吉林農安街口(西北側),中山區,1,15,5,10,25.06493,121.53034
2026-09-25 17:58:52,09/25 17:58,500107157,YouBike2.0_濱江國中,中山區,1,31,1,29,25.0793,121.56178
2026-09-25 17:58:52,09/25 17:58,500107158,YouBike2.0_環山抽水站,中山區,1,34,1,33,25.07734,121.5631
2026-09-25 17:58:52,09/25 17:58,500107159,YouBike2.0_民權中山路口(東北側),中山區,1,25,3,22,25.06292,121.52299
2026-09-25 17:58:52,09/25 17:58,500107160,YouBike2.0_復興五常街口(西南側),中山區,1,26,3,22,25.06409,121.54415
2026-09-25 17:58:52,09/25 17:58,500107161,YouBike2.0_松江長安路口,中山區,1,21,4,17,25.04819,121.53282
2026-09-25 17:58:52,09/25 17:58,500107162,YouBike2.0_長安國小,中山區,1,26,10,16,25.05018,121.53008
2026-09-25 17:58:52,09/25 17:58,500107163,YouBike2.0_中山市場,中山區,1,16,14,2,25.05007,121.52107
2026-09-25 17:58:52,09/25 17:58,500107164,YouBike2.0_捷運雙連站(1號出口),中山區,1,17,5,12,25.05767,121.52097
2026-09-25 17:58:52,09/25 17:58,500107165,YouBike2.0_吉林南京路口(西北側),中山區,1,22,1,19,25.05234,121.53003
2026-09-25 17:58:52,09/25 17:58,500107166,YouBike2.0_龍江路345巷,中山區,1,23,3,19,25.06339,121.54116
2026-09-25 17:58:52,09/25 17:58,500107167,YouBike2.0_捷運劍南路站(3號出口),中山區,1,46,6,40,25.08444,121.55657
2026-09-25 17:58:52,09/25 17:58,500107168,YouBike2.0_一江南京東路口(西南側),中山區,1,22,8,14,25.05181,121.53146
2026-09-25 17:58:52,09/25 17:58,500107169,YouBike2.0_大直抽水站公車站,中山區,1,27,8,19,25.07756,121.54556
2026-09-25 17:58:52,09/25 17:58,500107170,YouBike2.0_民權東路三段39巷口,中山區,1,25,6,19,25.06596,121.54259
2026-09-25 17:58:52,09/25 17:58,500107171,YouBike2.0_臺北市立中山女高,中山區,1,33,4,29,25.04841,121.53889
2026-09-25 17:58:52,09/25 17:58,500107172,YouBike2.0_朱昌公園,中山區,1,25,8,16,25.0554,121.53908
2026-09-25 17:58:52,09/25 17:58,500107173,YouBike2.0_林森公園東北側,中山區,1,18,5,12,25.05381,121.52674
2026-09-25 17:58:52,09/25 17:58,500107174,YouBike2.0_康樂公園西北側,中山區,1,18,11,7,25.05377,121.52456
2026-09-25 17:58:52,09/25 17:58,500107175,YouBike2.0_中山北德惠街口,中山區,1,20,3,16,25.06671,121.52257
2026-09-25 17:58:52,09/25 17:58,500107176,YouBike2.0_晴光公園,中山區,1,20,8,12,25.06411,121.52446
2026-09-25 17:58:52,09/25 17:58,500107177,YouBike2.0_松江路25巷口,中山區,1,42,1,41,25.04628,121.53304
2026-09-25 17:58:52,09/25 17:58,500107178,YouBike2.0_民生東合江街口,中山區,1,20,2,18,25.05777,121.53951
2026-09-25 17:58:52,09/25 17:58,500107179,YouBike2.0_飛航服務總臺,中山區,1,23,11,12,25.07241,121.55117
2026-09-25 17:58:52,09/25 17:58,500107180,YouBike2.0_內湖堤頂大道(西南側),中山區,1,24,5,19,25.08462,121.56016
2026-09-25 17:58:52,09/25 17:58,500107181,YouBike2.0_大直派出所,中山區,1,30,2,27,25.07913,121.54422
2026-09-25 17:58:52,09/25 17:58,500107182,YouBike2.0_遼寧民生路口,中山區,1,17,4,13,25.057666880504,121.541996809041
2026-09-25 17:58:52,09/25 17:58,500107183,YouBike2.0_松江路184巷口,中山區,1,21,4,17,25.05623,121.53296
2026-09-25 17:58:52,09/25 17:58,500107184,YouBike2.0_民權東路三段60巷,中山區,1,18,9,9,25.06058,121.54236
2026-09-25 17:58:52,09/25 17:58,500107185,YouBike2.0_長春路258巷2弄(北側),中山區,1,19,3,16,25.05474,121.5383
2026-09-25 17:58:52,09/25 17:58,500107186,YouBike2.0_中山北路二段96巷口,中山區,1,18,5,13,25.0598,121.52253
2026-09-25 17:58:52,09/25 17:58,500107187,YouBike2.0_吉林路236巷口,中山區,1,21,7,10,25.05931,121.53025
2026-09-25 17:58:52,09/25 17:58,500107188,YouBike2.0_上塔悠公園(明水路),中山區,1,30,11,18,25.07767,121.55205
2026-09-25 17:58:52,09/25 17:58,500107189,YouBike2.0_中山民生東路口(東南側),中山區,1,21,4,17,25.05778,121.52299
2026-09-25 17:58:52,09/25 17:58,500107190,YouBike2.0_中山北路二段26巷,中山區,1,51,32,18,25.05392,121.52066
2026-09-25 17:58:52,09/25 17:58,500107191,YouBike2.0_八德路二段210巷口,中山區,1,21,7,14,25.04478,121.53958
2026-09-25 17:58:52,09/25 17:58,500107192,YouBike2.0_長安林森路口公車站,中山區,1,20,0,19,25.04882,121.52589
2026-09-25 17:58:52,09/25 17:58,500107193,YouBike2.0_市民大道二段67巷口,中山區,1,30,26,4,25.04652,121.5296
2026-09-25 17:58:52,09/25 17:58,500107194,YouBike2.0_德惠雙城街口(西側),中山區,1,18,1,17,25.0667,121.5242
2026-09-25 17:58:52,09/25 17:58,500107195,YouBike2.0_北安路608巷明水路口,中山區,1,18,3,15,25.08194,121.55124
2026-09-25 17:58:52,09/25 17:58,500107196,YouBike2.0_新生林森北路485巷口,中山區,1,35,0,35,25.06114,121.52745
2026-09-25 17:58:52,09/25 17:58,500107197,YouBike2.0_新壽公園,中山區,1,16,2,13,25.06313,121.53015
2026-09-25 17:58:52,09/25 17:58,500107198,YouBike2.0_復興北路430巷,中山區,1,37,16,17,25.06341,121.54353
2026-09-25 17:58:52,09/25 17:58,500107199,YouBike2.0_林森錦州街口,中山區,1,21,9,12,25.06051,121.52566
2026-09-25 17:58:52,09/25 17:58,500107200,YouBike2.0_臺北市立美術館(中山北路三段),中山區,1,20,13,7,25.07177,121.52395
2026-09-25 17:58:52,09/25 17:58,500107201,YouBike2.0_臺北市立美術館(新生北路三段),中山區,1,24,20,3,25.07255,121.52529
2026-09-25 17:58:52,09/25 17:58,500107202,YouBike2.0_南京新生路口(北側),中山區,0,24,0,0,25.0522,121.52768
2026-09-25 17:58:52,09/25 17:58,500107203,YouBike2.0_永安國小(北安路554巷),中山區,1,17,4,13,25.08002,121.54983
2026-09-25 17:58:52,09/25 17:58,500107204,YouBike2.0_敬業一路36巷口,中山區,1,27,10,16,25.08131,121.55443
2026-09-25 17:58:52,09/25 17:58,500107205,YouBike2.0_經濟部能源署,中山區,1,18,12,6,25.04792,121.54379
2026-09-25 17:58:52,09/25 17:58,500107206,YouBike2.0_松江路372巷口,中山區,1,15,4,11,25.06304,121.53289
2026-09-25 17:58:52,09/25 17:58,500107207,YouBike2.0_龍江平面停車場,中山區,1,17,8,9,25.05409,121.54205
2026-09-25 17:58:52,09/25 17:58,500107208,YouBike2.0_松江民族路口(西南側),中山區,1,16,0,15,25.06743,121.53309
2026-09-25 17:58:52,09/25 17:58,500107209,YouBike2.0_忠烈祠,中山區,1,30,4,25,25.0782,121.53237
2026-09-25 17:58:52,09/25 17:58,500107210,YouBike2.0_圓山派出所,中山區,1,30,10,20,25.0731,121.52391
2026-09-25 17:58:52,09/25 17:58,500108001,YouBike2.0_文湖街21巷118弄口,內湖區,1,28,3,25,25.09122,121.55961
2026-09-25 17:58:52,09/25 17:58,500108002,YouBike2.0_北勢湖環保公園,內湖區,1,27,3,24,25.08378,121.56208
2026-09-25 17:58:52,09/25 17:58,500108003,YouBike2.0_洲子一號公園,內湖區,1,43,2,40,25.07977,121.56454
2026-09-25 17:58:52,09/25 17:58,500108004,YouBike2.0_西康公園,內湖區,1,21,3,17,25.08284,121.56449
2026-09-25 17:58:52,09/25 17:58,500108005,YouBike2.0_文湖國小,內湖區,1,43,13,29,25.08637,121.56088
2026-09-25 17:58:52,09/25 17:58,500108006,YouBike2.0_文湖街81巷10號西側,內湖區,1,23,2,21,25.08697,121.5641
2026-09-25 17:58:52,09/25 17:58,500108007,YouBike2.0_德明財經科技大學,內湖區,1,36,2,33,25.08637,121.56574
2026-09-25 17:58:52,09/25 17:58,500108008,YouBike2.0_麗山國小,內湖區,1,76,9,66,25.0826,121.57158
2026-09-25 17:58:52,09/25 17:58,500108009,YouBike2.0_麗山高中,內湖區,1,57,2,54,25.08398,121.57725
2026-09-25 17:58:52,09/25 17:58,500108010,YouBike2.0_港華五號公園,內湖區,1,16,1,15,25.08522,121.57462
2026-09-25 17:58:52,09/25 17:58,500108011,YouBike2.0_大湖國小,內湖區,1,29,1,27,25.08803,121.59958
2026-09-25 17:58:52,09/25 17:58,500108012,YouBike2.0_安湖三號公園,內湖區,1,16,5,11,25.07021,121.61593
2026-09-25 17:58:52,09/25 17:58,500108013,YouBike2.0_東湖路113巷95弄,內湖區,1,17,2,13,25.072153981463,121.615050088067
2026-09-25 17:58:52,09/25 17:58,500108014,YouBike2.0_瑞光計程車服務站,內湖區,1,20,12,8,25.0745,121.57389
2026-09-25 17:58:52,09/25 17:58,500108015,YouBike2.0_文德三號公園(江南街71巷16弄),內湖區,1,15,2,13,25.07524,121.5772
2026-09-25 17:58:52,09/25 17:58,500108016,YouBike2.0_捷運大湖公園站(2號出口),內湖區,1,46,14,31,25.08395,121.60185
2026-09-25 17:58:52,09/25 17:58,500108018,YouBike2.0_康寧星雲街口,內湖區,1,19,2,17,25.07958,121.59336
2026-09-25 17:58:52,09/25 17:58,500108019,YouBike2.0_星雲街47號,內湖區,1,22,7,14,25.07864,121.59177
2026-09-25 17:58:52,09/25 17:58,500108020,YouBike2.0_捷運西湖站(1號出口),內湖區,1,25,17,8,25.08301,121.56638
2026-09-25 17:58:52,09/25 17:58,500108021,YouBike2.0_捷運西湖站(2號出口),內湖區,1,24,9,13,25.08205,121.56716
2026-09-25 17:58:52,09/25 17:58,500108022,YouBike2.0_瑞光路583巷口,內湖區,1,20,13,7,25.07999,121.56779
2026-09-25 17:58:52,09/25 17:58,500108023,YouBike2.0_港都公園,內湖區,1,15,1,10,25.08296,121.5752
2026-09-25 17:58:52,09/25 17:58,500108024,YouBike2.0_環山路二段26巷口,內湖區,1,22,10,11,25.08598,121.572
2026-09-25 17:58:52,09/25 17:58,500108025,YouBike2.0_成功金龍路口,內湖區,1,36,10,25,25.08436,121.59478
2026-09-25 17:58:52,09/25 17:58,500108026,YouBike2.0_碧山公園,內湖區,1,31,0,31,25.0878,121.59227
2026-09-25 17:58:52,09/25 17:58,500108027,YouBike2.0_金瑞公園,內湖區,1,45,26,18,25.08785,121.5879
2026-09-25 17:58:52,09/25 17:58,500108028,YouBike2.0_捷運文德站(2號出口),內湖區,1,49,12,37,25.07842,121.58464
2026-09-25 17:58:52,09/25 17:58,500108029,YouBike2.0_陽光公園,內湖區,1,21,2,19,25.07695,121.58764
2026-09-25 17:58:52,09/25 17:58,500108030,YouBike2.0_文德二號公園(南側),內湖區,1,13,1,12,25.07504,121.58375
2026-09-25 17:58:52,09/25 17:58,500108031,YouBike2.0_文德二號公園(北側),內湖區,1,15,3,12,25.07758,121.58381
2026-09-25 17:58:52,09/25 17:58,500108032,YouBike2.0_瑞陽公園,內湖區,1,12,3,8,25.07777,121.57961
2026-09-25 17:58:52,09/25 17:58,500108033,YouBike2.0_湖光國宅,內湖區,1,45,2,43,25.07538,121.58079
2026-09-25 17:58:52,09/25 17:58,500108034,YouBike2.0_潭美街213號,內湖區,0,12,0,0,25.05575,121.58486
2026-09-25 17:58:52,09/25 17:58,500108035,YouBike2.0_南京東路六段180號,內湖區,1,19,7,12,25.0559,121.57991
2026-09-25 17:58:52,09/25 17:58,500108036,YouBike2.0_潭美國小(南京舊宗路口),內湖區,1,29,8,20,25.05768,121.58159
2026-09-25 17:58:52,09/25 17:58,500108037,YouBike2.0_新明路343號,內湖區,1,10,4,6,25.05653,121.58345
2026-09-25 17:58:52,09/25 17:58,500108038,YouBike2.0_成美長壽橋(潭美街),內湖區,1,22,2,18,25.0539,121.58084
2026-09-25 17:58:52,09/25 17:58,500108039,YouBike2.0_內湖行政中心,內湖區,1,25,2,23,25.06915,121.58898
2026-09-25 17:58:52,09/25 17:58,500108040,YouBike2.0_樂康公園,內湖區,1,20,6,13,25.07007,121.62055
2026-09-25 17:58:52,09/25 17:58,500108041,YouBike2.0_安康路32巷24弄,內湖區,1,21,6,15,25.06181,121.59447
2026-09-25 17:58:52,09/25 17:58,500108043,YouBike2.0_明美公園,內湖區,1,47,1,46,25.06256,121.58607
2026-09-25 17:58:52,09/25 17:58,500108044,YouBike2.0_南京東路六段368巷,內湖區,1,73,3,70,25.05827,121.58707
2026-09-25 17:58:52,09/25 17:58,500108045,YouBike2.0_新明成功路口,內湖區,1,38,10,26,25.06058,121.5911
2026-09-25 17:58:52,09/25 17:58,500108046,YouBike2.0_民權瑞光路口,內湖區,1,57,44,6,25.06835,121.58323
2026-09-25 17:58:52,09/25 17:58,500108047,YouBike2.0_瑞光公共住宅(瑞光路),內湖區,1,16,2,14,25.07335,121.57951
2026-09-25 17:58:52,09/25 17:58,500108048,YouBike2.0_民權東路六段15巷,內湖區,1,42,11,30,25.06853,121.57813
2026-09-25 17:58:52,09/25 17:58,500108049,YouBike2.0_扶輪親恩公園,內湖區,1,57,19,38,25.06709,121.58002
2026-09-25 17:58:52,09/25 17:58,500108050,YouBike2.0_新湖三民善街口,內湖區,1,15,13,2,25.06286,121.57497
2026-09-25 17:58:52,09/25 17:58,500108051,YouBike2.0_內湖119號綠地,內湖區,1,41,3,38,25.05594,121.57865
2026-09-25 17:58:52,09/25 17:58,500108052,YouBike2.0_行善公園,內湖區,1,25,12,12,25.05301,121.57592
2026-09-25 17:58:52,09/25 17:58,500108054,YouBike2.0_三軍總醫院,內湖區,1,50,1,48,25.07151,121.58991
2026-09-25 17:58:52,09/25 17:58,500108055,YouBike2.0_福華商場,內湖區,1,40,2,38,25.06877,121.59265
2026-09-25 17:58:52,09/25 17:58,500108056,YouBike2.0_臺北市網球中心,內湖區,1,34,20,14,25.0674,121.59749
2026-09-25 17:58:52,09/25 17:58,500108057,YouBike2.0_捷運葫洲站(1號出口),內湖區,1,37,21,16,25.07249,121.60796
2026-09-25 17:58:52,09/25 17:58,500108058,YouBike2.0_麗湖國小,內湖區,1,27,14,12,25.07332,121.60223
2026-09-25 17:58:52,09/25 17:58,500108059,YouBike2.0_金湖路347巷125弄口,內湖區,1,25,7,17,25.0733,121.59834
2026-09-25 17:58:52,09/25 17:58,500108060,YouBike2.0_碧湖公園,內湖區,1,25,10,15,25.07988,121.58287
2026-09-25 17:58:52,09/25 17:58,500108061,YouBike2.0_碧湖公園(內湖路二段103巷),內湖區,1,19,7,10,25.08317,121.58109
2026-09-25 17:58:52,09/25 17:58,500108062,YouBike2.0_貿七社區,內湖區,1,17,1,16,25.08357,121.58534
2026-09-25 17:58:52,09/25 17:58,500108063,YouBike2.0_內湖區農會,內湖區,1,12,6,6,25.08165,121.58891
2026-09-25 17:58:52,09/25 17:58,500108064,YouBike2.0_捷運內湖站(2號出口),內湖區,1,10,3,7,25.0835,121.59454
2026-09-25 17:58:52,09/25 17:58,500108065,YouBike2.0_康寧金湖路口,內湖區,1,21,7,13,25.07896,121.59921
2026-09-25 17:58:52,09/25 17:58,500108066,YouBike2.0_康寧路一段156巷20弄口,內湖區,1,20,4,15,25.07792,121.59354
2026-09-25 17:58:52,09/25 17:58,500108067,YouBike2.0_安康公園,內湖區,1,25,2,23,25.06657,121.6136
2026-09-25 17:58:52,09/25 17:58,500108068,YouBike2.0_安泰街83巷,內湖區,1,34,3,28,25.07669,121.61709
2026-09-25 17:58:52,09/25 17:58,500108069,YouBike2.0_內溝溪生態展示館,內湖區,1,16,5,10,25.08722,121.62306
2026-09-25 17:58:52,09/25 17:58,500108070,YouBike2.0_捷運港墘站(2號出口),內湖區,1,47,25,21,25.07967,121.57584
2026-09-25 17:58:52,09/25 17:58,500108071,YouBike2.0_東湖國中,內湖區,1,42,3,39,25.07334,121.61962
2026-09-25 17:58:52,09/25 17:58,500108072,YouBike2.0_石潭公園(安康路),內湖區,1,41,10,31,25.06261,121.59334
2026-09-25 17:58:52,09/25 17:58,500108073,YouBike2.0_內湖垃圾焚化廠,內湖區,1,20,3,16,25.06209,121.60347
2026-09-25 17:58:52,09/25 17:58,500108074,YouBike2.0_康寧公園(北側),內湖區,0,22,2,19,25.06927,121.61019
2026-09-25 17:58:52,09/25 17:58,500108075,YouBike2.0_康寧路三段54巷口,內湖區,1,15,1,11,25.0716,121.60936
2026-09-25 17:58:52,09/25 17:58,500108076,YouBike2.0_行善路25巷口,內湖區,1,21,5,15,25.05707,121.57658
2026-09-25 17:58:52,09/25 17:58,500108077,YouBike2.0_新明路460巷口,內湖區,1,22,1,21,25.05503,121.57823
2026-09-25 17:58:52,09/25 17:58,500108078,YouBike2.0_下灣公園,內湖區,1,30,12,17,25.06516,121.59561
2026-09-25 17:58:52,09/25 17:58,500108079,YouBike2.0_民權東路六段245巷口,內湖區,1,17,8,9,25.06708,121.60059
2026-09-25 17:58:52,09/25 17:58,500108081,YouBike2.0_東湖國小,內湖區,1,31,6,24,25.06854,121.61532
2026-09-25 17:58:52,09/25 17:58,500108082,YouBike2.0_捷運內湖站(1號出口),內湖區,1,28,12,15,25.08373,121.59406
2026-09-25 17:58:52,09/25 17:58,500108083,YouBike2.0_瑞光港墘路口,內湖區,1,30,5,25,25.07611,121.57487
2026-09-25 17:58:52,09/25 17:58,500108084,YouBike2.0_瑞湖陽光街口,內湖區,1,34,16,17,25.07296,121.57603
2026-09-25 17:58:52,09/25 17:58,500108085,YouBike2.0_金龍公園,內湖區,1,15,3,12,25.08554,121.59076
2026-09-25 17:58:52,09/25 17:58,500108086,YouBike2.0_星雲街138巷1弄口,內湖區,1,21,12,9,25.07943,121.59544
2026-09-25 17:58:52,09/25 17:58,500108087,YouBike2.0_東湖一號公園,內湖區,1,18,3,14,25.07567,121.6118
2026-09-25 17:58:52,09/25 17:58,500108088,YouBike2.0_東湖二號公園,內湖區,1,25,6,19,25.07415,121.61075
2026-09-25 17:58:52,09/25 17:58,500108089,YouBike2.0_康湖二號公園(康寧醫院),內湖區,1,25,2,23,25.07514,121.60857
2026-09-25 17:58:52,09/25 17:58,500108090,YouBike2.0_堤頂大道新湖一路口,內湖區,1,20,13,7,25.05892,121.57354
2026-09-25 17:58:52,09/25 17:58,500108091,YouBike2.0_下灣公園(成功路),內湖區,1,16,10,6,25.06682,121.5907
2026-09-25 17:58:52,09/25 17:58,500108092,YouBike2.0_舊宗行善路口,內湖區,1,22,10,12,25.05876,121.58062
2026-09-25 17:58:52,09/25 17:58,500108093,YouBike2.0_新湖二路250巷口,內湖區,1,20,6,14,25.06455,121.58262
2026-09-25 17:58:52,09/25 17:58,500108094,YouBike2.0_成功路四段41巷口,內湖區,1,15,8,6,25.08105,121.59205
2026-09-25 17:58:52,09/25 17:58,500108095,YouBike2.0_金湖星雲街口,內湖區,1,30,15,14,25.08151,121.59764
2026-09-25 17:58:52,09/25 17:58,500108096,YouBike2.0_國防醫學院,內湖區,1,25,3,22,25.06851,121.59559
2026-09-25 17:58:52,09/25 17:58,500108097,YouBike2.0_民權東路六段190巷117弄口,內湖區,1,25,8,16,25.06434,121.59399
2026-09-25 17:58:52,09/25 17:58,500108098,YouBike2.0_內湖運動中心,內湖區,1,21,7,14,25.07848,121.57493
2026-09-25 17:58:52,09/25 17:58,500108099,YouBike2.0_九華公園,內湖區,1,25,3,21,25.08844,121.56122
2026-09-25 17:58:52,09/25 17:58,500108100,YouBike2.0_內湖路二段179巷口,內湖區,1,22,7,15,25.08454,121.584
2026-09-25 17:58:52,09/25 17:58,500108102,YouBike2.0_行善行愛路口,內湖區,1,12,4,6,25.0606,121.58286
2026-09-25 17:58:52,09/25 17:58,500108103,YouBike2.0_民善新湖二路口(家樂福內湖店),內湖區,1,23,21,2,25.06017,121.57552
2026-09-25 17:58:52,09/25 17:58,500108104,YouBike2.0_統振大樓,內湖區,1,25,0,25,25.06007,121.60138
2026-09-25 17:58:52,09/25 17:58,500108105,YouBike2.0_陽光街161巷口,內湖區,1,16,1,14,25.07433,121.58584
2026-09-25 17:58:52,09/25 17:58,500108106,YouBike2.0_潭美公園(南京東路六段368巷),內湖區,1,25,1,23,25.05928,121.58617
2026-09-25 17:58:52,09/25 17:58,500108107,YouBike2.0_西康二號公園,內湖區,1,21,8,12,25.08503,121.5637
2026-09-25 17:58:52,09/25 17:58,500108108,YouBike2.0_三民國中(民權東路六段47巷),內湖區,1,13,1,12,25.06935,121.58692
2026-09-25 17:58:52,09/25 17:58,500108109,YouBike2.0_瑞光路76巷口,內湖區,1,12,2,9,25.07168,121.58125
2026-09-25 17:58:52,09/25 17:58,500108110,YouBike2.0_捷運東湖站,內湖區,1,62,1,60,25.06664,121.61351
2026-09-25 17:58:52,09/25 17:58,500108111,YouBike2.0_新湖國小,內湖區,1,23,3,20,25.06874,121.58923
2026-09-25 17:58:52,09/25 17:58,500108112,YouBike2.0_碧山內湖路口,內湖區,1,16,0,16,25.08627,121.5914
2026-09-25 17:58:52,09/25 17:58,500108115,YouBike2.0_民權東路六段413巷,內湖區,1,25,16,9,25.07038,121.60352
2026-09-25 17:58:52,09/25 17:58,500108116,YouBike2.0_宏匯瑞光廣場(瑞光路),內湖區,1,16,10,6,25.07676,121.57433
2026-09-25 17:58:52,09/25 17:58,500108117,YouBike2.0_宏匯瑞光廣場(港墘路),內湖區,1,20,5,14,25.07777,121.57562
2026-09-25 17:58:52,09/25 17:58,500108118,YouBike2.0_康樂街151巷,內湖區,1,24,2,21,25.07192,121.61955
2026-09-25 17:58:52,09/25 17:58,500108119,YouBike2.0_內湖路一段360巷,內湖區,1,15,3,12,25.0812,121.57067
2026-09-25 17:58:52,09/25 17:58,500108120,YouBike2.0_成功路三段83號前,內湖區,1,17,9,7,25.07823,121.5898
2026-09-25 17:58:52,09/25 17:58,500108121,YouBike2.0_內湖路一段47巷,內湖區,1,22,10,12,25.08781,121.55872
2026-09-25 17:58:52,09/25 17:58,500108122,YouBike2.0_陽光舊宗路口,內湖區,1,20,9,11,25.07243,121.57416
2026-09-25 17:58:52,09/25 17:58,500108123,YouBike2.0_安湖公園,內湖區,1,15,3,12,25.07392,121.61545
2026-09-25 17:58:52,09/25 17:58,500108124,YouBike2.0_湖興公園,內湖區,1,16,2,14,25.06671,121.58913
2026-09-25 17:58:52,09/25 17:58,500108125,YouBike2.0_安泰公園,內湖區,1,15,4,10,25.07391,121.61869
2026-09-25 17:58:52,09/25 17:58,500108126,YouBike2.0_安泰街(康樂橋下),內湖區,1,21,8,13,25.07849,121.61666
2026-09-25 17:58:52,09/25 17:58,500108127,YouBike2.0_康樂綠地,內湖區,1,20,12,6,25.07539,121.6203
2026-09-25 17:58:52,09/25 17:58,500108128,YouBike2.0_捷運港墘站(1號出口),內湖區,1,23,22,1,25.08004,121.57568
2026-09-25 17:58:52,09/25 17:58,500108129,YouBike2.0_明美公園(行善路333巷),內湖區,1,30,4,25,25.06058,121.5866
2026-09-25 17:58:52,09/25 17:58,500108131,YouBike2.0_舊宗新湖三路口,內湖區,1,25,20,5,25.06321,121.57681
2026-09-25 17:58:52,09/25 17:58,500108132,YouBike2.0_內湖運動公園,內湖區,1,25,3,21,25.06745,121.57513
2026-09-25 17:58:52,09/25 17:58,500108133,YouBike2.0_內湖路三段326巷口,內湖區,1,20,13,5,25.08968,121.58352
2026-09-25 17:58:52,09/25 17:58,500108134,YouBike2.0_成功公園,內湖區,1,11,2,8,25.08416,121.59665
2026-09-25 17:58:52,09/25 17:58,500108135,YouBike2.0_康寧路三段189巷93弄口,內湖區,1,25,11,13,25.0735,121.61258
2026-09-25 17:58:52,09/25 17:58,500108136,YouBike2.0_中國醫藥大學附設醫院臺北分院,內湖區,1,16,5,11,25.08227,121.5909
2026-09-25 17:58:52,09/25 17:58,500108137,YouBike2.0_康樂抽水站,內湖區,1,25,4,20,25.06643,121.61732
2026-09-25 17:58:52,09/25 17:58,500108138,YouBike2.0_環山路三段16巷口,內湖區,1,21,0,21,25.08464,121.57945
2026-09-25 17:58:52,09/25 17:58,500108139,YouBike2.0_文德一號綠地,內湖區,1,15,1,14,25.0786,121.58302
2026-09-25 17:58:52,09/25 17:58,500108140,YouBike2.0_臺北花市,內湖區,1,33,13,19,25.06265,121.57427
2026-09-25 17:58:52,09/25 17:58,500108141,YouBike2.0_行善社會住宅,內湖區,1,23,1,22,25.06126,121.58201
2026-09-25 17:58:52,09/25 17:58,500108142,YouBike2.0_康寧路三段99巷17弄口,內湖區,1,18,1,17,25.0721,121.60991
2026-09-25 17:58:52,09/25 17:58,500108143,YouBike2.0_堤頂大道二段407巷口,內湖區,1,15,2,13,25.08019,121.56316
2026-09-25 17:58:52,09/25 17:58,500108144,YouBike2.0_海德堡科技大樓,內湖區,1,12,1,11,25.08156,121.56227
2026-09-25 17:58:52,09/25 17:58,500108145,YouBike2.0_致伸科技大樓,內湖區,1,17,4,13,25.08067,121.5656
2026-09-25 17:58:52,09/25 17:58,500108146,YouBike2.0_內湖路一段288巷口,內湖區,1,20,16,3,25.08202,121.56861
2026-09-25 17:58:52,09/25 17:58,500108147,YouBike2.0_大都會客運內湖站,內湖區,1,25,15,10,25.06749,121.57784
2026-09-25 17:58:52,09/25 17:58,500108148,YouBike2.0_瑞湖公園,內湖區,1,15,7,8,25.06888,121.57711
2026-09-25 17:58:52,09/25 17:58,500108150,YouBike2.0_台灣世曦大樓,內湖區,1,16,1,15,25.07345,121.57848
2026-09-25 17:58:52,09/25 17:58,500108151,YouBike2.0_遠雄時代總部,內湖區,1,14,10,4,25.07821,121.57103
2026-09-25 17:58:52,09/25 17:58,500108152,YouBike2.0_瑞光路358巷口,內湖區,1,14,1,13,25.07733,121.5727
2026-09-25 17:58:52,09/25 17:58,500108153,YouBike2.0_大港墘公園(洲子街),內湖區,1,18,0,18,25.07897,121.5737
2026-09-25 17:58:52,09/25 17:58,500108154,YouBike2.0_世紀經貿,內湖區,1,16,3,13,25.08049,121.57361
2026-09-25 17:58:52,09/25 17:58,500108156,YouBike2.0_民權東路六段56巷口,內湖區,1,25,6,19,25.06805,121.58488
2026-09-25 17:58:52,09/25 17:58,500108157,YouBike2.0_新湖三行忠路72巷口,內湖區,1,18,5,13,25.06605,121.58206
2026-09-25 17:58:52,09/25 17:58,500108158,YouBike2.0_新湖三新湖二146巷口,內湖區,1,25,18,7,25.06407,121.57787
2026-09-25 17:58:52,09/25 17:58,500108159,YouBike2.0_舊宗新湖二路口,內湖區,1,25,13,11,25.06151,121.57811
2026-09-25 17:58:52,09/25 17:58,500108160,YouBike2.0_新光基湖大樓,內湖區,1,19,8,11,25.08152,121.56489
2026-09-25 17:58:52,09/25 17:58,500108161,YouBike2.0_內湖路一段120巷15弄,內湖區,1,32,2,30,25.08203,121.56298
2026-09-25 17:58:52,09/25 17:58,500108162,YouBike2.0_北勢湖環保公園(堤頂大道側),內湖區,1,21,10,10,25.08318,121.56154
2026-09-25 17:58:52,09/25 17:58,500108164,YouBike2.0_達爾文大樓,內湖區,1,15,1,14,25.07941,121.57277
2026-09-25 17:58:52,09/25 17:58,500108165,YouBike2.0_東湖四號公園,內湖區,1,28,2,22,25.07074,121.61803
2026-09-25 17:58:52,09/25 17:58,500108166,YouBike2.0_加瑪科技中心,內湖區,1,13,2,10,25.08035,121.5705
2026-09-25 17:58:52,09/25 17:58,500108167,YouBike2.0_福壽公園,內湖區,1,14,3,11,25.07983,121.59625
2026-09-25 17:58:52,09/25 17:58,500108168,YouBike2.0_捷運西湖站(1號出口)內湖路側,內湖區,1,20,18,2,25.08227,121.56709
2026-09-25 17:58:52,09/25 17:58,500108169,YouBike2.0_威剛科技總部,內湖區,1,52,4,47,25.06153,121.60033
2026-09-25 17:58:52,09/25 17:58,500108170,YouBike2.0_太陽科技廣場,內湖區,1,15,1,13,25.08514,121.56161
2026-09-25 17:58:52,09/25 17:58,500108171,YouBike2.0_瑞光路316巷,內湖區,1,20,5,15,25.07567,121.57341
2026-09-25 17:58:52,09/25 17:58,500108172,YouBike2.0_文德路220巷口,內湖區,1,20,5,14,25.07862,121.58796
2026-09-25 17:58:52,09/25 17:58,500108173,YouBike2.0_長壽抽水站,內湖區,1,20,5,15,25.06099,121.59662
2026-09-25 17:58:52,09/25 17:58,500108174,YouBike2.0_捷運葫洲站(2號出口),內湖區,1,20,7,13,25.07264,121.60692
2026-09-25 17:58:52,09/25 17:58,500108175,YouBike2.0_五分埤,內湖區,1,16,3,13,25.07595,121.62257
2026-09-25 17:58:52,09/25 17:58,500108176,YouBike2.0_環山路三段1巷(麗山高中),內湖區,1,18,4,14,25.08438,121.57876
2026-09-25 17:58:52,09/25 17:58,500108177,YouBike2.0_潭美公園(南京東路六段482號),內湖區,1,29,1,28,25.06092,121.58898
2026-09-25 17:58:52,09/25 17:58,500108178,YouBike2.0_美善公園,內湖區,1,22,6,16,25.05703,121.57861
2026-09-25 17:58:52,09/25 17:58,500108179,YouBike2.0_潭美公園(新明路298巷),內湖區,1,26,10,16,25.05698,121.58173
2026-09-25 17:58:52,09/25 17:58,500108181,YouBike2.0_麗山國小(內湖路一段411巷),內湖區,1,22,1,21,25.08389,121.57189
2026-09-25 17:58:52,09/25 17:58,500108182,YouBike2.0_行善路417巷,內湖區,1,26,1,24,25.06468,121.58654
2026-09-25 17:58:52,09/25 17:58,500108183,YouBike2.0_明湖國小(康寧路三段165巷23弄),內湖區,1,26,0,25,25.07165,121.61177
2026-09-25 17:58:52,09/25 17:58,500108184,YouBike2.0_康寧路三段70巷153號,內湖區,1,20,7,13,25.06658,121.60803
2026-09-25 17:58:52,09/25 17:58,500108185,YouBike2.0_東湖立體停車場,內湖區,1,15,3,11,25.0692,121.6122
2026-09-25 17:58:52,09/25 17:58,500108186,YouBike2.0_明美公園(南京東路六段451巷口),內湖區,1,30,2,27,25.06082,121.58757
2026-09-25 17:58:52,09/25 17:58,500108187,YouBike2.0_文德路66巷14弄,內湖區,1,18,9,9,25.07712,121.58096
2026-09-25 17:58:52,09/25 17:58,500108188,YouBike2.0_捷運東湖站(3號出口),內湖區,1,30,1,29,25.06701,121.61194
2026-09-25 17:58:52,09/25 17:58,500108189,YouBike2.0_捷運大湖公園站(1號出口),內湖區,1,24,7,16,25.08383,121.60253
2026-09-25 17:58:52,09/25 17:58,500108190,YouBike2.0_內湖路一段1巷口,內湖區,1,20,19,1,25.08533,121.558
2026-09-25 17:58:52,09/25 17:58,500108191,YouBike2.0_環山路一段136巷口,內湖區,1,42,6,36,25.08645,121.56928
2026-09-25 17:58:52,09/25 17:58,500108192,YouBike2.0_上灣公園,內湖區,1,25,12,13,25.06572,121.59778
2026-09-25 17:58:52,09/25 17:58,500108193,YouBike2.0_湖興公園(成功路),內湖區,1,21,4,17,25.06703,121.59048
2026-09-25 17:58:52,09/25 17:58,500108194,YouBike2.0_文德三號公園(文德路),內湖區,1,21,7,14,25.07834,121.58076
2026-09-25 17:58:52,09/25 17:58,500108195,YouBike2.0_康寧路一段218巷2弄口,內湖區,1,18,5,13,25.07837,121.59652
2026-09-25 17:58:52,09/25 17:58,500108196,YouBike2.0_星雲街210巷口,內湖區,1,16,3,13,25.07966,121.59793
2026-09-25 17:58:52,09/25 17:58,500108197,YouBike2.0_成功路二段406巷口,內湖區,1,20,4,16,25.07077,121.59
2026-09-25 17:58:52,09/25 17:58,500108199,YouBike2.0_捷運東湖站(2號出口),內湖區,1,20,4,15,25.06769,121.61163
2026-09-25 17:58:52,09/25 17:58,500108200,YouBike2.0_民權東路六段280巷155弄口,內湖區,1,21,7,14,25.06865,121.60884
2026-09-25 17:58:52,09/25 17:58,500108201,YouBike2.0_將軍嶺,內湖區,1,23,13,10,25.07457,121.5901
2026-09-25 17:58:52,09/25 17:58,500108202,YouBike2.0_文湖街21巷82弄口,內湖區,1,21,0,21,25.08899,121.56036
2026-09-25 17:58:52,09/25 17:58,500108203,YouBike2.0_西湖公園(內湖路一段387巷),內湖區,1,25,6,18,25.08409,121.57066
2026-09-25 17:58:52,09/25 17:58,500108204,YouBike2.0_國立臺灣戲曲學院(內湖校區),內湖區,1,28,3,25,25.08107,121.58609
2026-09-25 17:58:52,09/25 17:58,500108205,YouBike2.0_內湖路一段285巷65弄,內湖區,1,19,8,11,25.08443,121.56912
2026-09-25 17:58:52,09/25 17:58,500108206,YouBike2.0_西湖國中,內湖區,1,18,1,17,25.08466,121.56577
2026-09-25 17:58:52,09/25 17:58,500108207,YouBike2.0_成美疏散門,內湖區,1,22,2,19,25.05734,121.58804
2026-09-25 17:58:52,09/25 17:58,500108208,YouBike2.0_大湖國小(大湖山莊街173巷口),內湖區,1,19,0,19,25.0878,121.60124
2026-09-25 17:58:52,09/25 17:58,500108209,YouBike2.0_成功路五段450巷口,內湖區,1,17,3,14,25.07468,121.60693
2026-09-25 17:58:52,09/25 17:58,500108211,YouBike2.0_金湖路401巷,內湖區,1,22,3,19,25.07255,121.60376
2026-09-25 17:58:52,09/25 17:58,500108212,YouBike2.0_內湖國小(內湖路一段737巷51弄),內湖區,1,31,8,23,25.08027,121.57984
2026-09-25 17:58:52,09/25 17:58,500108213,YouBike2.0_黃石公廟,內湖區,1,21,12,9,25.07726,121.60709
2026-09-25 17:58:52,09/25 17:58,500108214,YouBike2.0_內湖路一段737巷/麗山街口,內湖區,1,22,3,19,25.08294,121.5792
2026-09-25 17:58:52,09/25 17:58,500108215,YouBike2.0_行愛路78巷,內湖區,1,21,6,15,25.06198,121.58029
2026-09-25 17:58:52,09/25 17:58,500108216,YouBike2.0_港墘路1巷口,內湖區,1,16,1,15,25.08336,121.57829
2026-09-25 17:58:52,09/25 17:58,500108217,YouBike2.0_民權東路六段280巷69弄,內湖區,1,19,11,8,25.06889,121.60737
2026-09-25 17:58:52,09/25 17:58,500108218,YouBike2.0_瑞光路548巷,內湖區,1,27,8,19,25.07843,121.56679
2026-09-25 17:58:52,09/25 17:58,500108219,YouBike2.0_內湖國小(內湖路二段76巷),內湖區,1,14,1,13,25.07926,121.58096
2026-09-25 17:58:52,09/25 17:58,500108220,YouBike2.0_三民國中(民權東路),內湖區,1,24,12,12,25.069,121.58493
2026-09-25 17:58:52,09/25 17:58,500108221,YouBike2.0_內湖大坑公園,內湖區,1,21,2,19,25.06887,121.59842
2026-09-25 17:58:52,09/25 17:58,500108222,YouBike2.0_金湖康寧路口(白鷺鷥山登山步道),內湖區,1,15,12,2,25.07535,121.60132
2026-09-25 17:58:52,09/25 17:58,500108223,YouBike2.0_成功路四段61巷35弄口,內湖區,1,16,6,10,25.08036,121.59361
2026-09-25 17:58:52,09/25 17:58,500108224,YouBike2.0_成美抽水站,內湖區,1,25,3,22,25.05532,121.58354
2026-09-25 17:58:52,09/25 17:58,500108225,YouBike2.0_文湖公園,內湖區,1,16,3,12,25.08748,121.5613
2026-09-25 17:58:52,09/25 17:58,500108226,YouBike2.0_成功路二段/石潭路(西南側),內湖區,1,45,1,43,25.06315,121.5906
2026-09-25 17:58:52,09/25 17:58,500108227,YouBike2.0_華城橋(東湖),內湖區,1,18,0,16,25.06899,121.61948
2026-09-25 17:58:52,09/25 17:58,500108228,YouBike2.0_成功路二段115巷口(國道一號),內湖區,1,35,8,27,25.06468,121.59106
2026-09-25 17:58:52,09/25 17:58,500108229,YouBike2.0_康寧路三段56巷198號,內湖區,1,16,1,14,25.06733,121.6072
2026-09-25 17:58:52,09/25 17:58,500108230,YouBike2.0_內湖路一段715巷口,內湖區,1,15,10,5,25.07992,121.57736
2026-09-25 17:58:52,09/25 17:58,500108231,YouBike2.0_成功路三段187巷口,內湖區,1,17,12,4,25.08021,121.59052
2026-09-25 17:58:52,09/25 17:58,500108233,YouBike2.0_江南街41巷3弄,內湖區,1,20,7,13,25.07736,121.57816
2026-09-25 17:58:52,09/25 17:58,500108234,YouBike2.0_民權東路六段280巷45弄口,內湖區,1,13,6,6,25.07096,121.60669
2026-09-25 17:58:52,09/25 17:58,500108235,YouBike2.0_成功路三段12巷口,內湖區,1,18,7,10,25.07579,121.59009
2026-09-25 17:58:52,09/25 17:58,500108236,YouBike2.0_民權東路六段191巷口,內湖區,1,22,11,10,25.07289,121.59949
2026-09-25 17:58:52,09/25 17:58,500108237,YouBike2.0_石潭公園(安康路)南側,內湖區,1,41,8,33,25.06148,121.59257
2026-09-25 17:58:52,09/25 17:58,500108238,YouBike2.0_金豐金莊路口,內湖區,1,18,1,16,25.0656,121.58703
2026-09-25 17:58:52,09/25 17:58,500108239,YouBike2.0_康寧路三段99巷,內湖區,1,15,9,4,25.07286,121.61076
2026-09-25 17:58:52,09/25 17:58,500108240,YouBike2.0_康寧安康路口(國道一號),內湖區,1,21,14,6,25.06531,121.61102
2026-09-25 17:58:52,09/25 17:58,500108241,YouBike2.0_捷運文德站(1號出口),內湖區,1,26,7,18,25.07868,121.58587
2026-09-25 17:58:52,09/25 17:58,500108242,YouBike2.0_港華6號公園,內湖區,1,15,1,14,25.0843,121.57447
2026-09-25 17:58:52,09/25 17:58,500108243,YouBike2.0_港墘路26巷,內湖區,1,15,0,15,25.0829,121.57744
2026-09-25 17:58:52,09/25 17:58,500109001,YouBike2.0_承德路七段304巷口,北投區,1,24,5,19,25.1168,121.5048
2026-09-25 17:58:52,09/25 17:58,500109002,YouBike2.0_洲美運動公園,北投區,1,25,0,24,25.10981,121.49886
2026-09-25 17:58:52,09/25 17:58,500109003,YouBike2.0_榮華二明德路口,北投區,1,30,2,28,25.11357,121.52255
2026-09-25 17:58:52,09/25 17:58,500109004,YouBike2.0_捷運明德站(1號出口),北投區,1,23,10,12,25.10896,121.51936
2026-09-25 17:58:52,09/25 17:58,500109005,YouBike2.0_文林建民路口,北投區,1,36,16,19,25.10788,121.51457
2026-09-25 17:58:52,09/25 17:58,500109006,YouBike2.0_永欣綠地,北投區,1,37,20,17,25.12416,121.52607
2026-09-25 17:58:52,09/25 17:58,500109007,YouBike2.0_關渡宮,北投區,1,62,27,31,25.11739,121.46288
2026-09-25 17:58:52,09/25 17:58,500109008,YouBike2.0_關渡自然公園,北投區,1,35,17,17,25.11884,121.46912
2026-09-25 17:58:52,09/25 17:58,500109009,YouBike2.0_關渡醫院,北投區,1,14,4,10,25.1203,121.4665
2026-09-25 17:58:52,09/25 17:58,500109010,YouBike2.0_捷運忠義站(1號出口),北投區,1,42,23,19,25.13149,121.47365
2026-09-25 17:58:52,09/25 17:58,500109011,YouBike2.0_捷運關渡站(1號出口),北投區,1,99,58,40,25.12397,121.46712
2026-09-25 17:58:52,09/25 17:58,500109012,YouBike2.0_捷運關渡站(2號出口),北投區,1,22,12,10,25.12618,121.46737
2026-09-25 17:58:52,09/25 17:58,500109013,YouBike2.0_中央北路四段540巷口,北投區,1,31,12,19,25.12796,121.46782
2026-09-25 17:58:52,09/25 17:58,500109014,YouBike2.0_大度立德路口,北投區,1,24,2,22,25.1231,121.47092
2026-09-25 17:58:52,09/25 17:58,500109015,YouBike2.0_捷運復興崗站(1號出口),北投區,1,45,12,33,25.1378,121.4863
2026-09-25 17:58:52,09/25 17:58,500109016,YouBike2.0_捷運復興崗站旅客服務中心,北投區,1,15,3,12,25.13666,121.48159
2026-09-25 17:58:52,09/25 17:58,500109017,YouBike2.0_豐年公園,北投區,1,29,11,18,25.13475,121.49613
2026-09-25 17:58:52,09/25 17:58,500109018,YouBike2.0_稻香重三路口,北投區,1,15,11,4,25.13997,121.48967
2026-09-25 17:58:52,09/25 17:58,500109019,YouBike2.0_國防大學政治作戰學院,北投區,1,45,5,40,25.13776,121.49345
2026-09-25 17:58:52,09/25 17:58,500109020,YouBike2.0_秀山區民活動中心,北投區,1,36,25,11,25.14582,121.49303
2026-09-25 17:58:52,09/25 17:58,500109022,YouBike2.0_大業大同街口,北投區,1,42,21,21,25.13691,121.49987
2026-09-25 17:58:52,09/25 17:58,500109023,YouBike2.0_捷運新北投站,北投區,1,58,53,4,25.13733,121.50339
2026-09-25 17:58:52,09/25 17:58,500109024,YouBike2.0_捷運北投站,北投區,1,30,16,14,25.13187,121.499
2026-09-25 17:58:52,09/25 17:58,500109025,YouBike2.0_捷運奇岩站(三合街),北投區,1,40,19,20,25.12634,121.50099
2026-09-25 17:58:52,09/25 17:58,500109026,YouBike2.0_八仙里辦公處,北投區,0,25,0,0,25.12297,121.50158
2026-09-25 17:58:52,09/25 17:58,500109027,YouBike2.0_清江國小,北投區,1,58,45,13,25.12725,121.50676
2026-09-25 17:58:52,09/25 17:58,500109028,YouBike2.0_大業路300巷口,北投區,1,20,0,20,25.12814,121.49782
2026-09-25 17:58:52,09/25 17:58,500109029,YouBike2.0_立農公園,北投區,1,21,14,7,25.11798,121.50342
2026-09-25 17:58:52,09/25 17:58,500109030,YouBike2.0_北投奇岩長青樂活大樓,北投區,1,25,3,22,25.12666,121.50373
2026-09-25 17:58:52,09/25 17:58,500109031,YouBike2.0_捷運唭哩岸站(2號出口),北投區,1,48,5,42,25.12087,121.50523
2026-09-25 17:58:52,09/25 17:58,500109032,YouBike2.0_北投運動中心,北投區,1,89,26,61,25.11666,121.50962
2026-09-25 17:58:52,09/25 17:58,500109033,YouBike2.0_陽明大學,北投區,1,56,1,55,25.11912,121.51223
2026-09-25 17:58:52,09/25 17:58,500109034,YouBike2.0_捷運石牌站(2號出口),北投區,1,62,58,3,25.11451,121.51567
2026-09-25 17:58:52,09/25 17:58,500109035,YouBike2.0_台北護理大學,北投區,1,42,13,29,25.11752,121.51662
2026-09-25 17:58:52,09/25 17:58,500109036,YouBike2.0_捷運石牌站(1號出口),北投區,1,33,25,3,25.11542,121.51469
2026-09-25 17:58:52,09/25 17:58,500109037,YouBike2.0_振興醫院,北投區,1,36,13,23,25.11753,121.52186
2026-09-25 17:58:52,09/25 17:58,500109039,YouBike2.0_石牌國小,北投區,1,26,15,10,25.1144,121.51307
2026-09-25 17:58:52,09/25 17:58,500109040,YouBike2.0_振興公園,北投區,1,25,1,24,25.11865,121.5235
2026-09-25 17:58:52,09/25 17:58,500109041,YouBike2.0_立農國小,北投區,1,25,20,4,25.11978,121.50422
2026-09-25 17:58:52,09/25 17:58,500109042,YouBike2.0_承德路七段280巷口,北投區,1,22,17,3,25.11587,121.50576
2026-09-25 17:58:52,09/25 17:58,500109043,YouBike2.0_致遠一路二段11巷,北投區,1,22,11,10,25.11093,121.51382
2026-09-25 17:58:52,09/25 17:58,500109044,YouBike2.0_榮富公園,北投區,1,13,2,11,25.1137,121.52437
2026-09-25 17:58:52,09/25 17:58,500109045,YouBike2.0_中正高中,北投區,1,31,2,29,25.10467,121.51654
2026-09-25 17:58:52,09/25 17:58,500109046,YouBike2.0_立功立德路口,北投區,1,41,6,34,25.12501,121.47158
2026-09-25 17:58:52,09/25 17:58,500109047,YouBike2.0_桃源國中,北投區,1,49,12,37,25.13485,121.47769
2026-09-25 17:58:52,09/25 17:58,500109048,YouBike2.0_陽明交大圖書館,北投區,1,37,3,33,25.12081,121.51352
2026-09-25 17:58:52,09/25 17:58,500109049,YouBike2.0_捷運新北投站(2號出口),北投區,1,24,16,8,25.13675,121.50224
2026-09-25 17:58:52,09/25 17:58,500109050,YouBike2.0_復興公園,北投區,1,28,4,24,25.13872,121.5021
2026-09-25 17:58:52,09/25 17:58,500109051,YouBike2.0_承德石牌路口,北投區,1,17,2,15,25.11272,121.50922
2026-09-25 17:58:52,09/25 17:58,500109052,YouBike2.0_承德路七段188巷口,北投區,1,16,3,12,25.11416,121.50771
2026-09-25 17:58:52,09/25 17:58,500109053,YouBike2.0_捷運明德站(3號出口),北投區,1,48,20,27,25.11,121.51841
2026-09-25 17:58:52,09/25 17:58,500109054,YouBike2.0_大豐公園,北投區,1,48,31,17,25.13102,121.50408
2026-09-25 17:58:52,09/25 17:58,500109055,YouBike2.0_洲美公園,北投區,1,30,12,18,25.10032,121.50599
2026-09-25 17:58:52,09/25 17:58,500109056,YouBike2.0_中和街455巷11弄,北投區,1,25,14,11,25.14319,121.49621
2026-09-25 17:58:52,09/25 17:58,500109057,YouBike2.0_洲美蜆仔港公園,北投區,1,27,14,13,25.10065,121.51107
2026-09-25 17:58:52,09/25 17:58,500109058,YouBike2.0_文化三杏林一路口,北投區,1,17,8,8,25.14058,121.49915
2026-09-25 17:58:52,09/25 17:58,500109059,YouBike2.0_珠海復興一路口,北投區,1,28,4,23,25.14045,121.50446
2026-09-25 17:58:52,09/25 17:58,500109060,YouBike2.0_裕民二路33巷,北投區,1,15,8,7,25.11535,121.51736
2026-09-25 17:58:52,09/25 17:58,500109061,YouBike2.0_新奇岩社會住宅,北投區,1,12,4,8,25.12287,121.5037
2026-09-25 17:58:52,09/25 17:58,500109062,YouBike2.0_泉源公園,北投區,1,20,13,7,25.14193,121.50835
2026-09-25 17:58:52,09/25 17:58,500109063,YouBike2.0_奇岩4號綠地,北投區,1,24,5,18,25.12533,121.50573
2026-09-25 17:58:52,09/25 17:58,500109064,YouBike2.0_臺北健康護理大學(教研大樓),北投區,1,27,1,26,25.11857,121.51846
2026-09-25 17:58:52,09/25 17:58,500109065,YouBike2.0_奇岩一號公園,北投區,1,23,4,18,25.12989,121.50394
2026-09-25 17:58:52,09/25 17:58,500109066,YouBike2.0_福星公園,北投區,1,51,30,21,25.1094,121.51248
2026-09-25 17:58:52,09/25 17:58,500109067,YouBike2.0_中庸公園,北投區,1,27,10,16,25.13774,121.50142
2026-09-25 17:58:52,09/25 17:58,500109068,YouBike2.0_豐年公園_1,北投區,1,33,23,10,25.13529,121.49664
2026-09-25 17:58:52,09/25 17:58,500109070,YouBike2.0_光明溫泉路口,北投區,1,30,1,29,25.13431,121.50226
2026-09-25 17:58:52,09/25 17:58,500109071,YouBike2.0_和信治癌中心醫院,北投區,1,25,8,16,25.12757,121.47207
2026-09-25 17:58:52,09/25 17:58,500109072,YouBike2.0_致遠新村,北投區,1,22,0,22,25.14319,121.49093
2026-09-25 17:58:52,09/25 17:58,500109073,YouBike2.0_北投公園露天溫泉,北投區,1,15,7,7,25.13684,121.50792
2026-09-25 17:58:52,09/25 17:58,500109074,YouBike2.0_中和街493巷9弄口,北投區,1,16,8,8,25.1439,121.49447
2026-09-25 17:58:52,09/25 17:58,500109075,YouBike2.0_捷運北投站(1號出口),北投區,1,58,39,19,25.13258,121.49862
2026-09-25 17:58:52,09/25 17:58,500109076,YouBike2.0_石牌立農街口,北投區,1,29,2,27,25.11879,121.51921
2026-09-25 17:58:52,09/25 17:58,500109077,YouBike2.0_捷運唭哩岸站(1號出口),北投區,1,20,16,3,25.12082,121.50727
2026-09-25 17:58:52,09/25 17:58,500109078,YouBike2.0_大興光明路2巷口,北投區,1,14,10,4,25.13043,121.50017
2026-09-25 17:58:52,09/25 17:58,500109079,YouBike2.0_捷運忠義站(2號出口),北投區,1,33,21,12,25.13076,121.47347
2026-09-25 17:58:52,09/25 17:58,500109080,YouBike2.0_福國承德路口,北投區,1,15,8,7,25.10171,121.51263
2026-09-25 17:58:52,09/25 17:58,500109081,YouBike2.0_捷運北投站(1號出口)(北投路側),北投區,1,40,16,24,25.13201,121.49817
2026-09-25 17:58:52,09/25 17:58,500109082,YouBike2.0_華固創富中心,北投區,1,15,7,8,25.10392,121.51244
2026-09-25 17:58:52,09/25 17:58,500109084,YouBike2.0_崇仰公園(公舘路255巷),北投區,1,20,18,2,25.12595,121.51098
2026-09-25 17:58:52,09/25 17:58,500109085,YouBike2.0_北投文化公園(北側),北投區,1,20,2,18,25.13713,121.49706
2026-09-25 17:58:52,09/25 17:58,500109086,YouBike2.0_中和綠地,北投區,1,30,3,25,25.1419,121.4989
2026-09-25 17:58:52,09/25 17:58,500109087,YouBike2.0_大業路65巷口,北投區,1,25,17,8,25.12307,121.49906
2026-09-25 17:58:52,09/25 17:58,500109088,YouBike2.0_公舘承德路口,北投區,1,25,8,17,25.11969,121.50169
2026-09-25 17:58:52,09/25 17:58,500109089,YouBike2.0_文林北明德路口(東北側),北投區,1,15,0,15,25.10576,121.5173
2026-09-25 17:58:52,09/25 17:58,500109091,YouBike2.0_永興路一段32巷口,北投區,1,20,2,18,25.13905,121.50012
2026-09-25 17:58:52,09/25 17:58,500109092,YouBike2.0_國立陽明交通大學(甲棟),北投區,1,30,6,24,25.11944,121.51453
2026-09-25 17:58:52,09/25 17:58,500109093,YouBike2.0_關渡國中,北投區,1,24,13,11,25.11955,121.46735
2026-09-25 17:58:52,09/25 17:58,500109094,YouBike2.0_立功街55巷口,北投區,1,21,8,13,25.12518,121.46922
2026-09-25 17:58:52,09/25 17:58,500109095,YouBike2.0_承德路七段401巷(洲美橋下),北投區,1,25,5,19,25.11483,121.49934
2026-09-25 17:58:52,09/25 17:58,500109096,YouBike2.0_大業路(農禪寺),北投區,1,16,7,9,25.12231,121.49964
2026-09-25 17:58:52,09/25 17:58,500109097,YouBike2.0_中國電影製片廠,北投區,1,15,8,7,25.13843,121.48802
2026-09-25 17:58:52,09/25 17:58,500109098,YouBike2.0_北投新興公園,北投區,1,15,15,0,25.13997,121.48711
2026-09-25 17:58:52,09/25 17:58,500109099,YouBike2.0_捷運石牌站(2號出口)(西安街一段),北投區,1,23,13,9,25.11332,121.51615
2026-09-25 17:58:52,09/25 17:58,500109100,YouBike2.0_華碩立功大樓,北投區,1,15,7,8,25.12771,121.47071
2026-09-25 17:58:52,09/25 17:58,500109101,YouBike2.0_關渡碼頭,北投區,1,99,23,73,25.12066,121.46228
2026-09-25 17:58:52,09/25 17:58,500109102,YouBike2.0_珠海路(48號公園),北投區,1,21,13,8,25.14262,121.51218
2026-09-25 17:58:52,09/25 17:58,500109103,YouBike2.0_承德文林北路口(西側),北投區,1,16,4,11,25.11032,121.51097
2026-09-25 17:58:52,09/25 17:58,500109104,YouBike2.0_石牌路二段324巷口,北投區,1,15,2,13,25.12164,121.52404
2026-09-25 17:58:52,09/25 17:58,500109105,YouBike2.0_北投文化公園(中央北路),北投區,1,16,6,10,25.13632,121.49686
2026-09-25 17:58:52,09/25 17:58,500109106,YouBike2.0_泉源路23巷口,北投區,1,25,12,11,25.13939,121.50571
2026-09-25 17:58:52,09/25 17:58,500109107,YouBike2.0_大業路667巷口,北投區,1,23,5,17,25.13709,121.4996
2026-09-25 17:58:52,09/25 17:58,500109108,YouBike2.0_幼華中學(大業路),北投區,1,18,12,6,25.13372,121.49602
2026-09-25 17:58:52,09/25 17:58,500109109,YouBike2.0_溫泉路68巷6弄口,北投區,1,19,3,16,25.13401,121.50564
2026-09-25 17:58:52,09/25 17:58,500109110,YouBike2.0_親水公園,北投區,1,20,3,17,25.13761,121.49032
2026-09-25 17:58:52,09/25 17:58,500109111,YouBike2.0_文林橋(文林北路75巷),北投區,1,25,3,22,25.10192,121.51719
2026-09-25 17:58:52,09/25 17:58,500109112,YouBike2.0_榮華公園,北投區,1,26,5,20,25.11138,121.52212
2026-09-25 17:58:52,09/25 17:58,500109113,YouBike2.0_北投市場(民族街口),北投區,1,24,11,11,25.13221,121.50388
2026-09-25 17:58:52,09/25 17:58,500109114,YouBike2.0_奇岩抽水站,北投區,1,26,4,22,25.12386,121.50328
2026-09-25 17:58:52,09/25 17:58,500109115,YouBike2.0_溫泉路81號,北投區,1,20,1,19,25.13543,121.5057
2026-09-25 17:58:52,09/25 17:58,500109116,YouBike2.0_北投公園噴泉,北投區,1,27,11,16,25.13687,121.5048
2026-09-25 17:58:52,09/25 17:58,500109117,YouBike2.0_振華公園,北投區,1,23,4,19,25.11574,121.51854
2026-09-25 17:58:52,09/25 17:58,500109118,YouBike2.0_三合街一段82巷62弄口,北投區,1,22,9,12,25.12874,121.50409
2026-09-25 17:58:52,09/25 17:58,500109119,YouBike2.0_公舘西安街二段口,北投區,1,25,3,20,25.12157,121.50281
2026-09-25 17:58:52,09/25 17:58,500109120,YouBike2.0_好市多北投店,北投區,1,62,27,35,25.12782,121.46948
2026-09-25 17:58:52,09/25 17:58,500109121,YouBike2.0_薇閣高中,北投區,0,21,0,0,25.13964,121.50388
2026-09-25 17:58:52,09/25 17:58,500109122,YouBike2.0_彰化銀行北投分行,北投區,1,19,6,13,25.13161,121.4971
2026-09-25 17:58:52,09/25 17:58,500109123,YouBike2.0_中央北路一段197巷口,北投區,1,25,9,16,25.13579,121.49749
2026-09-25 17:58:52,09/25 17:58,500109124,YouBike2.0_福星公園地下停車場(出入口B),北投區,1,30,7,23,25.10744,121.51289
2026-09-25 17:58:52,09/25 17:58,500109125,YouBike2.0_民族街36巷口,北投區,1,20,0,17,25.13305,121.50596
2026-09-25 17:58:52,09/25 17:58,500109126,YouBike2.0_承德文承路口,北投區,1,20,14,6,25.10496,121.51178
2026-09-25 17:58:52,09/25 17:58,500109127,YouBike2.0_承平福美路口,北投區,1,18,3,15,25.10026,121.50805
2026-09-25 17:58:52,09/25 17:58,500109128,YouBike2.0_承美福國路口,北投區,1,30,15,15,25.10091,121.50375
2026-09-25 17:58:52,09/25 17:58,500109129,YouBike2.0_北投22號線形公園共融遊戲場,北投區,1,43,15,25,25.1202,121.51039
2026-09-25 17:58:52,09/25 17:58,500109130,YouBike2.0_承德路七段164巷口,北投區,1,18,3,14,25.11344,121.50844
2026-09-25 17:58:52,09/25 17:58,500109132,YouBike2.0_光明路266號前,北投區,1,73,0,72,25.13661,121.51002
2026-09-25 17:58:52,09/25 17:58,500109133,YouBike2.0_中和街493巷1弄口,北投區,1,18,2,16,25.14496,121.49579
2026-09-25 17:58:52,09/25 17:58,500109134,YouBike2.0_共月橋,北投區,1,25,12,12,25.12817,121.50315
2026-09-25 17:58:52,09/25 17:58,500109135,YouBike2.0_東華兒童遊戲賽車場,北投區,1,48,13,33,25.12036,121.50875
2026-09-25 17:58:52,09/25 17:58,500109136,YouBike2.0_懷德建民路口,北投區,1,15,8,7,25.11101,121.51955
2026-09-25 17:58:52,09/25 17:58,500109137,YouBike2.0_懷德55巷停車場,北投區,1,24,3,21,25.11297,121.51952
2026-09-25 17:58:52,09/25 17:58,500109138,YouBike2.0_石牌公園,北投區,1,20,7,12,25.11619,121.51147
2026-09-25 17:58:52,09/25 17:58,500109139,YouBike2.0_復興一路45巷,北投區,1,15,8,7,25.14131,121.50278
2026-09-25 17:58:52,09/25 17:58,500110002,YouBike2.0_捷運松山站(4號出口),松山區,1,19,15,0,25.04987,121.57785
2026-09-25 17:58:52,09/25 17:58,500110003,YouBike2.0_塔悠八德路口,松山區,1,34,8,25,25.05009,121.57202
2026-09-25 17:58:52,09/25 17:58,500110004,YouBike2.0_鵬程公園,松山區,1,24,6,17,25.05503,121.56876
2026-09-25 17:58:52,09/25 17:58,500110005,YouBike2.0_中崙高中,松山區,1,85,22,60,25.04878,121.56087
2026-09-25 17:58:52,09/25 17:58,500110006,YouBike2.0_捷運南京三民站(2號出口),松山區,1,19,10,9,25.05136,121.56283
2026-09-25 17:58:52,09/25 17:58,500110007,YouBike2.0_捷運南京三民站(1號出口),松山區,1,39,10,29,25.05155,121.5636
2026-09-25 17:58:52,09/25 17:58,500110008,YouBike2.0_光復北路11巷口,松山區,1,31,11,18,25.04937,121.558
2026-09-25 17:58:52,09/25 17:58,500110009,YouBike2.0_捷運南京三民站(4號出口),松山區,1,13,2,11,25.05152,121.5646
2026-09-25 17:58:52,09/25 17:58,500110010,YouBike2.0_西松高中,松山區,1,14,3,11,25.05492,121.56701
2026-09-25 17:58:52,09/25 17:58,500110011,YouBike2.0_民權復興路口,松山區,1,45,5,39,25.0622,121.54565
2026-09-25 17:58:52,09/25 17:58,500110012,YouBike2.0_民福三號綠地,松山區,1,20,12,8,25.06374,121.54767
2026-09-25 17:58:52,09/25 17:58,500110013,YouBike2.0_民有一號公園,松山區,1,41,23,17,25.06095,121.54731
2026-09-25 17:58:52,09/25 17:58,500110014,YouBike2.0_民生敦化路口,松山區,1,69,1,67,25.05804,121.54897
2026-09-25 17:58:52,09/25 17:58,500110015,YouBike2.0_松基公園,松山區,1,20,10,9,25.0546,121.54486
2026-09-25 17:58:52,09/25 17:58,500110016,YouBike2.0_三民路166巷口,松山區,1,12,3,8,25.0619,121.56328
2026-09-25 17:58:52,09/25 17:58,500110017,YouBike2.0_民生活動中心,松山區,1,41,4,37,25.05907,121.56305
2026-09-25 17:58:52,09/25 17:58,500110018,YouBike2.0_捷運小巨蛋站(2號出口),松山區,1,26,22,2,25.05157,121.55118
2026-09-25 17:58:52,09/25 17:58,500110019,YouBike2.0_臺北市藝文推廣處,松山區,1,45,5,39,25.04826,121.55235
2026-09-25 17:58:52,09/25 17:58,500110020,YouBike2.0_民生國小(敦化北路199巷),松山區,1,20,7,13,25.05633,121.55286
2026-09-25 17:58:52,09/25 17:58,500110021,YouBike2.0_敦北公園,松山區,1,51,10,41,25.06118,121.55098
2026-09-25 17:58:52,09/25 17:58,500110022,YouBike2.0_民權運動公園,松山區,1,84,3,81,25.062,121.56019
2026-09-25 17:58:52,09/25 17:58,500110023,YouBike2.0_新東公園,松山區,1,51,7,44,25.05925,121.56888
2026-09-25 17:58:52,09/25 17:58,500110024,YouBike2.0_民生光復路口,松山區,1,33,2,30,25.05834,121.55496
2026-09-25 17:58:52,09/25 17:58,500110025,YouBike2.0_三民公園,松山區,1,35,3,32,25.061286751494,121.566678992451
2026-09-25 17:58:52,09/25 17:58,500110026,YouBike2.0_八德路三段74巷口,松山區,1,17,5,12,25.04459,121.55252
2026-09-25 17:58:52,09/25 17:58,500110027,YouBike2.0_八德路三段8巷口,松山區,1,18,15,2,25.04494,121.54953
2026-09-25 17:58:52,09/25 17:58,500110028,YouBike2.0_三軍總醫院(松山分院),松山區,1,43,3,39,25.05419,121.55631
2026-09-25 17:58:52,09/25 17:58,500110029,YouBike2.0_平安新城,松山區,1,18,1,17,25.05528,121.559
2026-09-25 17:58:52,09/25 17:58,500110030,YouBike2.0_健康社會住宅,松山區,1,20,7,12,25.05433,121.56545
2026-09-25 17:58:52,09/25 17:58,500110031,YouBike2.0_民權光復路口(東北側),松山區,1,39,7,30,25.06206,121.55475
2026-09-25 17:58:52,09/25 17:58,500110032,YouBike2.0_市民東興路口,松山區,1,30,3,26,25.0484,121.56586
2026-09-25 17:58:52,09/25 17:58,500110033,YouBike2.0_光復南路22巷口,松山區,1,29,12,17,25.04693,121.55771
2026-09-25 17:58:52,09/25 17:58,500110034,YouBike2.0_光復南路46巷,松山區,1,23,4,17,25.04606,121.55665
2026-09-25 17:58:52,09/25 17:58,500110035,YouBike2.0_松山新城,松山區,1,27,6,21,25.05347,121.55436
2026-09-25 17:58:52,09/25 17:58,500110036,YouBike2.0_國土管理署,松山區,1,39,24,15,25.04769,121.5448
2026-09-25 17:58:52,09/25 17:58,500110037,YouBike2.0_南京光復路口,松山區,1,31,5,23,25.05143,121.55716
2026-09-25 17:58:52,09/25 17:58,500110038,YouBike2.0_民生立體停車場,松山區,1,24,4,20,25.05846,121.55947
2026-09-25 17:58:52,09/25 17:58,500110039,YouBike2.0_健康新城,松山區,1,44,3,41,25.05408,121.56095
2026-09-25 17:58:52,09/25 17:58,500110040,YouBike2.0_健安新城,松山區,1,30,2,27,25.05606,121.56345
2026-09-25 17:58:52,09/25 17:58,500110041,YouBike2.0_復盛公園,松山區,0,37,0,37,25.04763,121.56115
2026-09-25 17:58:52,09/25 17:58,500110042,YouBike2.0_中崙福成宮,松山區,1,27,15,9,25.04524,121.54659
2026-09-25 17:58:52,09/25 17:58,500110043,YouBike2.0_捷運南京復興站(7號出口),松山區,1,15,8,7,25.05278,121.54478
2026-09-25 17:58:52,09/25 17:58,500110044,YouBike2.0_捷運南京復興站(5號出口),松山區,1,68,19,49,25.05168,121.54506
2026-09-25 17:58:52,09/25 17:58,500110045,YouBike2.0_塔悠疏散門,松山區,1,32,1,31,25.0648,121.56788
2026-09-25 17:58:52,09/25 17:58,500110046,YouBike2.0_臺北田徑場,松山區,1,71,11,58,25.04951,121.54941
2026-09-25 17:58:52,09/25 17:58,500110047,YouBike2.0_捷運小巨蛋站(5號出口),松山區,1,22,2,20,25.05176,121.55352
2026-09-25 17:58:52,09/25 17:58,500110048,YouBike2.0_敦化長春路口,松山區,1,34,4,30,25.0536,121.54871
2026-09-25 17:58:52,09/25 17:58,500110049,YouBike2.0_饒河疏散門(基四號疏散門),松山區,1,19,18,0,25.05147,121.57683
2026-09-25 17:58:52,09/25 17:58,500110050,YouBike2.0_捷運松山站(2號出口),松山區,1,14,13,1,25.05013,121.57635
2026-09-25 17:58:52,09/25 17:58,500110051,YouBike2.0_民權東路三段106巷口,松山區,1,22,10,12,25.062,121.54472
2026-09-25 17:58:52,09/25 17:58,500110052,YouBike2.0_南京東路五段59巷口,松山區,1,17,1,16,25.05163,121.55907
2026-09-25 17:58:52,09/25 17:58,500110053,YouBike2.0_三民公園(塔悠路),松山區,1,20,3,17,25.06241,121.56831
2026-09-25 17:58:52,09/25 17:58,500110054,YouBike2.0_寶清公園,松山區,1,23,5,18,25.05198,121.5681
2026-09-25 17:58:52,09/25 17:58,500110055,YouBike2.0_西松公園,松山區,1,11,3,8,25.05406,121.56407
2026-09-25 17:58:52,09/25 17:58,500110056,YouBike2.0_長壽公園,松山區,1,22,2,19,25.05378,121.55893
2026-09-25 17:58:52,09/25 17:58,500110057,YouBike2.0_復源公園,松山區,1,14,0,14,25.04634,121.5542
2026-09-25 17:58:52,09/25 17:58,500110058,YouBike2.0_南京東路四段179巷口,松山區,1,13,7,4,25.05173,121.55609
2026-09-25 17:58:52,09/25 17:58,500110059,YouBike2.0_臺北田徑場(北寧路側),松山區,1,44,2,42,25.04954,121.55261
2026-09-25 17:58:52,09/25 17:58,500110060,YouBike2.0_西松高中(健康路325巷),松山區,1,31,10,21,25.05567,121.56713
2026-09-25 17:58:52,09/25 17:58,500110061,YouBike2.0_南京東興路口,松山區,1,30,1,29,25.05149,121.56535
2026-09-25 17:58:52,09/25 17:58,500110062,YouBike2.0_捷運松山站(3號出口),松山區,1,52,31,20,25.04962,121.57746
2026-09-25 17:58:52,09/25 17:58,500110063,YouBike2.0_介壽國中,松山區,1,43,3,40,25.05722,121.55706
2026-09-25 17:58:52,09/25 17:58,500110064,YouBike2.0_敦化南京路口(東北側),松山區,1,25,8,17,25.05226,121.54926
2026-09-25 17:58:52,09/25 17:58,500110065,YouBike2.0_敦化八德路口,松山區,1,55,3,49,25.04802,121.54864
2026-09-25 17:58:52,09/25 17:58,500110066,YouBike2.0_新東街51巷口,松山區,1,27,4,23,25.0615,121.56332
2026-09-25 17:58:52,09/25 17:58,500110067,YouBike2.0_八德立體停車場,松山區,1,34,18,16,25.04985,121.57189
2026-09-25 17:58:52,09/25 17:58,500110068,YouBike2.0_長春慶城街口,松山區,1,28,7,21,25.05452,121.54636
2026-09-25 17:58:52,09/25 17:58,500110069,YouBike2.0_八德路四段652巷口,松山區,1,20,16,4,25.04942,121.57503
2026-09-25 17:58:52,09/25 17:58,500110070,YouBike2.0_捷運松山站(1號出口),松山區,1,15,12,2,25.05014,121.57692
2026-09-25 17:58:52,09/25 17:58,500110071,YouBike2.0_捷運小巨蛋站(3號出口),松山區,1,28,1,27,25.05152,121.55243
2026-09-25 17:58:52,09/25 17:58,500110072,YouBike2.0_捷運小巨蛋站(5號出口)_1,松山區,1,20,4,15,25.05181,121.5521
2026-09-25 17:58:52,09/25 17:58,500110073,YouBike2.0_敦化北路155巷口,松山區,1,30,10,20,25.0542,121.5491
2026-09-25 17:58:52,09/25 17:58,500110074,YouBike2.0_民生復興路口,松山區,1,30,9,21,25.05764,121.54443
2026-09-25 17:58:52,09/25 17:58,500110076,YouBike2.0_市民延吉街口,松山區,1,30,1,28,25.0444,121.55397
2026-09-25 17:58:52,09/25 17:58,500110077,YouBike2.0_龍城市場,松山區,1,22,7,14,25.05454,121.55417
2026-09-25 17:58:52,09/25 17:58,500110078,YouBike2.0_捷運南京三民站(3號出口),松山區,1,28,3,24,25.05129,121.56426
2026-09-25 17:58:52,09/25 17:58,500110079,YouBike2.0_塔悠基隆路口(麥帥一橋下),松山區,1,20,8,11,25.05139,121.57062
2026-09-25 17:58:52,09/25 17:58,500110080,YouBike2.0_五常街370巷,松山區,1,11,3,7,25.06432,121.54537
2026-09-25 17:58:52,09/25 17:58,500110081,YouBike2.0_延壽街119巷口,松山區,1,15,6,9,25.05708,121.56486
2026-09-25 17:58:52,09/25 17:58,500110082,YouBike2.0_市民東寧路口,松山區,1,23,8,13,25.04742,121.56305
2026-09-25 17:58:52,09/25 17:58,500110083,YouBike2.0_民福簡易綠地,松山區,1,15,6,9,25.06589,121.54529
2026-09-25 17:58:52,09/25 17:58,500110084,YouBike2.0_三民國小(撫遠街),松山區,1,26,10,16,25.06457,121.56458
2026-09-25 17:58:52,09/25 17:58,500110085,YouBike2.0_民生郵局,松山區,1,14,1,12,25.05936,121.56586
2026-09-25 17:58:52,09/25 17:58,500110086,YouBike2.0_民權敦化路口(西北側),松山區,1,24,14,9,25.06185,121.55
2026-09-25 17:58:52,09/25 17:58,500110087,YouBike2.0_寶清八德路口(北側),松山區,1,19,3,16,25.05028,121.56879
2026-09-25 17:58:52,09/25 17:58,500110088,YouBike2.0_民生東路三段140巷口,松山區,1,15,4,11,25.056,121.5467
2026-09-25 17:58:52,09/25 17:58,500110089,YouBike2.0_新東延壽街口,松山區,1,24,7,16,25.05725,121.56608
2026-09-25 17:58:52,09/25 17:58,500110090,YouBike2.0_健康公園,松山區,1,26,7,18,25.05434,121.56878
2026-09-25 17:58:52,09/25 17:58,500110091,YouBike2.0_新中街4巷口,松山區,1,36,1,35,25.05779,121.56167
2026-09-25 17:58:52,09/25 17:58,500110092,YouBike2.0_光復北富錦街口,松山區,1,25,3,21,25.06054,121.55489
2026-09-25 17:58:52,09/25 17:58,500110093,YouBike2.0_松山國小(東北側),松山區,1,24,10,14,25.05141,121.57972
2026-09-25 17:58:52,09/25 17:58,500110094,YouBike2.0_撫遠街403巷,松山區,1,33,23,10,25.06608,121.5658
2026-09-25 17:58:52,09/25 17:58,500110095,YouBike2.0_基六號疏散門,松山區,1,33,10,21,25.06575,121.568
2026-09-25 17:58:52,09/25 17:58,500110096,YouBike2.0_民權三民路口,松山區,1,20,9,11,25.06293,121.56296
2026-09-25 17:58:52,09/25 17:58,500110097,YouBike2.0_民權運動公園(北側),松山區,1,30,0,30,25.06198,121.55711
2026-09-25 17:58:52,09/25 17:58,500110098,YouBike2.0_中崙高中停車場,松山區,1,25,9,15,25.05023,121.56153
2026-09-25 17:58:52,09/25 17:58,500110099,YouBike2.0_光復延壽街口(西北側),松山區,1,23,7,16,25.05677,121.55548
2026-09-25 17:58:52,09/25 17:58,500110100,YouBike2.0_富錦新東街口(西側),松山區,1,13,0,12,25.06108,121.5647
2026-09-25 17:58:52,09/25 17:58,500110101,YouBike2.0_延壽街18巷口,松山區,1,17,0,17,25.05725,121.56843
2026-09-25 17:58:52,09/25 17:58,500110102,YouBike2.0_民生東路四段97巷,松山區,1,26,1,24,25.05864,121.55208
2026-09-25 17:58:52,09/25 17:58,500110103,YouBike2.0_民生東路五段177巷口,松山區,1,19,2,17,25.05913,121.56466
2026-09-25 17:58:52,09/25 17:58,500110104,YouBike2.0_西松高中地下停車場,松山區,1,26,4,22,25.05564,121.56551
2026-09-25 17:58:52,09/25 17:58,500110105,YouBike2.0_民生東路五段69巷,松山區,1,17,8,8,25.05983,121.55809
2026-09-25 17:58:52,09/25 17:58,500110106,YouBike2.0_民生東路五段137巷6弄口,松山區,1,16,1,15,25.06043,121.56142
2026-09-25 17:58:52,09/25 17:58,500110107,YouBike2.0_敦化北慶城街口,松山區,1,37,5,31,25.05714,121.54873
2026-09-25 17:58:52,09/25 17:58,500110108,YouBike2.0_南京東路三段338巷口,松山區,1,21,5,16,25.05161,121.54766
2026-09-25 17:58:52,09/25 17:58,500110109,YouBike2.0_民權東路三段175巷口,松山區,1,20,7,13,25.06218,121.54738
2026-09-25 17:58:52,09/25 17:58,500110110,YouBike2.0_健康路225巷口,松山區,1,26,5,21,25.05415,121.56263
2026-09-25 17:58:52,09/25 17:58,500111001,YouBike2.0_南港公園(東新街),南港區,1,25,2,23,25.04591,121.59226
2026-09-25 17:58:52,09/25 17:58,500111002,YouBike2.0_南港公園(福德街),南港區,1,56,6,49,25.04128,121.59089
2026-09-25 17:58:52,09/25 17:58,500111003,YouBike2.0_捷運昆陽站(1號出口),南港區,1,65,11,54,25.05014,121.59238
2026-09-25 17:58:52,09/25 17:58,500111004,YouBike2.0_忠孝東路六段225巷口,南港區,1,35,10,25,25.04919,121.58832
2026-09-25 17:58:52,09/25 17:58,500111005,YouBike2.0_捷運後山埤站(1號出口),南港區,1,53,48,5,25.04437,121.58133
2026-09-25 17:58:52,09/25 17:58,500111006,YouBike2.0_合樂公園,南港區,1,15,2,13,25.04843,121.58154
2026-09-25 17:58:52,09/25 17:58,500111007,YouBike2.0_合心廣場,南港區,1,43,15,26,25.04608,121.58315
2026-09-25 17:58:52,09/25 17:58,500111008,YouBike2.0_成德國中,南港區,1,44,10,34,25.04592,121.5882
2026-09-25 17:58:52,09/25 17:58,500111009,YouBike2.0_玉成公園,南港區,1,36,26,10,25.04281,121.58613
2026-09-25 17:58:52,09/25 17:58,500111010,YouBike2.0_研究院舊莊街口,南港區,1,30,5,25,25.04239,121.61683
2026-09-25 17:58:52,09/25 17:58,500111011,YouBike2.0_中研院綜合體育館東側,南港區,1,30,3,27,25.04054,121.61374
2026-09-25 17:58:52,09/25 17:58,500111012,YouBike2.0_國家生技園區,南港區,1,38,3,35,25.04763,121.61145
2026-09-25 17:58:52,09/25 17:58,500111013,YouBike2.0_捷運南港展覽館站(5號出口),南港區,1,73,40,32,25.05469,121.61669
2026-09-25 17:58:52,09/25 17:58,500111014,YouBike2.0_中研公園,南港區,1,54,6,48,25.04697,121.61375
2026-09-25 17:58:52,09/25 17:58,500111015,YouBike2.0_福山公園,南港區,1,55,12,43,25.04499,121.61775
2026-09-25 17:58:52,09/25 17:58,500111016,YouBike2.0_舊莊區民活動中心,南港區,1,40,28,10,25.04139,121.6191
2026-09-25 17:58:52,09/25 17:58,500111017,YouBike2.0_凌雲市場,南港區,1,35,6,29,25.03564,121.61415
2026-09-25 17:58:52,09/25 17:58,500111018,YouBike2.0_市民大道八段532號,南港區,1,30,12,18,25.054,121.61334
2026-09-25 17:58:52,09/25 17:58,500111019,YouBike2.0_捷運南港軟體園區(2號出口),南港區,1,70,37,33,25.05933,121.61677
2026-09-25 17:58:52,09/25 17:58,500111020,YouBike2.0_南港國小,南港區,1,59,10,47,25.05668,121.61137
2026-09-25 17:58:52,09/25 17:58,500111021,YouBike2.0_興中立體停車場(興中路),南港區,1,26,5,21,25.05629,121.607
2026-09-25 17:58:52,09/25 17:58,500111022,YouBike2.0_臺北市立圖書館南港分館,南港區,1,40,24,16,25.05485,121.60866
2026-09-25 17:58:52,09/25 17:58,500111023,YouBike2.0_東陽公園,南港區,1,56,35,21,25.05716,121.59792
2026-09-25 17:58:52,09/25 17:58,500111024,YouBike2.0_向陽南港路口,南港區,1,44,13,31,25.05437,121.59423
2026-09-25 17:58:52,09/25 17:58,500111025,YouBike2.0_南港車站(忠孝東路七段415巷),南港區,1,11,4,7,25.05252,121.60922
2026-09-25 17:58:52,09/25 17:58,500111026,YouBike2.0_捷運南港站(2號出口),南港區,1,23,11,11,25.05201,121.60741
2026-09-25 17:58:52,09/25 17:58,500111027,YouBike2.0_捷運南港站(1號出口),南港區,1,20,5,14,25.05192,121.60642
2026-09-25 17:58:52,09/25 17:58,500111028,YouBike2.0_東新國小,南港區,1,29,2,27,25.05623,121.60194
2026-09-25 17:58:52,09/25 17:58,500111029,YouBike2.0_中華科技大學,南港區,1,20,5,14,25.03392,121.60985
2026-09-25 17:58:52,09/25 17:58,500111030,YouBike2.0_六福公園,南港區,1,19,6,13,25.04681,121.61703
2026-09-25 17:58:52,09/25 17:58,500111031,YouBike2.0_南港加壓站,南港區,1,24,3,21,25.04805,121.61594
2026-09-25 17:58:52,09/25 17:58,500111032,YouBike2.0_臺北流行音樂中心(南港路),南港區,1,21,9,12,25.05343,121.59945
2026-09-25 17:58:52,09/25 17:58,500111033,YouBike2.0_興南公園,南港區,1,26,3,23,25.05766,121.60396
2026-09-25 17:58:52,09/25 17:58,500111034,YouBike2.0_臺北流行音樂中心(市民大道),南港區,1,32,14,18,25.05211,121.59839
2026-09-25 17:58:52,09/25 17:58,500111035,YouBike2.0_南港車站(市民大道),南港區,1,30,19,10,25.05326,121.60656
2026-09-25 17:58:52,09/25 17:58,500111036,YouBike2.0_忠孝東路七段527巷口,南港區,1,26,6,20,25.05266,121.61275
2026-09-25 17:58:52,09/25 17:58,500111037,YouBike2.0_南港軟體園區(新民街),南港區,1,25,2,23,25.05627,121.61369
2026-09-25 17:58:52,09/25 17:58,500111038,YouBike2.0_世貿公園,南港區,1,51,12,39,25.05831,121.61422
2026-09-25 17:58:52,09/25 17:58,500111039,YouBike2.0_凌雲五村(研究院路三段8巷),南港區,1,26,11,15,25.03595,121.61688
2026-09-25 17:58:52,09/25 17:58,500111040,YouBike2.0_新新公園(昆陽街60巷),南港區,1,20,9,11,25.0521,121.59053
2026-09-25 17:58:52,09/25 17:58,500111041,YouBike2.0_南港高中(昆陽街),南港區,1,26,2,24,25.05285,121.59279
2026-09-25 17:58:52,09/25 17:58,500111042,YouBike2.0_南港路三段290巷口,南港區,1,20,8,12,25.05234,121.58152
2026-09-25 17:58:52,09/25 17:58,500111043,YouBike2.0_南港路三段220巷口,南港區,1,25,7,18,25.05289,121.58599
2026-09-25 17:58:52,09/25 17:58,500111044,YouBike2.0_南港東新街口,南港區,1,28,7,21,25.05168,121.58284
2026-09-25 17:58:52,09/25 17:58,500111045,YouBike2.0_八德中坡路口,南港區,1,46,7,39,25.05064,121.5803
2026-09-25 17:58:52,09/25 17:58,500111046,YouBike2.0_捷運後山埤站(3號出口),南港區,1,21,5,15,25.04511,121.5836
2026-09-25 17:58:52,09/25 17:58,500111047,YouBike2.0_玉成公園運動中心,南港區,1,26,6,19,25.04193,121.58493
2026-09-25 17:58:52,09/25 17:58,500111048,YouBike2.0_百福公園,南港區,1,25,2,20,25.03884,121.58788
2026-09-25 17:58:52,09/25 17:58,500111049,YouBike2.0_南湖大橋(經貿二路255巷),南港區,1,20,5,14,25.06148,121.61384
2026-09-25 17:58:52,09/25 17:58,500111050,YouBike2.0_園區重陽路口,南港區,1,21,3,17,25.05937,121.61072
2026-09-25 17:58:52,09/25 17:58,500111051,YouBike2.0_南港車站B棟(市民大道),南港區,1,24,17,7,25.05293,121.60549
2026-09-25 17:58:52,09/25 17:58,500111052,YouBike2.0_胡適公園,南港區,1,25,7,18,25.04014,121.61766
2026-09-25 17:58:52,09/25 17:58,500111053,YouBike2.0_南港抽水站,南港區,1,20,0,19,25.06164,121.61267
2026-09-25 17:58:52,09/25 17:58,500111054,YouBike2.0_經貿公園,南港區,1,20,2,18,25.06271,121.61597
2026-09-25 17:58:52,09/25 17:58,500111055,YouBike2.0_育成高中,南港區,1,33,2,31,25.05853,121.60983
2026-09-25 17:58:52,09/25 17:58,500111056,YouBike2.0_捷運南港展覽館站(7號出口),南港區,1,42,23,19,25.05436,121.6181
2026-09-25 17:58:52,09/25 17:58,500111057,YouBike2.0_力行橋(南港),南港區,1,18,4,13,25.05172,121.61686
2026-09-25 17:58:52,09/25 17:58,500111058,YouBike2.0_舊莊國小(舊莊街一段),南港區,1,18,8,9,25.03987,121.62015
2026-09-25 17:58:52,09/25 17:58,500111059,YouBike2.0_向陽公園,南港區,1,41,6,34,25.05705,121.59265
2026-09-25 17:58:52,09/25 17:58,500111060,YouBike2.0_小彎社會住宅,南港區,1,51,10,41,25.0582,121.59368
2026-09-25 17:58:52,09/25 17:58,500111061,YouBike2.0_捷運南港展覽館站(6號出口),南港區,1,25,13,12,25.05465,121.6185
2026-09-25 17:58:52,09/25 17:58,500111062,YouBike2.0_捷運南港展覽館站(4號出口),南港區,1,39,36,2,25.05535,121.61838
2026-09-25 17:58:52,09/25 17:58,500111063,YouBike2.0_成德綠地,南港區,1,17,9,5,25.04675,121.58731
2026-09-25 17:58:52,09/25 17:58,500111064,YouBike2.0_南港公園(東新街170巷),南港區,1,16,3,12,25.04134,121.59323
2026-09-25 17:58:52,09/25 17:58,500111065,YouBike2.0_中坡市民路口(東北側),南港區,1,27,24,1,25.04969,121.58028
2026-09-25 17:58:52,09/25 17:58,500111066,YouBike2.0_昆陽公園,南港區,1,14,4,10,25.0483,121.59425
2026-09-25 17:58:52,09/25 17:58,500111067,YouBike2.0_南港路二段178巷口,南港區,1,18,13,5,25.05368,121.59969
2026-09-25 17:58:52,09/25 17:58,500111068,YouBike2.0_南港車站(忠孝東路),南港區,1,24,21,2,25.05225,121.60766
2026-09-25 17:58:52,09/25 17:58,500111069,YouBike2.0_南港車站(興華路),南港區,1,48,27,21,25.05343,121.60633
2026-09-25 17:58:52,09/25 17:58,500111070,YouBike2.0_玉成公園(成福路178巷口),南港區,1,43,2,41,25.04177,121.58735
2026-09-25 17:58:52,09/25 17:58,500111071,YouBike2.0_玉東公園(東新街),南港區,1,25,12,13,25.04998,121.58383
2026-09-25 17:58:52,09/25 17:58,500111072,YouBike2.0_南港出租國宅社區,南港區,1,25,8,16,25.03878,121.59302
2026-09-25 17:58:52,09/25 17:58,500111073,YouBike2.0_成福路197巷口,南港區,1,15,6,7,25.04066,121.58877
2026-09-25 17:58:52,09/25 17:58,500111074,YouBike2.0_南港疏散門(基三號疏散門),南港區,1,24,0,24,25.05543,121.5892
2026-09-25 17:58:52,09/25 17:58,500111075,YouBike2.0_成德立體停車場,南港區,1,17,9,7,25.04557,121.58629
2026-09-25 17:58:52,09/25 17:58,500111076,YouBike2.0_南港展覽館2館,南港區,1,18,3,15,25.05545,121.61646
2026-09-25 17:58:52,09/25 17:58,500111077,YouBike2.0_舊莊派出所,南港區,1,15,0,14,25.03827,121.62274
2026-09-25 17:58:52,09/25 17:58,500111078,YouBike2.0_南港路三段80巷,南港區,1,15,2,12,25.05394,121.59124
2026-09-25 17:58:52,09/25 17:58,500111079,YouBike2.0_捷運昆陽站(4號出口),南港區,1,28,13,14,25.05066,121.59431
2026-09-25 17:58:52,09/25 17:58,500111080,YouBike2.0_忠孝東路六段278巷口,南港區,1,14,0,14,25.04916,121.58906
2026-09-25 17:58:52,09/25 17:58,500111081,YouBike2.0_中研院人文社會科學館,南港區,1,45,11,34,25.04126,121.6118
2026-09-25 17:58:52,09/25 17:58,500111082,YouBike2.0_南港路三段130巷口,南港區,1,12,5,7,25.05457,121.58781
2026-09-25 17:58:52,09/25 17:58,500111083,YouBike2.0_南港路三段190巷口,南港區,1,16,6,10,25.05381,121.58638
2026-09-25 17:58:52,09/25 17:58,500111084,YouBike2.0_忠孝東路六段212巷口,南港區,1,15,1,13,25.0488,121.58742
2026-09-25 17:58:52,09/25 17:58,500111085,YouBike2.0_新富公園,南港區,1,12,7,5,25.05296,121.61713
2026-09-25 17:58:52,09/25 17:58,500111086,YouBike2.0_東新街63巷口,南港區,1,15,9,6,25.04728,121.58605
2026-09-25 17:58:52,09/25 17:58,500111087,YouBike2.0_中興公園,南港區,1,15,3,12,25.04487,121.61481
2026-09-25 17:58:52,09/25 17:58,500111088,YouBike2.0_向陽市民大道路口(西北側),南港區,1,29,18,11,25.05163,121.59535
2026-09-25 17:58:52,09/25 17:58,500111089,YouBike2.0_向陽南港路口(西北側),南港區,1,40,15,24,25.05486,121.5944
2026-09-25 17:58:52,09/25 17:58,500111090,YouBike2.0_研究院路一段151巷口,南港區,1,14,6,8,25.04997,121.6162
2026-09-25 17:58:52,09/25 17:58,500111091,YouBike2.0_興中重陽路口,南港區,1,24,6,18,25.05801,121.60674
2026-09-25 17:58:52,09/25 17:58,500111092,YouBike2.0_中研院近代史研究所研究大樓,南港區,1,16,5,11,25.03999,121.61538
2026-09-25 17:58:52,09/25 17:58,500111093,YouBike2.0_中研院人文社會科學研究中心,南港區,1,16,2,12,25.04159,121.61532
2026-09-25 17:58:52,09/25 17:58,500111094,YouBike2.0_中研院生態時代館,南港區,1,16,0,16,25.04287,121.61342
2026-09-25 17:58:52,09/25 17:58,500111095,YouBike2.0_玉成街(中坡北路50巷口),南港區,1,20,7,11,25.04691,121.58192
2026-09-25 17:58:52,09/25 17:58,500111096,YouBike2.0_東明公園,南港區,1,20,7,12,25.05469,121.60381
2026-09-25 17:58:52,09/25 17:58,500111097,YouBike2.0_捷運南港軟體園區站(1號出口),南港區,1,36,15,21,25.06043,121.61498
2026-09-25 17:58:52,09/25 17:58,500111098,YouBike2.0_南港花園社區A18,南港區,1,13,3,8,25.04015,121.59111
2026-09-25 17:58:52,09/25 17:58,500111113,YouBike2.0_內湖機廠(港東街),南港區,1,20,13,6,25.058,121.62189
2026-09-25 17:58:52,09/25 17:58,500111114,YouBike2.0_市民昆陽街口,南港區,1,30,30,0,25.05124,121.59361
2026-09-25 17:58:52,09/25 17:58,500111115,YouBike2.0_南港機廠(北流),南港區,1,20,13,7,25.05156,121.6014
2026-09-25 17:58:52,09/25 17:58,500111116,YouBike2.0_忠孝東路七段265巷,南港區,1,40,26,14,25.05216,121.60338
2026-09-25 17:58:52,09/25 17:58,500111117,YouBike2.0_昆陽東新街口,南港區,1,24,3,20,25.04857,121.59401
2026-09-25 17:58:52,09/25 17:58,500111118,YouBike2.0_臺北市捷運局機電工程處,南港區,1,20,6,13,25.0614,121.61795
2026-09-25 17:58:52,09/25 17:58,500111119,YouBike2.0_經貿二路105巷口(經貿二路),南港區,1,37,8,29,25.05791,121.61704
2026-09-25 17:58:52,09/25 17:58,500111120,YouBike2.0_經貿二路105巷口(經貿一路),南港區,1,20,10,10,25.0586,121.61973
2026-09-25 17:58:52,09/25 17:58,500111121,YouBike2.0_經貿二路185巷,南港區,1,21,1,20,25.06148,121.61698
2026-09-25 17:58:52,09/25 17:58,500111122,YouBike2.0_國家生物模式中心,南港區,1,19,2,17,25.04637,121.60948
2026-09-25 17:58:52,09/25 17:58,500111123,YouBike2.0_南港路三段106巷口(中華賓士),南港區,1,23,1,21,25.05312,121.58928
2026-09-25 17:58:52,09/25 17:58,500111124,YouBike2.0_中坡松隆路口,南港區,1,21,13,8,25.04865,121.58028
2026-09-25 17:58:52,09/25 17:58,500111125,YouBike2.0_成功疏散門,南港區,1,20,8,12,25.05898,121.59407
2026-09-25 17:58:52,09/25 17:58,500111126,YouBike2.0_環保局南港區清潔南港分隊,南港區,1,27,5,22,25.06088,121.61085
2026-09-25 17:58:52,09/25 17:58,500111127,YouBike2.0_重陽公園(興南街),南港區,1,20,1,19,25.05557,121.59983
2026-09-25 17:58:52,09/25 17:58,500111128,YouBike2.0_生物技術開發中心,南港區,1,21,3,18,25.04921,121.61025
2026-09-25 17:58:52,09/25 17:58,500111129,YouBike2.0_南港車站C棟(市民大道),南港區,1,24,20,4,25.0528,121.6045
2026-09-25 17:58:52,09/25 17:58,500111130,YouBike2.0_新陽綠地,南港區,1,24,1,23,25.05492,121.59817
2026-09-25 17:58:52,09/25 17:58,500111131,YouBike2.0_九如公園(凌雲街),南港區,1,20,7,13,25.03904,121.61554
2026-09-25 17:58:52,09/25 17:58,500111132,YouBike2.0_捷運南港機廠社會住宅,南港區,1,50,5,45,25.05088,121.59729
2026-09-25 17:58:52,09/25 17:58,500111133,YouBike2.0_忠孝向陽路口,南港區,1,27,5,21,25.05105,121.5969
2026-09-25 17:58:52,09/25 17:58,500111134,YouBike2.0_重陽路39巷,南港區,1,26,3,23,25.05634,121.59518
2026-09-25 17:58:52,09/25 17:58,500111135,YouBike2.0_興南街52巷,南港區,1,18,3,15,25.05625,121.60423
2026-09-25 17:58:52,09/25 17:58,500111136,YouBike2.0_成功路一段36巷(松河街),南港區,1,30,4,26,25.05758,121.59162
2026-09-25 17:58:52,09/25 17:58,500112001,YouBike2.0_黎忠區民活動中心,信義區,1,32,1,31,25.02035,121.55769
2026-09-25 17:58:52,09/25 17:58,500112002,YouBike2.0_基隆路二段159巷口,信義區,1,14,7,7,25.02561,121.55409
2026-09-25 17:58:52,09/25 17:58,500112003,YouBike2.0_嘉興街175巷口,信義區,1,23,9,12,25.02811,121.55671
2026-09-25 17:58:52,09/25 17:58,500112004,YouBike2.0_和平東路三段631巷口,信義區,1,24,1,23,25.0132,121.56335
2026-09-25 17:58:52,09/25 17:58,500112005,YouBike2.0_和平東路三段530巷口,信義區,1,36,2,34,25.01545,121.56134
2026-09-25 17:58:52,09/25 17:58,500112006,YouBike2.0_六張犁社會住宅1區,信義區,1,79,4,75,25.02698,121.55841
2026-09-25 17:58:52,09/25 17:58,500112007,YouBike2.0_臺北醫學大學,信義區,1,64,2,61,25.02668,121.56175
2026-09-25 17:58:52,09/25 17:58,500112008,YouBike2.0_三興公園,信義區,1,47,2,45,25.02868,121.55932
2026-09-25 17:58:52,09/25 17:58,500112009,YouBike2.0_松德站,信義區,1,69,6,63,25.03162,121.57396
2026-09-25 17:58:52,09/25 17:58,500112010,YouBike2.0_捷運象山站(2號出口),信義區,1,65,58,4,25.03222,121.56974
2026-09-25 17:58:52,09/25 17:58,500112011,YouBike2.0_象山公園,信義區,1,48,21,27,25.02863,121.56981
2026-09-25 17:58:52,09/25 17:58,500112012,YouBike2.0_松仁路253巷3弄,信義區,1,25,3,20,25.02678,121.56884
2026-09-25 17:58:52,09/25 17:58,500112013,YouBike2.0_興雅國中,信義區,1,18,12,6,25.03616,121.56983
2026-09-25 17:58:52,09/25 17:58,500112014,YouBike2.0_捷運象山站(1號出口),信義區,1,24,3,21,25.03295,121.56867
2026-09-25 17:58:52,09/25 17:58,500112015,YouBike2.0_松德路200巷,信義區,1,57,7,44,25.03471,121.57301
2026-09-25 17:58:52,09/25 17:58,500112016,YouBike2.0_中全公園,信義區,1,34,3,31,25.0382,121.57495
2026-09-25 17:58:52,09/25 17:58,500112017,YouBike2.0_台北市災害應變中心,信義區,1,53,5,45,25.0286,121.56628
2026-09-25 17:58:52,09/25 17:58,500112018,YouBike2.0_信義運動中心,信義區,1,35,14,21,25.03189,121.56678
2026-09-25 17:58:52,09/25 17:58,500112019,YouBike2.0_捷運台北101/世貿站(3號出口),信義區,1,15,1,14,25.03275,121.56337
2026-09-25 17:58:52,09/25 17:58,500112020,YouBike2.0_景新公園,信義區,1,17,2,15,25.03003,121.56287
2026-09-25 17:58:52,09/25 17:58,500112021,YouBike2.0_光復信義路口東南側,信義區,1,16,2,14,25.03281,121.55756
2026-09-25 17:58:52,09/25 17:58,500112022,YouBike2.0_三張犁,信義區,1,65,3,62,25.03452,121.5576
2026-09-25 17:58:52,09/25 17:58,500112023,YouBike2.0_仁愛路四段496巷口,信義區,1,58,14,44,25.03745,121.5602
2026-09-25 17:58:52,09/25 17:58,500112024,YouBike2.0_松山工農,信義區,1,34,16,18,25.03961,121.57199
2026-09-25 17:58:52,09/25 17:58,500112025,YouBike2.0_松友公園,信義區,1,39,2,37,25.03423,121.57636
2026-09-25 17:58:52,09/25 17:58,500112026,YouBike2.0_林口公園,信義區,1,51,21,30,25.03894,121.57915
2026-09-25 17:58:52,09/25 17:58,500112027,YouBike2.0_松山家商,信義區,1,40,7,32,25.0347,121.58018
2026-09-25 17:58:52,09/25 17:58,500112028,YouBike2.0_永春陂濕地公園,信義區,1,40,1,38,25.03301,121.58096
2026-09-25 17:58:52,09/25 17:58,500112029,YouBike2.0_臺北市政府,信義區,1,56,50,5,25.03801,121.56541
2026-09-25 17:58:52,09/25 17:58,500112030,YouBike2.0_松智松壽路口,信義區,1,39,35,3,25.03607,121.56535
2026-09-25 17:58:52,09/25 17:58,500112031,YouBike2.0_市府松壽路口,信義區,1,28,15,12,25.03627,121.56383
2026-09-25 17:58:52,09/25 17:58,500112032,YouBike2.0_市府松高路口,信義區,1,54,35,19,25.03899,121.56369
2026-09-25 17:58:52,09/25 17:58,500112033,YouBike2.0_市民廣場,信義區,1,50,12,35,25.03599,121.56218
2026-09-25 17:58:52,09/25 17:58,500112035,YouBike2.0_信義廣場(台北101),信義區,1,90,36,54,25.03306,121.5662
2026-09-25 17:58:52,09/25 17:58,500112036,YouBike2.0_捷運台北101/世貿站(5號出口),信義區,1,21,5,15,25.03338,121.56333
2026-09-25 17:58:52,09/25 17:58,500112037,YouBike2.0_春光公園,信義區,1,68,39,28,25.0427,121.58112
2026-09-25 17:58:52,09/25 17:58,500112038,YouBike2.0_松仁路121巷口,信義區,1,31,27,3,25.03476,121.56865
2026-09-25 17:58:52,09/25 17:58,500112039,YouBike2.0_福德國小,信義區,1,42,2,37,25.03846,121.58618
2026-09-25 17:58:52,09/25 17:58,500112040,YouBike2.0_福德公園,信義區,1,35,4,28,25.03841,121.58355
2026-09-25 17:58:52,09/25 17:58,500112042,YouBike2.0_松高路(信義新天地A4館),信義區,1,17,15,0,25.03918,121.56654
2026-09-25 17:58:52,09/25 17:58,500112043,YouBike2.0_興雅松仁路口,信義區,1,65,62,0,25.0401,121.56822
2026-09-25 17:58:52,09/25 17:58,500112044,YouBike2.0_福祥公園,信義區,1,26,13,12,25.04626,121.57045
2026-09-25 17:58:52,09/25 17:58,500112045,YouBike2.0_吳興公車總站,信義區,1,21,1,14,25.02388,121.56984
2026-09-25 17:58:52,09/25 17:58,500112046,YouBike2.0_泰和公園,信義區,1,40,4,35,25.0193,121.57105
2026-09-25 17:58:52,09/25 17:58,500112047,YouBike2.0_興雅國小(基隆路一段37巷),信義區,1,27,21,5,25.04773,121.56895
2026-09-25 17:58:52,09/25 17:58,500112048,YouBike2.0_雅祥公園(松信路50巷口),信義區,1,19,6,12,25.04732,121.57211
2026-09-25 17:58:52,09/25 17:58,500112049,YouBike2.0_松山車站,信義區,1,70,66,3,25.0489,121.57841
2026-09-25 17:58:52,09/25 17:58,500112050,YouBike2.0_五常公園,信義區,1,37,8,29,25.04797,121.57432
2026-09-25 17:58:52,09/25 17:58,500112051,YouBike2.0_永吉松信路口,信義區,1,35,4,31,25.04548,121.57207
2026-09-25 17:58:52,09/25 17:58,500112052,YouBike2.0_三興國小,信義區,1,26,6,17,25.02969,121.55766
2026-09-25 17:58:52,09/25 17:58,500112053,YouBike2.0_市民松信路口,信義區,1,20,7,13,25.04927,121.57205
2026-09-25 17:58:52,09/25 17:58,500112054,YouBike2.0_松山高中,信義區,1,42,16,24,25.0433,121.5638
2026-09-25 17:58:52,09/25 17:58,500112055,YouBike2.0_基隆光復路口,信義區,1,31,3,26,25.03005,121.55764
2026-09-25 17:58:52,09/25 17:58,500112056,YouBike2.0_基隆忠孝路口西南側,信義區,1,29,18,10,25.04108,121.5629
2026-09-25 17:58:52,09/25 17:58,500112057,YouBike2.0_泰和里民活動中心,信義區,1,25,3,21,25.0213,121.57027
2026-09-25 17:58:52,09/25 17:58,500112058,YouBike2.0_捷運後山埤站(2號出口),信義區,1,22,9,13,25.04395,121.58184
2026-09-25 17:58:52,09/25 17:58,500112059,YouBike2.0_虎林永吉路口,信義區,1,21,10,9,25.04519,121.57712
2026-09-25 17:58:52,09/25 17:58,500112060,YouBike2.0_永吉公園,信義區,1,25,8,16,25.04345,121.57539
2026-09-25 17:58:52,09/25 17:58,500112061,YouBike2.0_永吉路321巷口,信義區,1,19,3,15,25.04561,121.57549
2026-09-25 17:58:52,09/25 17:58,500112062,YouBike2.0_松山永吉路口,信義區,1,20,5,15,25.04623,121.57772
2026-09-25 17:58:52,09/25 17:58,500112063,YouBike2.0_松山路292巷口,信義區,1,20,3,14,25.0432,121.57789
2026-09-25 17:58:52,09/25 17:58,500112064,YouBike2.0_捷運象山站(3號出口),信義區,1,63,20,43,25.03295,121.5712
2026-09-25 17:58:52,09/25 17:58,500112065,YouBike2.0_松德公園,信義區,1,67,4,63,25.03657,121.57349
2026-09-25 17:58:52,09/25 17:58,500112066,YouBike2.0_世貿三館,信義區,1,54,21,33,25.03511,121.56369
2026-09-25 17:58:52,09/25 17:58,500112067,YouBike2.0_松德虎林街口,信義區,1,30,4,25,25.0383,121.5762
2026-09-25 17:58:52,09/25 17:58,500112068,YouBike2.0_富台公園,信義區,1,47,13,31,25.04185,121.57204
2026-09-25 17:58:52,09/25 17:58,500112069,YouBike2.0_基隆路一段101巷口,信義區,1,32,5,26,25.04516,121.56702
2026-09-25 17:58:52,09/25 17:58,500112070,YouBike2.0_捷運永春站(2號出口),信義區,1,30,8,20,25.0405,121.57538
2026-09-25 17:58:52,09/25 17:58,500112071,YouBike2.0_吳興街260巷,信義區,1,32,5,22,25.02606,121.5631
2026-09-25 17:58:52,09/25 17:58,500112072,YouBike2.0_松山家商(林口街),信義區,1,47,10,36,25.03593,121.57906
2026-09-25 17:58:52,09/25 17:58,500112073,YouBike2.0_仁愛逸仙路口,信義區,1,38,5,32,25.03771,121.56124
2026-09-25 17:58:52,09/25 17:58,500112075,YouBike2.0_信義基隆路口,信義區,1,26,2,22,25.03321,121.55873
2026-09-25 17:58:52,09/25 17:58,500112076,YouBike2.0_捷運台北101/世貿站(2號出口),信義區,1,52,4,45,25.0327,121.56157
2026-09-25 17:58:52,09/25 17:58,500112078,YouBike2.0_吳興街284巷36弄口,信義區,1,25,2,23,25.02236,121.56268
2026-09-25 17:58:52,09/25 17:58,500112079,YouBike2.0_協和祐德高級中學,信義區,1,20,7,13,25.0426,121.58381
2026-09-25 17:58:52,09/25 17:58,500112080,YouBike2.0_福德國小公車站,信義區,1,27,1,25,25.03929,121.58755
2026-09-25 17:58:52,09/25 17:58,500112081,YouBike2.0_松仁路95巷口,信義區,1,74,32,37,25.03656,121.56866
2026-09-25 17:58:52,09/25 17:58,500112082,YouBike2.0_臺北南山廣場_1,信義區,1,68,56,10,25.03404,121.56598
2026-09-25 17:58:52,09/25 17:58,500112083,YouBike2.0_景聯廣場,信義區,1,23,1,21,25.03214,121.55974
2026-09-25 17:58:52,09/25 17:58,500112084,YouBike2.0_景平公園,信義區,1,41,2,39,25.02976,121.5642
2026-09-25 17:58:52,09/25 17:58,500112085,YouBike2.0_捷運市政府站(3號出口),信義區,1,92,91,1,25.04084,121.56789
2026-09-25 17:58:52,09/25 17:58,500112086,YouBike2.0_五分埔公園,信義區,1,20,4,16,25.04719,121.58058
2026-09-25 17:58:52,09/25 17:58,500112087,YouBike2.0_松仁路305號,信義區,1,21,1,18,25.02306,121.57036
2026-09-25 17:58:52,09/25 17:58,500112088,YouBike2.0_吳興街394巷口,信義區,1,12,0,12,25.02474,121.56741
2026-09-25 17:58:52,09/25 17:58,500112089,YouBike2.0_富生公園,信義區,1,22,14,8,25.04116,121.5706
2026-09-25 17:58:52,09/25 17:58,500112090,YouBike2.0_松勤莊敬路口,信義區,1,15,2,13,25.03203,121.5615
2026-09-25 17:58:52,09/25 17:58,500112091,YouBike2.0_松仁松平路口,信義區,1,10,2,7,25.03047,121.56838
2026-09-25 17:58:52,09/25 17:58,500112092,YouBike2.0_信義松德路口,信義區,1,23,6,17,25.03322,121.57433
2026-09-25 17:58:52,09/25 17:58,500112093,YouBike2.0_捷運市政府站(4號出口),信義區,1,18,14,3,25.04146,121.56731
2026-09-25 17:58:52,09/25 17:58,500112094,YouBike2.0_吳興街284巷(廣安宮),信義區,1,15,11,3,25.02326,121.56329
2026-09-25 17:58:52,09/25 17:58,500112095,YouBike2.0_景勤二號公園(西南側),信義區,1,22,5,17,25.02605,121.5577
2026-09-25 17:58:52,09/25 17:58,500112096,YouBike2.0_克勤新村,信義區,1,40,7,33,25.02589,121.56073
2026-09-25 17:58:52,09/25 17:58,500112097,YouBike2.0_和平東路三段291號,信義區,1,20,8,10,25.02186,121.55532
2026-09-25 17:58:52,09/25 17:58,500112098,YouBike2.0_永吉路468巷口,信義區,1,13,0,12,25.04533,121.57915
2026-09-25 17:58:52,09/25 17:58,500112099,YouBike2.0_廣慈博愛園區(西側),信義區,1,23,4,16,25.03866,121.58082
2026-09-25 17:58:52,09/25 17:58,500112100,YouBike2.0_和平東路三段341巷口,信義區,1,50,11,38,25.02188,121.55891
2026-09-25 17:58:52,09/25 17:58,500112101,YouBike2.0_革新公園,信義區,1,18,9,9,25.04367,121.56741
2026-09-25 17:58:52,09/25 17:58,500112102,YouBike2.0_黎雙公園,信義區,1,17,1,16,25.0246,121.56028
2026-09-25 17:58:52,09/25 17:58,500112103,YouBike2.0_臺北文化體育園區辦公大樓,信義區,1,33,22,8,25.04144,121.56126
2026-09-25 17:58:52,09/25 17:58,500112104,YouBike2.0_捷運國父紀念館站(5號出口),信義區,1,23,20,0,25.04206,121.55792
2026-09-25 17:58:52,09/25 17:58,500112105,YouBike2.0_光復南菸廠路口,信義區,1,25,22,3,25.04482,121.55795
2026-09-25 17:58:52,09/25 17:58,500112106,YouBike2.0_中坡北永吉路口,信義區,1,15,7,8,25.04557,121.58059
2026-09-25 17:58:52,09/25 17:58,500112107,YouBike2.0_松仁路281巷66弄,信義區,1,20,6,14,25.02261,121.57178
2026-09-25 17:58:52,09/25 17:58,500112108,YouBike2.0_基隆市民路口,信義區,1,26,13,13,25.04892,121.56906
2026-09-25 17:58:52,09/25 17:58,500112109,YouBike2.0_松仁路253巷4弄口,信義區,1,22,9,11,25.02559,121.56954
2026-09-25 17:58:52,09/25 17:58,500112110,YouBike2.0_松德路169巷口,信義區,1,35,4,31,25.03633,121.57582
2026-09-25 17:58:52,09/25 17:58,500112111,YouBike2.0_吳興新村,信義區,1,22,11,11,25.02815,121.56114
2026-09-25 17:58:52,09/25 17:58,500112112,YouBike2.0_松山文創園區(一號倉庫),信義區,1,19,16,2,25.04503,121.55951
2026-09-25 17:58:52,09/25 17:58,500112113,YouBike2.0_永吉路187巷口,信義區,1,16,1,15,25.04584,121.57273
2026-09-25 17:58:52,09/25 17:58,500112114,YouBike2.0_仁愛路四段512巷,信義區,1,16,7,8,25.03706,121.56124
2026-09-25 17:58:52,09/25 17:58,500112115,YouBike2.0_信安街/富陽街44巷口,信義區,1,21,13,8,25.02309,121.55537
2026-09-25 17:58:52,09/25 17:58,500112116,YouBike2.0_吳興公園,信義區,1,20,2,17,25.02383,121.56767
2026-09-25 17:58:52,09/25 17:58,500112117,YouBike2.0_逸仙松高路口,信義區,1,25,12,12,25.03942,121.56149
2026-09-25 17:58:52,09/25 17:58,500112118,YouBike2.0_光復仁愛路口,信義區,1,25,5,20,25.03784,121.55768
2026-09-25 17:58:52,09/25 17:58,500112119,YouBike2.0_信義松智路口(東南側),信義區,1,51,15,36,25.03284,121.56555
2026-09-25 17:58:52,09/25 17:58,500112120,YouBike2.0_松山家商(東側),信義區,1,24,2,21,25.03568,121.58133
2026-09-25 17:58:52,09/25 17:58,500112123,YouBike2.0_松山松隆路口,信義區,1,18,15,3,25.04831,121.57766
2026-09-25 17:58:52,09/25 17:58,500112124,YouBike2.0_松智松平路口,信義區,1,16,0,14,25.0304,121.5654
2026-09-25 17:58:52,09/25 17:58,500112125,YouBike2.0_象山公園(松勤街140巷),信義區,1,29,19,9,25.03098,121.5697
2026-09-25 17:58:52,09/25 17:58,500112127,YouBike2.0_永吉路120巷15弄口,信義區,1,21,0,20,25.04501,121.57028
2026-09-25 17:58:52,09/25 17:58,500112128,YouBike2.0_臺北文創大樓(菸廠路),信義區,1,27,7,20,25.04499,121.56082
2026-09-25 17:58:52,09/25 17:58,500112129,YouBike2.0_松德路25巷口,信義區,1,18,13,5,25.0392,121.57742
2026-09-25 17:58:52,09/25 17:58,500112130,YouBike2.0_國家鐵道博物館,信義區,1,40,1,39,25.04728,121.56337
2026-09-25 17:58:52,09/25 17:58,500112132,YouBike2.0_六張犁社會住宅2區,信義區,1,48,0,47,25.02783,121.56024
2026-09-25 17:58:52,09/25 17:58,500112133,YouBike2.0_莊敬路341巷3弄,信義區,1,13,2,11,25.02864,121.56482
2026-09-25 17:58:52,09/25 17:58,500112134,YouBike2.0_信義國中,信義區,1,28,1,26,25.02863,121.56675
2026-09-25 17:58:52,09/25 17:58,500112135,YouBike2.0_捷運廣慈/奉天宮站(1號出口),信義區,1,50,14,33,25.0375,121.58198
2026-09-25 17:58:52,09/25 17:58,500112136,YouBike2.0_忠駝公園,信義區,1,41,5,36,25.03606,121.55923
2026-09-25 17:58:52,09/25 17:58,500112137,YouBike2.0_忠孝東路五段790巷25弄口,信義區,1,12,5,7,25.04235,121.58283
2026-09-25 17:58:52,09/25 17:58,500113001,YouBike2.0_德昌寶興街口(西北角),萬華區,1,14,3,8,25.02365,121.49528
2026-09-25 17:58:52,09/25 17:58,500113002,YouBike2.0_寶興長泰街口(西南角),萬華區,1,17,2,15,25.0216,121.49597
2026-09-25 17:58:52,09/25 17:58,500113003,YouBike2.0_萬大路486巷口,萬華區,1,10,8,1,25.01975,121.4973
2026-09-25 17:58:52,09/25 17:58,500113004,YouBike2.0_國興中華路口,萬華區,1,22,5,17,25.02485,121.50898
2026-09-25 17:58:52,09/25 17:58,500113005,YouBike2.0_古亭國中,萬華區,1,51,17,34,25.02442,121.5107
2026-09-25 17:58:52,09/25 17:58,500113006,YouBike2.0_國興水源路口,萬華區,1,23,13,9,25.02297,121.50845
2026-09-25 17:58:52,09/25 17:58,500113007,YouBike2.0_青年公園高爾夫球場,萬華區,1,25,5,11,25.02481,121.50755
2026-09-25 17:58:52,09/25 17:58,500113008,YouBike2.0_國興青年路口,萬華區,1,51,10,41,25.02594,121.50651
2026-09-25 17:58:52,09/25 17:58,500113009,YouBike2.0_青年公園棒球場,萬華區,1,28,5,23,25.0241,121.50289
2026-09-25 17:58:52,09/25 17:58,500113010,YouBike2.0_青年公園籃球場,萬華區,1,24,0,23,25.02085,121.50539
2026-09-25 17:58:52,09/25 17:58,500113012,YouBike2.0_復華花園新城,萬華區,0,32,0,0,25.029675416698,121.502558105228
2026-09-25 17:58:52,09/25 17:58,500113013,YouBike2.0_新和國小,萬華區,1,20,2,18,25.02582,121.50255
2026-09-25 17:58:52,09/25 17:58,500113014,YouBike2.0_莒光郵局,萬華區,0,22,0,22,25.03124,121.50122
2026-09-25 17:58:52,09/25 17:58,500113015,YouBike2.0_莒光立體停車場,萬華區,1,10,8,2,25.03116,121.50336
2026-09-25 17:58:52,09/25 17:58,500113016,YouBike2.0_艋舺大道146巷口,萬華區,1,14,3,11,25.03301,121.5016
2026-09-25 17:58:52,09/25 17:58,500113017,YouBike2.0_東園國小,萬華區,1,33,18,14,25.02257,121.49807
2026-09-25 17:58:52,09/25 17:58,500113018,YouBike2.0_華中疏散門,萬華區,1,12,5,3,25.01688,121.49534
2026-09-25 17:58:52,09/25 17:58,500113019,YouBike2.0_錦德公園,萬華區,1,29,13,13,25.02332,121.49264
2026-09-25 17:58:52,09/25 17:58,500113020,YouBike2.0_忠德公園,萬華區,1,19,9,10,25.02516,121.49604
2026-09-25 17:58:52,09/25 17:58,500113022,YouBike2.0_華江高中,萬華區,1,50,10,40,25.02744,121.49619
2026-09-25 17:58:52,09/25 17:58,500113023,YouBike2.0_西園艋舺路口,萬華區,1,64,13,51,25.03267,121.49757
2026-09-25 17:58:52,09/25 17:58,500113025,YouBike2.0_雙園國中,萬華區,1,24,5,19,25.02673,121.49176
2026-09-25 17:58:52,09/25 17:58,500113026,YouBike2.0_長順區民活動中心,萬華區,1,26,4,22,25.03284,121.48908
2026-09-25 17:58:52,09/25 17:58,500113027,YouBike2.0_萬華安居社會住宅A區,萬華區,1,25,4,21,25.03397,121.49029
2026-09-25 17:58:52,09/25 17:58,500113028,YouBike2.0_華江八號公園,萬華區,1,20,13,7,25.03388,121.49293
2026-09-25 17:58:52,09/25 17:58,500113029,YouBike2.0_環河南雙園街口,萬華區,1,21,5,16,25.03203,121.49127
2026-09-25 17:58:52,09/25 17:58,500113030,YouBike2.0_大理高中,萬華區,1,35,8,27,25.03124,121.49075
2026-09-25 17:58:52,09/25 17:58,500113031,YouBike2.0_糖廍文化園區,萬華區,1,18,9,9,25.03383,121.4946
2026-09-25 17:58:52,09/25 17:58,500113032,YouBike2.0_兩棵樹公園,萬華區,1,19,2,17,25.03253,121.49549
2026-09-25 17:58:52,09/25 17:58,500113033,YouBike2.0_萬華青年公宅,萬華區,1,23,4,19,25.02021,121.50376
2026-09-25 17:58:52,09/25 17:58,500113034,YouBike2.0_開封西寧路口,萬華區,1,94,39,54,25.04662,121.50717
2026-09-25 17:58:52,09/25 17:58,500113035,YouBike2.0_峨眉停車場,萬華區,1,47,17,29,25.04441,121.50541
2026-09-25 17:58:52,09/25 17:58,500113036,YouBike2.0_長沙公園,萬華區,1,37,20,17,25.0417,121.49992
2026-09-25 17:58:52,09/25 17:58,500113037,YouBike2.0_貓公園(中興橋頭),萬華區,1,16,5,9,25.04369,121.5018
2026-09-25 17:58:52,09/25 17:58,500113038,YouBike2.0_西本願寺廣場,萬華區,1,99,27,69,25.04099,121.50769
2026-09-25 17:58:52,09/25 17:58,500113039,YouBike2.0_中華桂林路口,萬華區,1,34,2,32,25.03771,121.50662
2026-09-25 17:58:52,09/25 17:58,500113040,YouBike2.0_捷運龍山寺站(1號出口),萬華區,0,11,0,0,25.03535,121.49938
2026-09-25 17:58:52,09/25 17:58,500113041,YouBike2.0_龍山國小,萬華區,1,62,10,52,25.0355,121.49541
2026-09-25 17:58:52,09/25 17:58,500113042,YouBike2.0_華西公園,萬華區,1,51,30,21,25.03852,121.49881
2026-09-25 17:58:52,09/25 17:58,500113043,YouBike2.0_老松國小,萬華區,1,74,5,67,25.03792,121.50177
2026-09-25 17:58:52,09/25 17:58,500113044,YouBike2.0_萬華火車站,萬華區,1,78,49,28,25.03364,121.50322
2026-09-25 17:58:52,09/25 17:58,500113045,YouBike2.0_萬華火車站(D2廣場),萬華區,1,42,1,15,25.03394,121.50117
2026-09-25 17:58:52,09/25 17:58,500113046,YouBike2.0_捷運龍山寺站(3號出口),萬華區,1,40,18,21,25.03509,121.50199
2026-09-25 17:58:52,09/25 17:58,500113047,YouBike2.0_臺北市電影主題公園(峨眉街),萬華區,1,20,1,18,25.04445,121.50306
2026-09-25 17:58:52,09/25 17:58,500113048,YouBike2.0_臺北市電影主題公園(康定路),萬華區,1,15,3,12,25.04551,121.50318
2026-09-25 17:58:52,09/25 17:58,500113049,YouBike2.0_中華峨眉街口,萬華區,1,24,6,18,25.04345,121.50841
2026-09-25 17:58:52,09/25 17:58,500113050,YouBike2.0_萬華266號綠地,萬華區,1,19,7,12,25.0403,121.50197
2026-09-25 17:58:52,09/25 17:58,500113051,YouBike2.0_萬大國小(萬大路344巷口),萬華區,1,22,4,18,25.02376,121.49986
2026-09-25 17:58:52,09/25 17:58,500113052,YouBike2.0_德昌街10巷口,萬華區,1,17,11,4,25.02533,121.4996
2026-09-25 17:58:52,09/25 17:58,500113053,YouBike2.0_環河南和平西路口,萬華區,1,20,2,17,25.03517,121.49048
2026-09-25 17:58:52,09/25 17:58,500113054,YouBike2.0_長順街60巷口,萬華區,1,15,9,6,25.03119,121.48858
2026-09-25 17:58:52,09/25 17:58,500113055,YouBike2.0_西園公園,萬華區,1,14,3,9,25.0271,121.49775
2026-09-25 17:58:52,09/25 17:58,500113056,YouBike2.0_華江污水廠,萬華區,1,20,3,17,25.03606,121.49163
2026-09-25 17:58:52,09/25 17:58,500113057,YouBike2.0_柳鄉公園,萬華區,1,34,14,20,25.03731,121.49526
2026-09-25 17:58:52,09/25 17:58,500113058,YouBike2.0_綠堤社區公園,萬華區,1,28,17,11,25.03302,121.4931
2026-09-25 17:58:52,09/25 17:58,500113059,YouBike2.0_長順艋舺大道口,萬華區,1,26,4,22,25.03035,121.49228
2026-09-25 17:58:52,09/25 17:58,500113060,YouBike2.0_富民路145巷口,萬華區,0,18,7,11,25.01796,121.49988
2026-09-25 17:58:52,09/25 17:58,500113061,YouBike2.0_環南綜合市場,萬華區,1,26,15,11,25.0286,121.48908
2026-09-25 17:58:52,09/25 17:58,500113062,YouBike2.0_龍山國中,萬華區,1,15,14,1,25.03646,121.50492
2026-09-25 17:58:52,09/25 17:58,500113063,YouBike2.0_洛陽停車場,萬華區,0,22,0,0,25.04776,121.50612
2026-09-25 17:58:52,09/25 17:58,500113064,YouBike2.0_桂林昆明街口,萬華區,1,29,2,27,25.03811,121.50362
2026-09-25 17:58:52,09/25 17:58,500113065,YouBike2.0_萬華國中_1,萬華區,1,36,12,24,25.02926,121.49936
2026-09-25 17:58:52,09/25 17:58,500113066,YouBike2.0_青年公園3號出口,萬華區,1,46,24,19,25.02273,121.50271
2026-09-25 17:58:52,09/25 17:58,500113068,YouBike2.0_捷運龍山寺站(1號出口)_1,萬華區,0,11,0,0,25.03548,121.50026
2026-09-25 17:58:52,09/25 17:58,500113069,YouBike2.0_莒光社會住宅,萬華區,1,30,17,13,25.0317,121.50033
2026-09-25 17:58:52,09/25 17:58,500113070,YouBike2.0_艋舺西藏路口,萬華區,1,30,8,22,25.0287,121.49156
2026-09-25 17:58:52,09/25 17:58,500113071,YouBike2.0_萬大路493巷,萬華區,1,10,2,8,25.01975,121.4992
2026-09-25 17:58:52,09/25 17:58,500113072,YouBike2.0_雙園國中地下停車場,萬華區,1,12,7,5,25.02768,121.49134
2026-09-25 17:58:52,09/25 17:58,500113073,YouBike2.0_青年路152巷口,萬華區,1,23,6,16,25.01979,121.5009
2026-09-25 17:58:52,09/25 17:58,500113074,YouBike2.0_和平西路二段190巷口,萬華區,1,12,0,12,25.03348,121.50445
2026-09-25 17:58:52,09/25 17:58,500113075,YouBike2.0_萬大路424巷口,萬華區,1,15,4,11,25.02039,121.4927
2026-09-25 17:58:52,09/25 17:58,500113077,YouBike2.0_長泰街52巷口,萬華區,1,15,2,12,25.0232,121.50028
2026-09-25 17:58:52,09/25 17:58,500113078,YouBike2.0_水源青年路口,萬華區,1,24,5,19,25.02005,121.50429
2026-09-25 17:58:52,09/25 17:58,500113079,YouBike2.0_青年公園4號出口,萬華區,1,24,5,16,25.02114,121.50265
2026-09-25 17:58:52,09/25 17:58,500113080,YouBike2.0_祥安水岸景觀大廈,萬華區,1,15,5,9,25.01907,121.50219
2026-09-25 17:58:52,09/25 17:58,500113081,YouBike2.0_大理高中(西藏路),萬華區,1,40,6,34,25.03062,121.49021
2026-09-25 17:58:52,09/25 17:58,500113083,YouBike2.0_綠堤公園(西北側),萬華區,1,9,7,2,25.03338,121.49267
2026-09-25 17:58:52,09/25 17:58,500113085,YouBike2.0_艋舺雙園街口,萬華區,1,14,4,10,25.0301,121.49324
2026-09-25 17:58:52,09/25 17:58,500113086,YouBike2.0_德昌街125巷口,萬華區,1,19,3,15,25.02406,121.49639
2026-09-25 17:58:52,09/25 17:58,500113087,YouBike2.0_萬青街186號,萬華區,1,21,11,7,25.02263,121.50154
2026-09-25 17:58:52,09/25 17:58,500113088,YouBike2.0_艋舺大道/西園路140巷口,萬華區,1,20,11,9,25.03174,121.49502
2026-09-25 17:58:52,09/25 17:58,500113089,YouBike2.0_龍山國中(廣州街),萬華區,1,24,1,23,25.03614,121.50625
2026-09-25 17:58:52,09/25 17:58,500113090,YouBike2.0_華江高中(西藏路),萬華區,1,32,30,2,25.02901,121.49659
2026-09-25 17:58:52,09/25 17:58,500113091,YouBike2.0_新和國小(中華路二段416巷),萬華區,1,19,11,8,25.02677,121.50283
2026-09-25 17:58:52,09/25 17:58,500113092,YouBike2.0_環南綜合市場(西藏路),萬華區,1,15,4,11,25.0294,121.49082
2026-09-25 17:58:52,09/25 17:58,500113093,YouBike2.0_萬華青年社會住宅(青年路168巷49弄),萬華區,1,20,4,16,25.01995,121.50229
2026-09-25 17:58:52,09/25 17:58,500113094,YouBike2.0_萬華51號公園,萬華區,1,14,7,1,25.03484,121.49928
2026-09-25 17:58:52,09/25 17:58,500113095,YouBike2.0_萬華區公所(大理街),萬華區,1,26,24,2,25.03457,121.5
2026-09-25 17:58:52,09/25 17:58,500113096,YouBike2.0_環河南路一段350巷口,萬華區,1,15,15,0,25.03935,121.49743
2026-09-25 17:58:52,09/25 17:58,500113097,YouBike2.0_萬華安居社會住宅B區,萬華區,1,32,11,21,25.03349,121.49089
2026-09-25 17:58:52,09/25 17:58,500113098,YouBike2.0_青年公園(西藏路125巷口),萬華區,1,18,8,10,25.0251,121.50371
2026-09-25 17:58:52,09/25 17:58,500113099,YouBike2.0_漢口街二段53巷口,萬華區,1,19,3,15,25.04581,121.50636
2026-09-25 17:58:52,09/25 17:58,500113100,YouBike2.0_環河福德宮,萬華區,1,27,1,26,25.03788,121.49429
2026-09-25 17:58:52,09/25 17:58,500113101,YouBike2.0_崇仁花園(萬大路423巷),萬華區,1,20,15,5,25.02183,121.50133
2026-09-25 17:58:52,09/25 17:58,500113102,YouBike2.0_復華花園新城東側,萬華區,1,32,10,16,25.02975,121.5035
2026-09-25 17:58:52,09/25 17:58,500113103,YouBike2.0_中華開封街口,萬華區,1,36,16,19,25.04587,121.50912
2026-09-25 17:58:52,09/25 17:58,500113104,YouBike2.0_中華忠孝路口(西南側),萬華區,1,19,4,15,25.04763,121.5095
2026-09-25 17:58:52,09/25 17:58,500113105,YouBike2.0_祥安國宅,萬華區,1,19,12,7,25.01959,121.50325
2026-09-25 17:58:52,09/25 17:58,500119005,YouBike2.0_臺大水源舍區A棟,臺大公館校區,1,37,6,31,25.01493,121.53044
2026-09-25 17:58:52,09/25 17:58,500119006,YouBike2.0_臺大卓越研究大樓,臺大公館校區,1,92,5,87,25.01466,121.52917
2026-09-25 17:58:52,09/25 17:58,500119007,YouBike2.0_臺大水源修齊會館,臺大公館校區,1,35,4,31,25.01411,121.52997
2026-09-25 17:58:52,09/25 17:58,500119008,YouBike2.0_臺大檔案展示館,臺大公館校區,1,10,4,6,25.01391,121.52895
2026-09-25 17:58:52,09/25 17:58,500119009,YouBike2.0_臺大水源舍區B棟,臺大公館校區,1,30,2,28,25.01525,121.53009
2026-09-25 17:58:52,09/25 17:58,500119043,YouBike2.0_臺大男八舍東側,臺大公館校區,1,42,1,41,25.01729,121.54531
2026-09-25 17:58:52,09/25 17:58,500119044,YouBike2.0_臺大禮賢樓東南側,臺大公館校區,1,35,1,34,25.01415,121.53767
2026-09-25 17:58:52,09/25 17:58,500119045,YouBike2.0_臺大農業陳列館北側,臺大公館校區,1,45,4,41,25.01839,121.53404
2026-09-25 17:58:52,09/25 17:58,500119046,YouBike2.0_臺大管理學院二館北側,臺大公館校區,1,40,3,37,25.01355,121.53673
2026-09-25 17:58:52,09/25 17:58,500119047,YouBike2.0_臺大土木系館,臺大公館校區,1,30,2,28,25.01761,121.53844
2026-09-25 17:58:52,09/25 17:58,500119048,YouBike2.0_臺大大一女舍北側,臺大公館校區,1,53,12,41,25.01547,121.53436
2026-09-25 17:58:52,09/25 17:58,500119049,YouBike2.0_臺大女九舍西南側,臺大公館校區,1,37,0,37,25.01981,121.53903
2026-09-25 17:58:52,09/25 17:58,500119050,YouBike2.0_臺大小福樓東側,臺大公館校區,1,31,6,25,25.01846,121.5376
2026-09-25 17:58:52,09/25 17:58,500119051,YouBike2.0_臺大立體機車停車場,臺大公館校區,1,27,0,24,25.01616,121.54251
2026-09-25 17:58:52,09/25 17:58,500119052,YouBike2.0_臺大工綜館南側,臺大公館校區,1,43,2,40,25.01857,121.54059
2026-09-25 17:58:52,09/25 17:58,500119053,YouBike2.0_臺大天文數學館南側,臺大公館校區,1,40,17,23,25.02108,121.53783
2026-09-25 17:58:52,09/25 17:58,500119054,YouBike2.0_臺大心理系館南側,臺大公館校區,1,30,2,28,25.01941,121.5404
2026-09-25 17:58:52,09/25 17:58,500119055,YouBike2.0_臺大樂學館東側,臺大公館校區,1,28,25,3,25.01793,121.53585
2026-09-25 17:58:52,09/25 17:58,500119056,YouBike2.0_臺大農化新館西側,臺大公館校區,1,10,2,8,25.01627,121.53535
2026-09-25 17:58:52,09/25 17:58,500119057,YouBike2.0_臺大五號館西側,臺大公館校區,1,48,1,47,25.01666,121.53718
2026-09-25 17:58:52,09/25 17:58,500119058,YouBike2.0_臺大舊體育館西側,臺大公館校區,1,33,16,17,25.0198,121.53583
2026-09-25 17:58:52,09/25 17:58,500119059,YouBike2.0_臺大共同教室北側,臺大公館校區,1,68,0,68,25.01595,121.53791
2026-09-25 17:58:52,09/25 17:58,500119060,YouBike2.0_臺大共同教室東南側,臺大公館校區,1,12,1,11,25.01566,121.53786
2026-09-25 17:58:52,09/25 17:58,500119061,YouBike2.0_臺大鹿鳴堂東側,臺大公館校區,1,39,0,39,25.01511,121.53786
2026-09-25 17:58:52,09/25 17:58,500119062,YouBike2.0_臺大公館停車場西北側,臺大公館校區,1,12,0,12,25.01345,121.53798
2026-09-25 17:58:52,09/25 17:58,500119063,YouBike2.0_臺大第二行政大樓南側,臺大公館校區,1,27,7,20,25.01603,121.53635
2026-09-25 17:58:52,09/25 17:58,500119064,YouBike2.0_臺大明達館機車停車場,臺大公館校區,1,28,0,27,25.01754,121.54398
2026-09-25 17:58:52,09/25 17:58,500119065,YouBike2.0_臺大二號館,臺大公館校區,1,10,3,7,25.01699,121.53574
2026-09-25 17:58:52,09/25 17:58,500119066,YouBike2.0_臺大凝態館南側,臺大公館校區,1,20,8,12,25.02157,121.53633
2026-09-25 17:58:52,09/25 17:58,500119067,YouBike2.0_臺大社科院西側,臺大公館校區,1,42,1,41,25.02053,121.54145
2026-09-25 17:58:52,09/25 17:58,500119068,YouBike2.0_臺大社會系館南側,臺大公館校區,1,51,2,49,25.01987,121.54175
2026-09-25 17:58:52,09/25 17:58,500119069,YouBike2.0_臺大思亮館東南側,臺大公館校區,1,37,2,35,25.02074,121.53906
2026-09-25 17:58:52,09/25 17:58,500119070,YouBike2.0_臺大椰林小舖,臺大公館校區,1,65,6,59,25.01561,121.53583
2026-09-25 17:58:52,09/25 17:58,500119071,YouBike2.0_臺大計資中心南側,臺大公館校區,1,54,2,52,25.02036,121.53992
2026-09-25 17:58:52,09/25 17:58,500119072,YouBike2.0_臺大原分所北側,臺大公館校區,1,12,1,11,25.01881,121.53868
2026-09-25 17:58:52,09/25 17:58,500119074,YouBike2.0_臺大生命科學館西北側,臺大公館校區,1,30,4,26,25.01548,121.53825
2026-09-25 17:58:52,09/25 17:58,500119075,YouBike2.0_臺大第一活動中心西南側,臺大公館校區,1,48,3,45,25.01761,121.53995
2026-09-25 17:58:52,09/25 17:58,500119076,YouBike2.0_臺大博理館西側,臺大公館校區,1,22,0,22,25.01922,121.54195
2026-09-25 17:58:52,09/25 17:58,500119077,YouBike2.0_臺大博雅館西側,臺大公館校區,1,99,22,77,25.0189,121.536
2026-09-25 17:58:52,09/25 17:58,500119078,YouBike2.0_臺大森林館北側,臺大公館校區,1,10,1,9,25.01704,121.53888
2026-09-25 17:58:52,09/25 17:58,500119079,YouBike2.0_臺大一號館,臺大公館校區,1,19,0,19,25.01698,121.53455
2026-09-25 17:58:52,09/25 17:58,500119080,YouBike2.0_臺大小小福西南側,臺大公館校區,1,10,0,10,25.01539,121.53686
2026-09-25 17:58:52,09/25 17:58,500119081,YouBike2.0_臺大教研館北側,臺大公館校區,1,26,0,26,25.01337,121.53909
2026-09-25 17:58:52,09/25 17:58,500119082,YouBike2.0_臺大四號館東北側,臺大公館校區,1,34,5,29,25.01703,121.53781
2026-09-25 17:58:52,09/25 17:58,500119083,YouBike2.0_臺大新生教室南側,臺大公館校區,1,18,0,17,25.0196,121.53846
2026-09-25 17:58:52,09/25 17:58,500119084,YouBike2.0_臺大鄭江樓北側,臺大公館校區,1,40,0,40,25.01854,121.54309
2026-09-25 17:58:52,09/25 17:58,500119085,YouBike2.0_臺大電機二館東南側,臺大公館校區,1,14,0,14,25.01857,121.54247
2026-09-25 17:58:52,09/25 17:58,500119086,YouBike2.0_臺大圖資系館北側,臺大公館校區,1,51,4,47,25.01804,121.53928
2026-09-25 17:58:52,09/25 17:58,500119087,YouBike2.0_臺大總圖書館西南側,臺大公館校區,1,73,3,70,25.0169,121.54031
2026-09-25 17:58:52,09/25 17:58,500119088,YouBike2.0_臺大黑森林西側,臺大公館校區,1,35,0,35,25.01995,121.54347
2026-09-25 17:58:52,09/25 17:58,500119089,YouBike2.0_臺大獸醫館南側,臺大公館校區,1,24,0,24,25.01791,121.54242
2026-09-25 17:58:52,09/25 17:58,500119090,YouBike2.0_臺大新體育館東南側,臺大公館校區,1,51,4,47,25.02112,121.53591
2026-09-25 17:58:52,09/25 17:58,500119091,YouBike2.0_臺大明達館北側(員工宿舍),臺大公館校區,1,93,1,92,25.01816,121.54469
2026-09-25 17:58:52,09/25 17:58,500119092,YouBike2.0_臺大管理學院一館,臺大公館校區,1,17,0,16,25.01436,121.53828
2026-09-25 17:58:52,09/25 17:58,500119093,YouBike2.0_臺大禮賢樓西側,臺大公館校區,1,36,8,28,25.01467,121.53765
2026-09-25 17:58:52,09/25 17:58,500119094,YouBike2.0_臺大大一女餐廳廣場,臺大公館校區,1,40,21,2,25.01479,121.53494
2026-09-25 17:58:52,09/25 17:58,500119095,YouBike2.0_臺大學新館,臺大公館校區,1,33,1,32,25.01944,121.54339
2026-09-25 17:58:52,09/25 17:58,500119096,YouBike2.0_臺大水源舍區C棟,臺大公館校區,1,99,1,97,25.01547,121.52892
2026-09-25 17:58:52,09/25 17:58,500119097,YouBike2.0_臺大人文館,臺大公館校區,1,67,15,52,25.0182,121.53476
2026-09-25 17:58:52,09/25 17:58,500119098,YouBike2.0_臺大數學研究中心(東側),臺大公館校區,1,62,0,62,25.02004,121.53881
2026-09-25 17:58:52,09/25 17:58,500119099,YouBike2.0_臺大博理館北側,臺大公館校區,1,36,0,36,25.01945,121.54245
2026-09-25 17:58:52,09/25 17:58,500119100,YouBike2.0_臺大博理館東側,臺大公館校區,1,24,0,24,25.01929,121.54264
2026-09-25 17:58:52,09/25 17:58,500119101,YouBike2.0_臺大德田館東北側,臺大公館校區,1,56,4,52,25.01976,121.54197
2026-09-25 17:58:52,09/25 17:58,500119102,YouBike2.0_臺大普通教學館東側,臺大公館校區,1,42,1,41,25.01861,121.53717
2026-09-25 17:58:52,09/25 17:58,500119103,YouBike2.0_臺大次震宇宙館西側,臺大公館校區,1,34,9,24,25.02162,121.537
2026-09-25 23:28:52,09/25 23:28,500101001,YouBike2.0_捷運科技大樓站,大安區,1,28,8,20,25.02605,121.5436
2026-09-25 23:28:52,09/25 23:28,500101002,YouBike2.0_復興南路二段273號前,大安區,1,21,10,11,25.02565,121.54357
2026-09-25 23:28:52,09/25 23:28,500101003,YouBike2.0_國北教大實小東側門,大安區,1,28,22,6,25.02429,121.54124
2026-09-25 23:28:52,09/25 23:28,500101004,YouBike2.0_和平公園東側,大安區,1,11,10,1,25.02351,121.54282
2026-09-25 23:28:52,09/25 23:28,500101005,YouBike2.0_辛亥復興路口西北側,大安區,1,16,10,6,25.02153,121.54299
2026-09-25 23:28:52,09/25 23:28,500101006,YouBike2.0_復興南路二段280號前,大安區,1,27,3,24,25.02429,121.54328
2026-09-25 23:28:52,09/25 23:28,500101007,YouBike2.0_復興南路二段340巷口,大安區,1,11,6,5,25.02253,121.54326
2026-09-25 23:28:52,09/25 23:28,500101008,YouBike2.0_新生南路三段52號前,大安區,1,17,6,10,25.02112,121.53407
2026-09-25 23:28:52,09/25 23:28,500101009,YouBike2.0_新生南路三段66號前,大安區,1,16,4,11,25.01976,121.53384
2026-09-25 23:28:52,09/25 23:28,500101010,YouBike2.0_新生南路三段82號前,大安區,1,20,1,19,25.01894,121.53361
2026-09-25 23:28:52,09/25 23:28,500101012,YouBike2.0_辛亥路一段30號前,大安區,1,8,3,5,25.01986,121.52982
2026-09-25 23:28:52,09/25 23:28,500101013,YouBike2.0_和平復興路口西北側,大安區,1,9,0,8,25.02543,121.54332
2026-09-25 23:28:52,09/25 23:28,500101014,YouBike2.0_羅斯福路三段311號前,大安區,1,11,1,9,25.01717,121.53202
2026-09-25 23:28:52,09/25 23:28,500101015,YouBike2.0_大安運動中心停車場,大安區,1,19,4,15,25.02089,121.54697
2026-09-25 23:28:52,09/25 23:28,500101016,YouBike2.0_羅斯福路三段245號前,大安區,1,8,1,6,25.01927,121.52989
2026-09-25 23:28:52,09/25 23:28,500101018,YouBike2.0_溫州公園,大安區,1,11,8,3,25.01895,121.53156
2026-09-25 23:28:52,09/25 23:28,500101019,YouBike2.0_和平臥龍街口,大安區,1,24,14,10,25.024461,121.546705
2026-09-25 23:28:52,09/25 23:28,500101020,YouBike2.0_溫州停車場,大安區,0,5,0,0,25.02093,121.5331
2026-09-25 23:28:52,09/25 23:28,500101021,YouBike2.0_銘傳國小側門,大安區,1,7,1,6,25.01385,121.53549
2026-09-25 23:28:52,09/25 23:28,500101022,YouBike2.0_捷運公館站(2號出口),大安區,1,99,2,93,25.01491,121.53438
2026-09-25 23:28:52,09/25 23:28,500101023,YouBike2.0_第二學生活動中心,大安區,1,87,1,84,25.01244,121.53661
2026-09-25 23:28:52,09/25 23:28,500101024,YouBike2.0_臺灣科技大學正門,大安區,1,50,5,45,25.01451,121.54142
2026-09-25 23:28:52,09/25 23:28,500101025,YouBike2.0_臺灣科技大學側門,大安區,1,97,9,88,25.01295,121.53973
2026-09-25 23:28:52,09/25 23:28,500101026,YouBike2.0_公館公園,大安區,1,51,21,30,25.01137,121.54062
2026-09-25 23:28:52,09/25 23:28,500101027,YouBike2.0_臺灣科技大學後門,大安區,1,99,86,13,25.01182,121.54165
2026-09-25 23:28:52,09/25 23:28,500101028,YouBike2.0_臺大醫學院附設癌醫中心,大安區,1,20,10,10,25.01426,121.54382
2026-09-25 23:28:52,09/25 23:28,500101029,YouBike2.0_臺大環研大樓,大安區,1,41,9,31,25.01234,121.54503
2026-09-25 23:28:52,09/25 23:28,500101030,YouBike2.0_臺大永齡生醫工程館,大安區,1,34,8,25,25.0136,121.54656
2026-09-25 23:28:52,09/25 23:28,500101031,YouBike2.0_臺大男七舍前,大安區,1,20,3,17,25.01537,121.54698
2026-09-25 23:28:52,09/25 23:28,500101032,YouBike2.0_臺大男一舍前,大安區,1,61,57,4,25.01637,121.54535
2026-09-25 23:28:52,09/25 23:28,500101033,YouBike2.0_臺大男六舍前,大安區,1,40,26,14,25.01664,121.5452
2026-09-25 23:28:52,09/25 23:28,500101034,YouBike2.0_臺大動物醫院前,大安區,1,18,4,13,25.01576,121.54291
2026-09-25 23:28:52,09/25 23:28,500101035,YouBike2.0_臺大土木研究大樓前,大安區,1,24,3,19,25.01787,121.5476
2026-09-25 23:28:52,09/25 23:28,500101036,YouBike2.0_臺大萬才館前,大安區,1,20,2,18,25.02032,121.54497
2026-09-25 23:28:52,09/25 23:28,500101037,YouBike2.0_臺大國青大樓宿舍前,大安區,1,20,13,7,25.02076,121.54432
2026-09-25 23:28:52,09/25 23:28,500101038,YouBike2.0_臺大社科院圖書館前,大安區,1,27,1,25,25.02101,121.54284
2026-09-25 23:28:52,09/25 23:28,500101039,YouBike2.0_臺大法人語言訓練中心前,大安區,1,28,1,26,25.02104,121.54081
2026-09-25 23:28:52,09/25 23:28,500101040,YouBike2.0_臺大綜合體育館停車場前,大安區,1,25,0,23,25.0222,121.53626
2026-09-25 23:28:52,09/25 23:28,500101041,YouBike2.0_辛亥新生路口東南側,大安區,1,50,8,42,25.02218,121.53474
2026-09-25 23:28:52,09/25 23:28,500101042,YouBike2.0_基隆長興路口東側,大安區,1,15,11,4,25.01727,121.54471
2026-09-25 23:28:52,09/25 23:28,500101091,YouBike2.0_國北教大側門南側,大安區,1,34,4,30,25.022864,121.546622
2026-09-25 23:28:52,09/25 23:28,500101092,YouBike2.0_和平實小東北側,大安區,1,25,10,15,25.021641,121.54704
2026-09-25 23:28:52,09/25 23:28,500101093,YouBike2.0_大安區健康服務中心,大安區,1,23,2,21,25.021469,121.544069
2026-09-25 23:28:52,09/25 23:28,500101094,YouBike2.0_辛亥泰順街口,大安區,1,20,20,0,25.02193,121.53165
2026-09-25 23:28:52,09/25 23:28,500101095,YouBike2.0_臺北市芳和實驗中學,大安區,1,76,23,53,25.0189,121.55013
2026-09-25 23:28:52,09/25 23:28,500101097,YouBike2.0_臥龍樂業街口,大安區,1,64,21,42,25.01856,121.55558
2026-09-25 23:28:52,09/25 23:28,500101098,YouBike2.0_臥龍公園,大安區,1,25,3,22,25.01623,121.55037
2026-09-25 23:28:52,09/25 23:28,500101099,YouBike2.0_嘉興公園,大安區,1,44,32,12,25.021,121.55211
2026-09-25 23:28:52,09/25 23:28,500101100,YouBike2.0_捷運麟光站(2號出口),大安區,1,69,4,65,25.0181,121.55929
2026-09-25 23:28:52,09/25 23:28,500101101,YouBike2.0_捷運六張犁站,大安區,1,64,17,46,25.02397,121.55266
2026-09-25 23:28:52,09/25 23:28,500101102,YouBike2.0_喬治工商,大安區,1,22,19,2,25.02705,121.55551
2026-09-25 23:28:52,09/25 23:28,500101103,YouBike2.0_法治公園,大安區,1,41,13,28,25.02694,121.55325
2026-09-25 23:28:52,09/25 23:28,500101104,YouBike2.0_捷運臺電大樓站(2號出口),大安區,1,18,1,17,25.02021,121.52942
2026-09-25 23:28:52,09/25 23:28,500101105,YouBike2.0_和平金山路口,大安區,1,58,3,54,25.02669,121.52529
2026-09-25 23:28:52,09/25 23:28,500101107,YouBike2.0_和平龍泉街口,大安區,1,34,31,2,25.02638,121.52971
2026-09-25 23:28:52,09/25 23:28,500101108,YouBike2.0_和平泰順街口,大安區,1,19,16,2,25.02621,121.53171
2026-09-25 23:28:52,09/25 23:28,500101109,YouBike2.0_臺灣師範大學(圖書館),大安區,1,40,30,8,25.0266,121.52973
2026-09-25 23:28:52,09/25 23:28,500101110,YouBike2.0_捷運古亭站(6號出口),大安區,1,60,6,53,25.0276,121.52217
2026-09-25 23:28:52,09/25 23:28,500101111,YouBike2.0_捷運古亭站(5號出口),大安區,0,14,0,0,25.02715,121.52293
2026-09-25 23:28:52,09/25 23:28,500101113,YouBike2.0_臺北市立圖書館(總館),大安區,1,99,57,42,25.02895,121.5379
2026-09-25 23:28:52,09/25 23:28,500101114,YouBike2.0_新生和平路口東北側,大安區,1,51,2,48,25.02657,121.53515
2026-09-25 23:28:52,09/25 23:28,500101115,YouBike2.0_建國和平路口西北側,大安區,1,50,8,42,25.02606,121.53738
2026-09-25 23:28:52,09/25 23:28,500101116,YouBike2.0_金華公園,大安區,1,44,6,35,25.02984,121.53107
2026-09-25 23:28:52,09/25 23:28,500101117,YouBike2.0_捷運東門站(3號出口),大安區,0,18,0,0,25.03383,121.52815
2026-09-25 23:28:52,09/25 23:28,500101118,YouBike2.0_金甌女中,大安區,1,15,4,11,25.03519,121.5245
2026-09-25 23:28:52,09/25 23:28,500101119,YouBike2.0_金杭公園,大安區,1,20,15,5,25.03325,121.52436
2026-09-25 23:28:52,09/25 23:28,500101120,YouBike2.0_愛國金山路口,大安區,1,57,1,54,25.03164,121.52661
2026-09-25 23:28:52,09/25 23:28,500101122,YouBike2.0_敦化南路二段293巷口南側,大安區,1,14,5,8,25.0237,121.54899
2026-09-25 23:28:52,09/25 23:28,500101123,YouBike2.0_敦化基隆路口,大安區,1,38,20,18,25.02215,121.54839
2026-09-25 23:28:52,09/25 23:28,500101124,YouBike2.0_安和路二段181巷口,大安區,1,29,0,29,25.02721,121.54988
2026-09-25 23:28:52,09/25 23:28,500101125,YouBike2.0_臨江街夜市(通化街101巷口),大安區,1,30,14,9,25.02952,121.55406
2026-09-25 23:28:52,09/25 23:28,500101126,YouBike2.0_臨江街夜市(基隆路),大安區,1,29,11,17,25.02931,121.55721
2026-09-25 23:28:52,09/25 23:28,500101127,YouBike2.0_台北科技大學億光大樓,大安區,1,59,3,54,25.04177,121.53833
2026-09-25 23:28:52,09/25 23:28,500101128,YouBike2.0_新生南路一段119巷口,大安區,1,64,3,61,25.04003,121.53299
2026-09-25 23:28:52,09/25 23:28,500101129,YouBike2.0_幸安國小(仁愛路),大安區,1,28,15,10,25.03753,121.53523
2026-09-25 23:28:52,09/25 23:28,500101130,YouBike2.0_民榮公園,大安區,1,31,26,5,25.03534,121.5354
2026-09-25 23:28:52,09/25 23:28,500101131,YouBike2.0_復興南路1段340巷口,大安區,1,50,4,45,25.03701,121.54348
2026-09-25 23:28:52,09/25 23:28,500101132,YouBike2.0_建國濟南路口,大安區,1,54,2,51,25.03935,121.53828
2026-09-25 23:28:52,09/25 23:28,500101133,YouBike2.0_捷運忠孝復興站(2號出口),大安區,1,29,2,27,25.04035,121.5436
2026-09-25 23:28:52,09/25 23:28,500101134,YouBike2.0_捷運大安站(4號出口),大安區,1,16,1,14,25.0332,121.5439
2026-09-25 23:28:52,09/25 23:28,500101135,YouBike2.0_捷運大安站(2號出口),大安區,1,60,6,54,25.03358,121.54141
2026-09-25 23:28:52,09/25 23:28,500101136,YouBike2.0_信義大安路口(信維大樓),大安區,1,18,2,16,25.03317,121.54639
2026-09-25 23:28:52,09/25 23:28,500101137,YouBike2.0_龍門廣場,大安區,1,70,7,61,25.04092,121.54825
2026-09-25 23:28:52,09/25 23:28,500101138,YouBike2.0_仁愛安和路口,大安區,1,33,6,27,25.03754,121.55285
2026-09-25 23:28:52,09/25 23:28,500101139,YouBike2.0_信義敦化路口,大安區,1,52,13,39,25.03333,121.54977
2026-09-25 23:28:52,09/25 23:28,500101140,YouBike2.0_仁愛國中,大安區,1,25,5,20,25.03706,121.55166
2026-09-25 23:28:52,09/25 23:28,500101141,YouBike2.0_捷運信義安和站(2號出口),大安區,1,24,3,20,25.03304,121.55171
2026-09-25 23:28:52,09/25 23:28,500101142,YouBike2.0_八德市場,大安區,1,30,9,21,25.04463,121.53665
2026-09-25 23:28:52,09/25 23:28,500101143,YouBike2.0_昌隆公園,大安區,1,16,13,3,25.04448,121.53946
2026-09-25 23:28:52,09/25 23:28,500101144,YouBike2.0_捷運大安森林公園站(2號出口),大安區,1,69,19,48,25.03332,121.53435
2026-09-25 23:28:52,09/25 23:28,500101145,YouBike2.0_信義延吉街口,大安區,1,15,7,8,25.03318,121.55725
2026-09-25 23:28:52,09/25 23:28,500101146,YouBike2.0_光信公園(光復南路456巷),大安區,1,25,11,14,25.03513,121.5561
2026-09-25 23:28:52,09/25 23:28,500101147,YouBike2.0_僑安地下停車場(2號出口)東南側,大安區,1,28,16,9,25.0391,121.5569
2026-09-25 23:28:52,09/25 23:28,500101148,YouBike2.0_建國南路一段279巷口,大安區,1,62,26,36,25.03635,121.53833
2026-09-25 23:28:52,09/25 23:28,500101149,YouBike2.0_捷運忠孝新生站(6號出口),大安區,1,35,3,31,25.04091,121.53295
2026-09-25 23:28:52,09/25 23:28,500101150,YouBike2.0_捷運忠孝新生站(4號出口),大安區,1,46,2,42,25.04239,121.53324
2026-09-25 23:28:52,09/25 23:28,500101151,YouBike2.0_大安高工,大安區,1,23,6,15,25.03126,121.54339
2026-09-25 23:28:52,09/25 23:28,500101152,YouBike2.0_捷運忠孝新生站(3號出口),大安區,1,43,1,41,25.04189,121.53376
2026-09-25 23:28:52,09/25 23:28,500101153,YouBike2.0_瑠公公園,大安區,1,20,7,12,25.04201,121.54612
2026-09-25 23:28:52,09/25 23:28,500101154,YouBike2.0_敦化市民路口,大安區,1,23,14,9,25.04405,121.5486
2026-09-25 23:28:52,09/25 23:28,500101155,YouBike2.0_捷運大安森林公園站(5號出口),大安區,1,15,0,15,25.03336,121.5364
2026-09-25 23:28:52,09/25 23:28,500101156,YouBike2.0_信義建國路口,大安區,1,52,2,49,25.0328,121.53746
2026-09-25 23:28:52,09/25 23:28,500101157,YouBike2.0_東豐公園,大安區,1,19,10,8,25.03569,121.5451
2026-09-25 23:28:52,09/25 23:28,500101158,YouBike2.0_德安公園(四維路66巷),大安區,1,22,9,13,25.03473,121.54767
2026-09-25 23:28:52,09/25 23:28,500101159,YouBike2.0_捷運忠孝復興站(5號出口),大安區,1,30,0,27,25.04253,121.54407
2026-09-25 23:28:52,09/25 23:28,500101160,YouBike2.0_捷運忠孝敦化站(2號出口),大安區,1,17,2,14,25.04153,121.5524
2026-09-25 23:28:52,09/25 23:28,500101161,YouBike2.0_捷運忠孝敦化站(7號出口),大安區,1,18,4,14,25.04159,121.54937
2026-09-25 23:28:52,09/25 23:28,500101162,YouBike2.0_忠孝東路四段223巷口(市民大道側),大安區,1,49,19,30,25.04427,121.55291
2026-09-25 23:28:52,09/25 23:28,500101163,YouBike2.0_瑞安街208巷,大安區,1,15,2,11,25.02979,121.54053
2026-09-25 23:28:52,09/25 23:28,500101165,YouBike2.0_樂利路21巷口,大安區,1,17,8,8,25.0277,121.55132
2026-09-25 23:28:52,09/25 23:28,500101166,YouBike2.0_捷運科技大樓站(台北教育大學),大安區,1,54,35,19,25.02472,121.54417
2026-09-25 23:28:52,09/25 23:28,500101167,YouBike2.0_捷運國父紀念館站(2號出口),大安區,1,62,1,58,25.04122,121.55745
2026-09-25 23:28:52,09/25 23:28,500101168,YouBike2.0_仁愛醫院,大安區,1,36,2,33,25.03756,121.54587
2026-09-25 23:28:52,09/25 23:28,500101169,YouBike2.0_捷運信義安和站(4號出口),大安區,1,49,19,29,25.03305,121.55378
2026-09-25 23:28:52,09/25 23:28,500101170,YouBike2.0_成功國宅,大安區,1,36,27,8,25.02681,121.54668
2026-09-25 23:28:52,09/25 23:28,500101171,YouBike2.0_仁愛延吉街口,大安區,1,33,20,10,25.03748,121.55564
2026-09-25 23:28:52,09/25 23:28,500101172,YouBike2.0_捷運信義安和站(1號出口),大安區,1,49,1,48,25.03331,121.55265
2026-09-25 23:28:52,09/25 23:28,500101173,YouBike2.0_敦化南路二段103巷口,大安區,1,24,6,18,25.0287,121.54904
2026-09-25 23:28:52,09/25 23:28,500101174,YouBike2.0_復興南路二段128巷口,大安區,1,31,16,13,25.02861,121.54336
2026-09-25 23:28:52,09/25 23:28,500101175,YouBike2.0_和平東建國南路口,大安區,1,17,4,13,25.02575,121.5377
2026-09-25 23:28:52,09/25 23:28,500101176,YouBike2.0_芳蘭山莊,大安區,1,16,5,11,25.01223,121.54788
2026-09-25 23:28:52,09/25 23:28,500101177,YouBike2.0_復興南路一段126巷口,大安區,1,15,1,12,25.04311,121.54313
2026-09-25 23:28:52,09/25 23:28,500101179,YouBike2.0_捷運東門站(5號出口),大安區,1,28,0,27,25.03363,121.52962
2026-09-25 23:28:52,09/25 23:28,500101180,YouBike2.0_仁愛路四段48巷口,大安區,1,12,5,7,25.03597,121.54693
2026-09-25 23:28:52,09/25 23:28,500101181,YouBike2.0_捷運公館站(3號出口),大安區,1,99,0,94,25.01551,121.53374
2026-09-25 23:28:52,09/25 23:28,500101182,YouBike2.0_臺北科技大學(電機工程系),大安區,1,34,16,18,25.04196,121.53653
2026-09-25 23:28:52,09/25 23:28,500101184,YouBike2.0_新生南路三段94巷口,大安區,1,15,2,13,25.01744,121.53334
2026-09-25 23:28:52,09/25 23:28,500101185,YouBike2.0_辛亥新生路口西北側,大安區,1,41,30,8,25.02267,121.5341
2026-09-25 23:28:52,09/25 23:28,500101186,YouBike2.0_捷運大安站(6號出口),大安區,1,29,7,22,25.03479,121.54376
2026-09-25 23:28:52,09/25 23:28,500101187,YouBike2.0_臥龍街195巷口,大安區,1,14,10,4,25.01783,121.55224
2026-09-25 23:28:52,09/25 23:28,500101188,YouBike2.0_辛亥路三段157巷口,大安區,1,27,14,13,25.01727,121.54904
2026-09-25 23:28:52,09/25 23:28,500101189,YouBike2.0_臥龍基隆路口,大安區,1,25,2,23,25.02039,121.54853
2026-09-25 23:28:52,09/25 23:28,500101190,YouBike2.0_敦親公園,大安區,1,26,26,0,25.02347,121.54108
2026-09-25 23:28:52,09/25 23:28,500101191,YouBike2.0_大安運動中心,大安區,1,40,2,38,25.02054,121.54561
2026-09-25 23:28:52,09/25 23:28,500101192,YouBike2.0_和平敦化路口,大安區,1,36,23,13,25.02444,121.54908
2026-09-25 23:28:52,09/25 23:28,500101193,YouBike2.0_基隆長興路口,大安區,1,51,14,37,25.01705,121.54435
2026-09-25 23:28:52,09/25 23:28,500101194,YouBike2.0_仁愛路四段122巷口,大安區,1,25,5,20,25.03762,121.55009
2026-09-25 23:28:52,09/25 23:28,500101196,YouBike2.0_市民敦化路口,大安區,1,62,12,47,25.04464,121.54944
2026-09-25 23:28:52,09/25 23:28,500101197,YouBike2.0_忠孝東路四段49巷口,大安區,1,15,0,15,25.04172,121.54541
2026-09-25 23:28:52,09/25 23:28,500101198,YouBike2.0_市民復興路口(東南側),大安區,1,26,9,17,25.04472,121.54401
2026-09-25 23:28:52,09/25 23:28,500101199,YouBike2.0_和平新生路口西南側,大安區,1,24,23,0,25.02604,121.534
2026-09-25 23:28:52,09/25 23:28,500101200,YouBike2.0_全安公園,大安區,1,16,4,11,25.02535,121.55101
2026-09-25 23:28:52,09/25 23:28,500101201,YouBike2.0_信義路三段134巷口,大安區,1,28,3,25,25.03333,121.53968
2026-09-25 23:28:52,09/25 23:28,500101202,YouBike2.0_仁愛敦南圓環(東南側),大安區,1,16,13,3,25.03715,121.54936
2026-09-25 23:28:52,09/25 23:28,500101203,YouBike2.0_臺北遠企購物中心,大安區,1,33,7,25,25.02709,121.54902
2026-09-25 23:28:52,09/25 23:28,500101204,YouBike2.0_外交部外交及國際事務學院,大安區,1,26,4,21,25.0371,121.54839
2026-09-25 23:28:52,09/25 23:28,500101205,YouBike2.0_四維路170巷口,大安區,1,22,6,16,25.02821,121.54864
2026-09-25 23:28:52,09/25 23:28,500101206,YouBike2.0_捷運大安站(3號出口),大安區,1,46,5,40,25.03328,121.5425
2026-09-25 23:28:52,09/25 23:28,500101207,YouBike2.0_捷運臺電大樓站(2號出口)_1,大安區,1,38,3,34,25.02055,121.52855
2026-09-25 23:28:52,09/25 23:28,500101208,YouBike2.0_信義路四段199巷,大安區,1,21,9,12,25.03459,121.55164
2026-09-25 23:28:52,09/25 23:28,500101209,YouBike2.0_臺大資訊大樓,大安區,1,76,1,72,25.02101,121.54153
2026-09-25 23:28:52,09/25 23:28,500101210,YouBike2.0_敦化南路二段81巷,大安區,1,40,12,28,25.03002,121.54893
2026-09-25 23:28:52,09/25 23:28,500101211,YouBike2.0_原臺北刑務所官舍,大安區,1,23,20,3,25.03054,121.52466
2026-09-25 23:28:52,09/25 23:28,500101212,YouBike2.0_捷運國父紀念館站(1號出口),大安區,1,24,0,23,25.04205,121.55657
2026-09-25 23:28:52,09/25 23:28,500101213,YouBike2.0_懷生國中,大安區,1,24,0,24,25.0401,121.54122
2026-09-25 23:28:52,09/25 23:28,500101214,YouBike2.0_仁愛敦南圓環(西北側),大安區,1,20,7,10,25.03827,121.54802
2026-09-25 23:28:52,09/25 23:28,500101215,YouBike2.0_立人國小,大安區,1,17,15,2,25.02974,121.55146
2026-09-25 23:28:52,09/25 23:28,500101216,YouBike2.0_和平東路二段18巷口,大安區,1,24,19,2,25.02268,121.53608
2026-09-25 23:28:52,09/25 23:28,500101217,YouBike2.0_捷運大安站(5號出口),大安區,1,26,16,9,25.03303,121.54372
2026-09-25 23:28:52,09/25 23:28,500101218,YouBike2.0_臨江公園,大安區,1,23,14,9,25.02832,121.55592
2026-09-25 23:28:52,09/25 23:28,500101219,YouBike2.0_羅斯福路四段113巷19弄口,大安區,1,14,6,8,25.01027,121.53998
2026-09-25 23:28:52,09/25 23:28,500101221,YouBike2.0_忠孝東路四段248巷口,大安區,1,25,1,23,25.04132,121.55393
2026-09-25 23:28:52,09/25 23:28,500101222,YouBike2.0_仁愛延吉路口(西北側),大安區,1,24,8,15,25.03795,121.55466
2026-09-25 23:28:52,09/25 23:28,500101223,YouBike2.0_樂利路101巷口,大安區,1,13,5,5,25.02528,121.55224
2026-09-25 23:28:52,09/25 23:28,500101224,YouBike2.0_羅斯福浦城街口,大安區,1,25,22,3,25.02208,121.52678
2026-09-25 23:28:52,09/25 23:28,500101225,YouBike2.0_敦化南路一段295巷口,大安區,1,18,17,1,25.03551,121.54951
2026-09-25 23:28:52,09/25 23:28,500101226,YouBike2.0_通安區民活動中心,大安區,1,24,16,7,25.02942,121.55294
2026-09-25 23:28:52,09/25 23:28,500101227,YouBike2.0_復興忠孝東路口(東南側),大安區,1,28,10,18,25.04061,121.54389
2026-09-25 23:28:52,09/25 23:28,500101228,YouBike2.0_仁愛大安路口(東北側),大安區,1,21,14,7,25.03813,121.54631
2026-09-25 23:28:52,09/25 23:28,500101229,YouBike2.0_臺灣師範大學(浦城街),大安區,1,20,19,0,25.02476,121.52803
2026-09-25 23:28:52,09/25 23:28,500101230,YouBike2.0_安和路二段69巷口,大安區,1,20,1,19,25.03056,121.55252
2026-09-25 23:28:52,09/25 23:28,500101231,YouBike2.0_大安國小,大安區,1,25,25,0,25.02014,121.55084
2026-09-25 23:28:52,09/25 23:28,500101232,YouBike2.0_捷運古亭站(3號出口),大安區,1,15,0,15,25.02572,121.52359
2026-09-25 23:28:52,09/25 23:28,500101233,YouBike2.0_捷運忠孝復興站(3號出口),大安區,1,37,2,35,25.04152,121.54414
2026-09-25 23:28:52,09/25 23:28,500101234,YouBike2.0_和平東路二段90巷,大安區,1,20,10,10,25.02468,121.53965
2026-09-25 23:28:52,09/25 23:28,500101235,YouBike2.0_光復南路420巷口,大安區,1,16,14,2,25.03601,121.55742
2026-09-25 23:28:52,09/25 23:28,500101236,YouBike2.0_富陽臥龍街口,大安區,1,18,7,11,25.0187,121.55688
2026-09-25 23:28:52,09/25 23:28,500101237,YouBike2.0_仁愛復興路口,大安區,1,29,3,26,25.03817,121.544
2026-09-25 23:28:52,09/25 23:28,500101238,YouBike2.0_仁愛敦南圓環(東側),大安區,1,26,14,12,25.03804,121.55042
2026-09-25 23:28:52,09/25 23:28,500101239,YouBike2.0_古風公園,大安區,1,15,9,4,25.02187,121.52912
2026-09-25 23:28:52,09/25 23:28,500101240,YouBike2.0_和平東路二段76巷,大安區,1,40,29,11,25.02263,121.53906
2026-09-25 23:28:52,09/25 23:28,500101241,YouBike2.0_敦化信義路口(東南側),大安區,1,20,4,16,25.03276,121.54907
2026-09-25 23:28:52,09/25 23:28,500101242,YouBike2.0_和平東路三段308巷口,大安區,1,14,6,7,25.01883,121.5544
2026-09-25 23:28:52,09/25 23:28,500101243,YouBike2.0_忠孝建國路口(東南側),大安區,1,21,4,17,25.04159,121.5378
2026-09-25 23:28:52,09/25 23:28,500101244,YouBike2.0_浦城街26巷,大安區,1,17,15,2,25.02324,121.52618
2026-09-25 23:28:52,09/25 23:28,500101245,YouBike2.0_青峰活動中心,大安區,1,25,4,20,25.01524,121.55121
2026-09-25 23:28:52,09/25 23:28,500101246,YouBike2.0_忠孝東路三段216巷口,大安區,1,28,2,25,25.04157,121.5402
2026-09-25 23:28:52,09/25 23:28,500101247,YouBike2.0_捷運忠孝復興站(4號出口),大安區,1,25,0,24,25.04173,121.54412
2026-09-25 23:28:52,09/25 23:28,500101248,YouBike2.0_和平溫州街口,大安區,1,23,22,1,25.02634,121.53342
2026-09-25 23:28:52,09/25 23:28,500101250,YouBike2.0_國立臺北教育大學創意館,大安區,1,32,7,25,25.02305,121.54394
2026-09-25 23:28:52,09/25 23:28,500101251,YouBike2.0_捷運忠孝復興站(1號出口),大安區,1,27,4,22,25.04199,121.54362
2026-09-25 23:28:52,09/25 23:28,500101252,YouBike2.0_政大公企中心,大安區,1,13,5,8,25.03076,121.52781
2026-09-25 23:28:52,09/25 23:28,500101253,YouBike2.0_大安路二段90巷口,大安區,1,19,2,17,25.03117,121.54602
2026-09-25 23:28:52,09/25 23:28,500101254,YouBike2.0_師大附中運動中心,大安區,1,33,14,19,25.03626,121.53997
2026-09-25 23:28:52,09/25 23:28,500101255,YouBike2.0_錦安區民活動中心,大安區,1,20,12,7,25.02846,121.52935
2026-09-25 23:28:52,09/25 23:28,500101256,YouBike2.0_敦化基隆路口(東北側),大安區,1,22,12,10,25.02196,121.54899
2026-09-25 23:28:52,09/25 23:28,500101257,YouBike2.0_龍圖公園,大安區,1,20,16,4,25.0305,121.54184
2026-09-25 23:28:52,09/25 23:28,500101258,YouBike2.0_新生南路二段54巷口,大安區,1,26,1,24,25.02878,121.53412
2026-09-25 23:28:52,09/25 23:28,500101259,YouBike2.0_臺靜農人文會館,大安區,1,12,11,1,25.02462,121.53347
2026-09-25 23:28:52,09/25 23:28,500101260,YouBike2.0_建國南路二段瑞安街264巷口,大安區,1,33,10,23,25.02716,121.53782
2026-09-25 23:28:52,09/25 23:28,500101261,YouBike2.0_辛亥路一段77巷口,大安區,1,22,6,16,25.02128,121.53034
2026-09-25 23:28:52,09/25 23:28,500101262,YouBike2.0_愛國東路210巷口,大安區,1,34,5,28,25.03187,121.52407
2026-09-25 23:28:52,09/25 23:28,500101264,YouBike2.0_金華國中,大安區,1,21,6,15,25.03165,121.53306
2026-09-25 23:28:52,09/25 23:28,500101265,YouBike2.0_羅斯福路三段283巷,大安區,1,18,6,12,25.02017,121.53178
2026-09-25 23:28:52,09/25 23:28,500101266,YouBike2.0_臺科大側門(基隆路四段73巷),大安區,0,35,0,35,25.01291,121.53967
2026-09-25 23:28:52,09/25 23:28,500101267,YouBike2.0_黎和公園,大安區,1,15,8,6,25.01663,121.56011
2026-09-25 23:28:52,09/25 23:28,500101268,YouBike2.0_信義四維路口,大安區,1,19,6,13,25.03341,121.54796
2026-09-25 23:28:52,09/25 23:28,500101269,YouBike2.0_和平高中(辛亥基隆路口),大安區,1,55,3,52,25.01917,121.54708
2026-09-25 23:28:52,09/25 23:28,500101270,YouBike2.0_和平東路二段107巷口,大安區,1,12,5,7,25.02555,121.53951
2026-09-25 23:28:52,09/25 23:28,500101271,YouBike2.0_信義金山路口(西南側),大安區,1,12,1,11,25.03407,121.52682
2026-09-25 23:28:52,09/25 23:28,500101272,YouBike2.0_金華國中(新生南路二段30巷),大安區,1,15,4,9,25.03137,121.5313
2026-09-25 23:28:52,09/25 23:28,500101273,YouBike2.0_羅斯福路四段123巷,大安區,1,15,5,10,25.01036,121.53752
2026-09-25 23:28:52,09/25 23:28,500101274,YouBike2.0_捷運科技大樓站(2號出口),大安區,1,72,12,59,25.02592,121.54328
2026-09-25 23:28:52,09/25 23:28,500101276,YouBike2.0_羅斯福新生南路口,大安區,1,32,2,30,25.01604,121.53316
2026-09-25 23:28:52,09/25 23:28,500101277,YouBike2.0_金山南路二段156巷口,大安區,1,16,10,6,25.02877,121.52618
2026-09-25 23:28:52,09/25 23:28,500101279,YouBike2.0_和平金山路口(西北側),大安區,1,10,3,7,25.02693,121.5258
2026-09-25 23:28:52,09/25 23:28,500101280,YouBike2.0_大安11號綠地,大安區,1,12,4,8,25.02283,121.55363
2026-09-25 23:28:52,09/25 23:28,500103001,YouBike2.0_延平國宅,大同區,1,41,25,13,25.07894,121.51121
2026-09-25 23:28:52,09/25 23:28,500103002,YouBike2.0_臺北市立圖書館大同分館,大同區,1,57,18,39,25.0741,121.51349
2026-09-25 23:28:52,09/25 23:28,500103003,YouBike2.0_合昌宮,大同區,1,15,13,2,25.07717,121.50934
2026-09-25 23:28:52,09/25 23:28,500103004,YouBike2.0_民族延平路口,大同區,1,36,26,4,25.06864,121.5107
2026-09-25 23:28:52,09/25 23:28,500103005,YouBike2.0_重慶酒泉街口,大同區,1,44,33,10,25.07158,121.51368
2026-09-25 23:28:52,09/25 23:28,500103006,YouBike2.0_樹德公園,大同區,1,14,8,6,25.06647,121.5165
2026-09-25 23:28:52,09/25 23:28,500103007,YouBike2.0_陳天來故居,大同區,1,16,8,3,25.05601,121.50895
2026-09-25 23:28:52,09/25 23:28,500103008,YouBike2.0_臺北孔廟,大同區,1,37,22,12,25.07378,121.51583
2026-09-25 23:28:52,09/25 23:28,500103009,YouBike2.0_捷運圓山站(1號出口),大同區,1,81,9,68,25.07133,121.52024
2026-09-25 23:28:52,09/25 23:28,500103010,YouBike2.0_酒泉延平路口,大同區,1,46,34,12,25.0722,121.51057
2026-09-25 23:28:52,09/25 23:28,500103011,YouBike2.0_重慶國中,大同區,1,64,25,38,25.07567,121.51862
2026-09-25 23:28:52,09/25 23:28,500103012,YouBike2.0_重慶北路三段383巷口,大同區,1,34,10,24,25.07598,121.51409
2026-09-25 23:28:52,09/25 23:28,500103013,YouBike2.0_台北數位產業園區,大同區,1,24,10,13,25.07447,121.52003
2026-09-25 23:28:52,09/25 23:28,500103019,YouBike2.0_民權延平路口(西北側),大同區,1,20,12,8,25.06326,121.51099
2026-09-25 23:28:52,09/25 23:28,500103020,YouBike2.0_民權迪化街口,大同區,1,45,12,32,25.06327,121.50943
2026-09-25 23:28:52,09/25 23:28,500103021,YouBike2.0_大稻埕公園,大同區,1,35,23,11,25.05915,121.51033
2026-09-25 23:28:52,09/25 23:28,500103022,YouBike2.0_大龍老人住宅,大同區,1,14,7,7,25.06853,121.51729
2026-09-25 23:28:52,09/25 23:28,500103023,YouBike2.0_大龍峒社會住宅,大同區,1,34,2,32,25.0708,121.51826
2026-09-25 23:28:52,09/25 23:28,500103024,YouBike2.0_捷運大橋頭站(2號出口),大同區,1,57,6,51,25.06314,121.51308
2026-09-25 23:28:52,09/25 23:28,500103025,YouBike2.0_捷運大橋頭站(1A出口),大同區,1,30,7,22,25.06325,121.51162
2026-09-25 23:28:52,09/25 23:28,500103026,YouBike2.0_捷運民權西路站(2號出口),大同區,1,25,0,25,25.06174,121.51969
2026-09-25 23:28:52,09/25 23:28,500103027,YouBike2.0_捷運雙連站(2號出口),大同區,1,41,4,35,25.05826,121.52063
2026-09-25 23:28:52,09/25 23:28,500103028,YouBike2.0_捷運北門站(3號出口),大同區,1,86,8,75,25.04991,121.5104
2026-09-25 23:28:52,09/25 23:28,500103029,YouBike2.0_朝陽公園,大同區,1,10,5,4,25.05592,121.51367
2026-09-25 23:28:52,09/25 23:28,500103030,YouBike2.0_永樂市場,大同區,1,36,4,32,25.05454,121.51052
2026-09-25 23:28:52,09/25 23:28,500103031,YouBike2.0_大龍公園,大同區,1,26,14,8,25.07049,121.51596
2026-09-25 23:28:52,09/25 23:28,500103032,YouBike2.0_重慶涼州街口,大同區,1,13,1,11,25.06054,121.51338
2026-09-25 23:28:52,09/25 23:28,500103033,YouBike2.0_圓山線形公園,大同區,1,26,7,19,25.06867,121.51993
2026-09-25 23:28:52,09/25 23:28,500103034,YouBike2.0_圓環站,大同區,1,31,27,4,25.05369,121.51418
2026-09-25 23:28:52,09/25 23:28,500103035,YouBike2.0_重慶民族路口,大同區,1,32,10,21,25.06853,121.51359
2026-09-25 23:28:52,09/25 23:28,500103036,YouBike2.0_承德路三段8巷口,大同區,1,21,1,20,25.06407,121.51822
2026-09-25 23:28:52,09/25 23:28,500103037,YouBike2.0_太原廣場,大同區,1,31,12,19,25.04925,121.51468
2026-09-25 23:28:52,09/25 23:28,500103038,YouBike2.0_國順公園,大同區,1,20,5,15,25.06594,121.51078
2026-09-25 23:28:52,09/25 23:28,500103039,YouBike2.0_聯合醫院中興院區,大同區,1,48,7,40,25.05205,121.50818
2026-09-25 23:28:52,09/25 23:28,500103040,YouBike2.0_蔣渭水紀念公園,大同區,1,47,12,35,25.06011,121.51729
2026-09-25 23:28:52,09/25 23:28,500103041,YouBike2.0_迪化休閒運動公園,大同區,1,31,15,16,25.07491,121.5115
2026-09-25 23:28:52,09/25 23:28,500103042,YouBike2.0_大同運動中心,大同區,1,16,1,15,25.06496,121.51608
2026-09-25 23:28:52,09/25 23:28,500103043,YouBike2.0_重慶保安街口(家樂福重慶店),大同區,1,20,18,2,25.05918,121.51373
2026-09-25 23:28:52,09/25 23:28,500103044,YouBike2.0_大稻埕碼頭,大同區,1,52,16,36,25.05662,121.50783
2026-09-25 23:28:52,09/25 23:28,500103045,YouBike2.0_歸綏戲曲公園,大同區,1,25,14,10,25.05805,121.51353
2026-09-25 23:28:52,09/25 23:28,500103046,YouBike2.0_民權國中(民權西路),大同區,1,25,12,13,25.06322,121.5144
2026-09-25 23:28:52,09/25 23:28,500103047,YouBike2.0_承德民權路口,大同區,1,36,5,31,25.06247,121.51839
2026-09-25 23:28:52,09/25 23:28,500103048,YouBike2.0_南京太原路口,大同區,1,29,12,14,25.05366,121.51638
2026-09-25 23:28:52,09/25 23:28,500103049,YouBike2.0_承德民生西路口,大同區,1,19,2,17,25.05756,121.51828
2026-09-25 23:28:52,09/25 23:28,500103050,YouBike2.0_太原五原路口,大同區,1,39,21,17,25.05646,121.51698
2026-09-25 23:28:52,09/25 23:28,500103051,YouBike2.0_臺北轉運站(華陰街),大同區,1,20,6,11,25.04937,121.51914
2026-09-25 23:28:52,09/25 23:28,500103052,YouBike2.0_捷運民權西路站(3號出口),大同區,1,50,4,46,25.06129,121.52021
2026-09-25 23:28:52,09/25 23:28,500103053,YouBike2.0_捷運中山站(5號出口),大同區,1,18,0,17,25.05296,121.51938
2026-09-25 23:28:52,09/25 23:28,500103054,YouBike2.0_重慶長安路口,大同區,1,21,12,9,25.0515,121.51398
2026-09-25 23:28:52,09/25 23:28,500103055,YouBike2.0_承德昌吉街口,大同區,1,18,10,7,25.06587,121.51847
2026-09-25 23:28:52,09/25 23:28,500103056,YouBike2.0_大同16號廣場,大同區,1,14,6,5,25.05658,121.50826
2026-09-25 23:28:52,09/25 23:28,500103057,YouBike2.0_捷運圓山站(2號出口),大同區,1,36,8,28,25.07182,121.51929
2026-09-25 23:28:52,09/25 23:28,500103058,YouBike2.0_樹德公園_1,大同區,1,40,17,23,25.06669,121.51615
2026-09-25 23:28:52,09/25 23:28,500103059,YouBike2.0_承德鄭州路口(市民高架下),大同區,1,38,37,1,25.04879,121.51626
2026-09-25 23:28:52,09/25 23:28,500103060,YouBike2.0_成淵高中,大同區,1,27,3,24,25.06036,121.51996
2026-09-25 23:28:52,09/25 23:28,500103061,YouBike2.0_雙蓮國小,大同區,1,20,3,17,25.06157,121.51683
2026-09-25 23:28:52,09/25 23:28,500103062,YouBike2.0_寧夏涼州街口,大同區,1,15,13,2,25.06095,121.51428
2026-09-25 23:28:52,09/25 23:28,500103063,YouBike2.0_延平涼州街口,大同區,1,14,9,5,25.06092,121.51126
2026-09-25 23:28:52,09/25 23:28,500103064,YouBike2.0_大同行政中心,大同區,1,16,8,6,25.06603,121.51481
2026-09-25 23:28:52,09/25 23:28,500103065,YouBike2.0_大龍市場,大同區,1,15,2,13,25.07473,121.51451
2026-09-25 23:28:52,09/25 23:28,500103066,YouBike2.0_南京西寧北路口(西北側),大同區,1,13,7,2,25.05348,121.50855
2026-09-25 23:28:52,09/25 23:28,500103068,YouBike2.0_哈密街23巷19弄口,大同區,1,23,14,9,25.07563,121.51815
2026-09-25 23:28:52,09/25 23:28,500103069,YouBike2.0_民權西路160巷口,大同區,1,15,7,8,25.06289,121.51544
2026-09-25 23:28:52,09/25 23:28,500103070,YouBike2.0_重慶北路三段205巷口,大同區,1,19,10,9,25.06997,121.51388
2026-09-25 23:28:52,09/25 23:28,500103071,YouBike2.0_承德路二段91巷口,大同區,1,20,2,18,25.05621,121.51847
2026-09-25 23:28:52,09/25 23:28,500103072,YouBike2.0_酒泉庫倫街口,大同區,1,15,4,11,25.07194,121.51626
2026-09-25 23:28:52,09/25 23:28,500103073,YouBike2.0_民族西大龍街口,大同區,1,16,13,2,25.06864,121.51559
2026-09-25 23:28:52,09/25 23:28,500103074,YouBike2.0_承德路三段324巷口,大同區,1,45,16,29,25.07477,121.51977
2026-09-25 23:28:52,09/25 23:28,500103075,YouBike2.0_玉泉公園(鄭州路),大同區,1,20,9,11,25.05044,121.50766
2026-09-25 23:28:52,09/25 23:28,500103076,YouBike2.0_玉泉公園(忠孝西路),大同區,1,25,7,18,25.04888,121.50745
2026-09-25 23:28:52,09/25 23:28,500103077,YouBike2.0_太平國小,大同區,1,23,7,15,25.06189,121.51343
2026-09-25 23:28:52,09/25 23:28,500103078,YouBike2.0_明倫高中,大同區,1,32,8,24,25.07576,121.52011
2026-09-25 23:28:52,09/25 23:28,500103079,YouBike2.0_伊寧重慶北路口,大同區,1,15,3,11,25.06465,121.51335
2026-09-25 23:28:52,09/25 23:28,500103080,YouBike2.0_永樂國小,大同區,1,17,9,8,25.06174,121.50982
2026-09-25 23:28:52,09/25 23:28,500103081,YouBike2.0_民權延平路口(西南側),大同區,1,14,7,7,25.06263,121.51107
2026-09-25 23:28:52,09/25 23:28,500103082,YouBike2.0_捷運民權西路站(1號出口),大同區,1,19,1,18,25.06277,121.51933
2026-09-25 23:28:52,09/25 23:28,500103083,YouBike2.0_承德路三段301巷,大同區,1,39,31,8,25.07535,121.52138
2026-09-25 23:28:52,09/25 23:28,500103084,YouBike2.0_捷運圓山站(庫倫街61巷口),大同區,1,35,1,34,25.07197,121.51961
2026-09-25 23:28:52,09/25 23:28,500103085,YouBike2.0_大龍國小地下停車場,大同區,1,17,11,6,25.07374,121.5173
2026-09-25 23:28:52,09/25 23:28,500103086,YouBike2.0_捷運北門站(1號出口),大同區,1,26,8,18,25.04885,121.50988
2026-09-25 23:28:52,09/25 23:28,500103087,YouBike2.0_重慶北路派出所,大同區,1,18,5,13,25.07553,121.5136
2026-09-25 23:28:52,09/25 23:28,500103088,YouBike2.0_承德路三段251巷口,大同區,1,20,3,16,25.06993,121.51852
2026-09-25 23:28:52,09/25 23:28,500103089,YouBike2.0_忠和公園,大同區,1,12,6,6,25.0581,121.50871
2026-09-25 23:28:52,09/25 23:28,500103090,YouBike2.0_臺北當代藝術館,大同區,1,12,3,9,25.05066,121.51846
2026-09-25 23:28:52,09/25 23:28,500104001,YouBike2.0_劍潭抽水站,士林區,1,17,13,0,25.08128,121.51784
2026-09-25 23:28:52,09/25 23:28,500104002,YouBike2.0_通河東街大南路口,士林區,1,15,7,8,25.08914,121.51542
2026-09-25 23:28:52,09/25 23:28,500104003,YouBike2.0_福港街停車場,士林區,1,38,25,13,25.08695,121.51901
2026-09-25 23:28:52,09/25 23:28,500104004,YouBike2.0_百齡國小,士林區,1,68,66,2,25.08521,121.51918
2026-09-25 23:28:52,09/25 23:28,500104005,YouBike2.0_雨聲街165巷口,士林區,1,24,13,11,25.10277,121.53357
2026-09-25 23:28:52,09/25 23:28,500104006,YouBike2.0_天和公園,士林區,1,16,11,1,25.12011,121.53357
2026-09-25 23:28:52,09/25 23:28,500104007,YouBike2.0_中山天母路口,士林區,1,29,12,15,25.11856,121.52964
2026-09-25 23:28:52,09/25 23:28,500104008,YouBike2.0_天母運動公園,士林區,1,62,15,46,25.11633,121.53414
2026-09-25 23:28:52,09/25 23:28,500104009,YouBike2.0_臺北市立大學(天母校區),士林區,1,48,20,27,25.11356,121.53718
2026-09-25 23:28:52,09/25 23:28,500104010,YouBike2.0_忠誠路二段53巷,士林區,1,39,6,33,25.11127,121.53244
2026-09-25 23:28:52,09/25 23:28,500104012,YouBike2.0_天母棒球場,士林區,1,26,0,25,25.11341,121.53195
2026-09-25 23:28:52,09/25 23:28,500104013,YouBike2.0_天母北天玉街口,士林區,1,22,14,6,25.12011,121.52652
2026-09-25 23:28:52,09/25 23:28,500104014,YouBike2.0_蘭興公園,士林區,1,61,39,22,25.11184,121.52589
2026-09-25 23:28:52,09/25 23:28,500104015,YouBike2.0_明勝公園,士林區,1,14,12,2,25.08009,121.51895
2026-09-25 23:28:52,09/25 23:28,500104016,YouBike2.0_劍潭海外青年活動中心,士林區,1,23,2,21,25.07994,121.52426
2026-09-25 23:28:52,09/25 23:28,500104018,YouBike2.0_忠誠路一段173巷口,士林區,1,11,6,5,25.10813,121.5304
2026-09-25 23:28:52,09/25 23:28,500104019,YouBike2.0_雨農國小,士林區,1,21,19,2,25.1054,121.5295
2026-09-25 23:28:52,09/25 23:28,500104020,YouBike2.0_忠誠公園,士林區,1,25,5,20,25.10399,121.52593
2026-09-25 23:28:52,09/25 23:28,500104021,YouBike2.0_芝山抽水站,士林區,1,41,25,14,25.10155,121.52832
2026-09-25 23:28:52,09/25 23:28,500104022,YouBike2.0_至誠路一段305巷口,士林區,1,21,9,11,25.10186,121.53083
2026-09-25 23:28:52,09/25 23:28,500104023,YouBike2.0_華齡公園,士林區,1,32,16,15,25.08302,121.52069
2026-09-25 23:28:52,09/25 23:28,500104024,YouBike2.0_前港公園(福德宮),士林區,1,31,22,8,25.08671,121.52096
2026-09-25 23:28:52,09/25 23:28,500104025,YouBike2.0_華齡街185巷口,士林區,1,18,7,7,25.08828,121.51985
2026-09-25 23:28:52,09/25 23:28,500104026,YouBike2.0_前港公園(前港街),士林區,1,27,11,15,25.0848,121.52125
2026-09-25 23:28:52,09/25 23:28,500104027,YouBike2.0_百齡高中,士林區,1,27,24,3,25.08736,121.52272
2026-09-25 23:28:52,09/25 23:28,500104028,YouBike2.0_捷運芝山站(2號出口),士林區,1,50,0,50,25.10364,121.52219
2026-09-25 23:28:52,09/25 23:28,500104029,YouBike2.0_臺灣戲曲中心,士林區,1,25,2,23,25.10208,121.51979
2026-09-25 23:28:52,09/25 23:28,500104030,YouBike2.0_捷運劍潭站(2號出口),士林區,1,49,26,23,25.08388,121.52535
2026-09-25 23:28:52,09/25 23:28,500104031,YouBike2.0_劍潭基河路口,士林區,1,66,28,37,25.08403,121.5249
2026-09-25 23:28:52,09/25 23:28,500104032,YouBike2.0_志成公園,士林區,1,23,8,14,25.09716,121.53214
2026-09-25 23:28:52,09/25 23:28,500104033,YouBike2.0_福林國小,士林區,1,26,15,11,25.09896,121.53025
2026-09-25 23:28:52,09/25 23:28,500104034,YouBike2.0_中山中正路口,士林區,1,19,7,11,25.09651,121.52753
2026-09-25 23:28:52,09/25 23:28,500104035,YouBike2.0_士林運動中心,士林區,1,30,7,23,25.08911,121.52154
2026-09-25 23:28:52,09/25 23:28,500104036,YouBike2.0_陽明高中,士林區,1,77,10,67,25.09164,121.51706
2026-09-25 23:28:52,09/25 23:28,500104037,YouBike2.0_兒童新樂園,士林區,1,23,1,21,25.09631,121.51449
2026-09-25 23:28:52,09/25 23:28,500104038,YouBike2.0_臺北市立天文館,士林區,1,50,8,42,25.09598,121.51776
2026-09-25 23:28:52,09/25 23:28,500104039,YouBike2.0_華聲公園,士林區,1,35,28,7,25.09619,121.5223
2026-09-25 23:28:52,09/25 23:28,500104040,YouBike2.0_福林公園,士林區,1,25,4,20,25.09419,121.52833
2026-09-25 23:28:52,09/25 23:28,500104041,YouBike2.0_捷運士林站(2號出口),士林區,1,30,0,29,25.09343,121.52642
2026-09-25 23:28:52,09/25 23:28,500104042,YouBike2.0_銘傳大學,士林區,1,26,12,13,25.08771,121.52677
2026-09-25 23:28:52,09/25 23:28,500104043,YouBike2.0_士林高商,士林區,1,26,9,17,25.09435,121.51702
2026-09-25 23:28:52,09/25 23:28,500104044,YouBike2.0_蘭雅公園,士林區,1,38,3,34,25.10991,121.53039
2026-09-25 23:28:52,09/25 23:28,500104045,YouBike2.0_聯合醫院陽明院區,士林區,1,25,7,18,25.10455,121.53195
2026-09-25 23:28:52,09/25 23:28,500104046,YouBike2.0_捷運芝山站(1號出口),士林區,1,35,12,22,25.10225,121.52286
2026-09-25 23:28:52,09/25 23:28,500104047,YouBike2.0_至誠公園,士林區,1,20,7,13,25.10143,121.53585
2026-09-25 23:28:52,09/25 23:28,500104048,YouBike2.0_原住民文化主題公園,士林區,1,21,0,20,25.10113,121.55159
2026-09-25 23:28:52,09/25 23:28,500104049,YouBike2.0_通河東街2段10巷口,士林區,1,15,13,0,25.09106,121.51502
2026-09-25 23:28:52,09/25 23:28,500104050,YouBike2.0_梅林新村,士林區,1,25,7,18,25.09755,121.54036
2026-09-25 23:28:52,09/25 23:28,500104051,YouBike2.0_延平北中正路口,士林區,1,30,0,29,25.08678,121.50948
2026-09-25 23:28:52,09/25 23:28,500104052,YouBike2.0_重慶北路四段190巷口,士林區,1,13,2,10,25.08505,121.51166
2026-09-25 23:28:52,09/25 23:28,500104053,YouBike2.0_重慶北葫東街口,士林區,0,15,0,15,25.08393,121.51169
2026-09-25 23:28:52,09/25 23:28,500104054,YouBike2.0_葫蘆國小,士林區,1,30,23,6,25.08254,121.5075
2026-09-25 23:28:52,09/25 23:28,500104055,YouBike2.0_士林3號廣場,士林區,1,38,2,35,25.10459,121.52417
2026-09-25 23:28:52,09/25 23:28,500104056,YouBike2.0_社正公園,士林區,1,15,14,1,25.08824,121.51054
2026-09-25 23:28:52,09/25 23:28,500104057,YouBike2.0_社子國小,士林區,1,11,8,0,25.09186,121.50292
2026-09-25 23:28:52,09/25 23:28,500104058,YouBike2.0_社中街384巷口,士林區,1,24,15,8,25.09346,121.50376
2026-09-25 23:28:52,09/25 23:28,500104059,YouBike2.0_忠誠路一段138號,士林區,1,15,10,4,25.10641,121.52944
2026-09-25 23:28:52,09/25 23:28,500104060,YouBike2.0_社子公園,士林區,1,31,19,12,25.0902,121.50622
2026-09-25 23:28:52,09/25 23:28,500104061,YouBike2.0_國立故宮博物院,士林區,1,27,5,22,25.09833,121.54788
2026-09-25 23:28:52,09/25 23:28,500104062,YouBike2.0_泰北高中,士林區,1,23,6,17,25.09763,121.53402
2026-09-25 23:28:52,09/25 23:28,500104063,YouBike2.0_後港公園,士林區,1,15,5,10,25.09312,121.51419
2026-09-25 23:28:52,09/25 23:28,500104064,YouBike2.0_重慶北路四段117號,士林區,1,24,17,7,25.08279,121.51219
2026-09-25 23:28:52,09/25 23:28,500104065,YouBike2.0_社子島島頭公園,士林區,1,22,5,17,25.10893,121.46639
2026-09-25 23:28:52,09/25 23:28,500104066,YouBike2.0_延平北路八段133巷口,士林區,1,22,13,9,25.10304,121.48297
2026-09-25 23:28:52,09/25 23:28,500104067,YouBike2.0_坤天亭,士林區,1,14,10,3,25.1064,121.4836
2026-09-25 23:28:52,09/25 23:28,500104068,YouBike2.0_社子島濕地解說小築,士林區,1,15,3,11,25.11314,121.48974
2026-09-25 23:28:52,09/25 23:28,500104069,YouBike2.0_福安國中,士林區,0,25,0,24,25.10261,121.48819
2026-09-25 23:28:52,09/25 23:28,500104070,YouBike2.0_福安消防分隊,士林區,1,20,7,11,25.09669,121.49706
2026-09-25 23:28:52,09/25 23:28,500104071,YouBike2.0_聖山綠地,士林區,1,15,8,5,25.10696,121.53234
2026-09-25 23:28:52,09/25 23:28,500104072,YouBike2.0_芝山國小,士林區,1,38,19,18,25.11044,121.53595
2026-09-25 23:28:52,09/25 23:28,500104073,YouBike2.0_士林新天地,士林區,1,29,17,9,25.08899,121.51751
2026-09-25 23:28:52,09/25 23:28,500104074,YouBike2.0_蘭雅國小,士林區,1,30,14,15,25.10775,121.52312
2026-09-25 23:28:52,09/25 23:28,500104075,YouBike2.0_中正基河路口,士林區,1,37,3,31,25.09382,121.51921
2026-09-25 23:28:52,09/25 23:28,500104076,YouBike2.0_福林公園(福林路),士林區,1,47,12,35,25.09587,121.53123
2026-09-25 23:28:52,09/25 23:28,500104077,YouBike2.0_至善臨溪路口,士林區,1,48,13,35,25.09709,121.54229
2026-09-25 23:28:52,09/25 23:28,500104078,YouBike2.0_市立圖書館葫蘆堵分館,士林區,1,18,1,17,25.08217,121.51074
2026-09-25 23:28:52,09/25 23:28,500104079,YouBike2.0_東山路110巷口,士林區,1,16,7,5,25.11306,121.53945
2026-09-25 23:28:52,09/25 23:28,500104080,YouBike2.0_永平社會住宅,士林區,1,15,9,5,25.08887,121.50314
2026-09-25 23:28:52,09/25 23:28,500104081,YouBike2.0_雨農橋,士林區,1,24,7,16,25.10012,121.53253
2026-09-25 23:28:52,09/25 23:28,500104082,YouBike2.0_通河街76巷/承德路四段10巷口,士林區,1,14,9,0,25.08019,121.5202
2026-09-25 23:28:52,09/25 23:28,500104083,YouBike2.0_芝山聖佑宮,士林區,1,25,9,16,25.10455,121.53025
2026-09-25 23:28:52,09/25 23:28,500104084,YouBike2.0_至誠雨聲街口,士林區,1,9,6,3,25.10199,121.52927
2026-09-25 23:28:52,09/25 23:28,500104085,YouBike2.0_捷運線型公園(後街),士林區,1,28,20,8,25.09812,121.52449
2026-09-25 23:28:52,09/25 23:28,500104086,YouBike2.0_天母公園,士林區,1,12,2,10,25.12408,121.53003
2026-09-25 23:28:52,09/25 23:28,500104087,YouBike2.0_基河文林路口,士林區,1,50,16,30,25.08637,121.5247
2026-09-25 23:28:52,09/25 23:28,500104088,YouBike2.0_文林福華路口,士林區,1,38,16,22,25.10094,121.52243
2026-09-25 23:28:52,09/25 23:28,500104089,YouBike2.0_劍潭海外青年活動中心_1,士林區,1,39,7,32,25.0796,121.5237
2026-09-25 23:28:52,09/25 23:28,500104090,YouBike2.0_社子國小_1,士林區,1,50,31,18,25.09029,121.50189
2026-09-25 23:28:52,09/25 23:28,500104091,YouBike2.0_捷運劍潭站(1號出口),士林區,1,70,0,69,25.08577,121.52531
2026-09-25 23:28:52,09/25 23:28,500104092,YouBike2.0_德行東山路口,士林區,1,12,3,8,25.1107,121.53999
2026-09-25 23:28:52,09/25 23:28,500104094,YouBike2.0_重慶北通河西街口,士林區,1,12,6,5,25.08756,121.51177
2026-09-25 23:28:52,09/25 23:28,500104095,YouBike2.0_葫蘆國小(延平北路五段285巷),士林區,1,25,14,11,25.08406,121.5067
2026-09-25 23:28:52,09/25 23:28,500104096,YouBike2.0_社子市場,士林區,1,15,5,9,25.0881,121.50873
2026-09-25 23:28:52,09/25 23:28,500104097,YouBike2.0_士林區農會社子分部,士林區,1,8,4,4,25.08912,121.5049
2026-09-25 23:28:52,09/25 23:28,500104098,YouBike2.0_承德劍潭路口,士林區,1,19,11,7,25.0841,121.52341
2026-09-25 23:28:52,09/25 23:28,500104099,YouBike2.0_文林路101巷口,士林區,1,17,10,7,25.08761,121.52608
2026-09-25 23:28:52,09/25 23:28,500104100,YouBike2.0_延平北路五段257巷15弄口,士林區,1,11,5,6,25.08408,121.50959
2026-09-25 23:28:52,09/25 23:28,500104101,YouBike2.0_延平北路五段257巷4弄口,士林區,1,15,5,9,25.08471,121.5089
2026-09-25 23:28:52,09/25 23:28,500104102,YouBike2.0_啟明學校,士林區,1,16,9,7,25.11742,121.53472
2026-09-25 23:28:52,09/25 23:28,500104103,YouBike2.0_中山福國路口,士林區,1,30,9,20,25.10203,121.52561
2026-09-25 23:28:52,09/25 23:28,500104104,YouBike2.0_德行公園,士林區,1,27,2,25,25.10585,121.52376
2026-09-25 23:28:52,09/25 23:28,500104105,YouBike2.0_承德後港街口,士林區,1,20,11,8,25.08238,121.52309
2026-09-25 23:28:52,09/25 23:28,500104106,YouBike2.0_中山北路五段698巷口,士林區,1,15,7,8,25.09765,121.52757
2026-09-25 23:28:52,09/25 23:28,500104107,YouBike2.0_捷運士林站(1號出口),士林區,1,60,21,37,25.09643,121.52519
2026-09-25 23:28:52,09/25 23:28,500104108,YouBike2.0_捷運芝山站(2號出口)_1,士林區,1,62,9,53,25.10336,121.52263
2026-09-25 23:28:52,09/25 23:28,500104109,YouBike2.0_銘傳大學(中山北路五段280巷口),士林區,1,23,9,14,25.08762,121.52711
2026-09-25 23:28:52,09/25 23:28,500104110,YouBike2.0_海光公園南側,士林區,1,12,6,5,25.08036,121.5084
2026-09-25 23:28:52,09/25 23:28,500104111,YouBike2.0_士商路40巷口,士林區,0,15,0,15,25.09013,121.52054
2026-09-25 23:28:52,09/25 23:28,500104112,YouBike2.0_劍潭郵局,士林區,1,32,5,27,25.08182,121.52431
2026-09-25 23:28:52,09/25 23:28,500104113,YouBike2.0_士東路91巷口,士林區,1,16,4,10,25.11247,121.52914
2026-09-25 23:28:52,09/25 23:28,500104114,YouBike2.0_美崙公園,士林區,1,22,2,20,25.09677,121.51931
2026-09-25 23:28:52,09/25 23:28,500104115,YouBike2.0_臺北市立大學(忠誠路二段207巷),士林區,1,17,3,14,25.11642,121.53743
2026-09-25 23:28:52,09/25 23:28,500104116,YouBike2.0_天母東路8巷/忠誠路二段154巷口,士林區,1,25,8,11,25.11579,121.53113
2026-09-25 23:28:52,09/25 23:28,500104117,YouBike2.0_美崙公園(東北側),士林區,1,25,8,17,25.09886,121.51835
2026-09-25 23:28:52,09/25 23:28,500104118,YouBike2.0_福安河濱公園,士林區,1,14,7,7,25.09646,121.49358
2026-09-25 23:28:52,09/25 23:28,500104119,YouBike2.0_忠誠忠義街口(北側),士林區,1,13,10,3,25.10566,121.52922
2026-09-25 23:28:52,09/25 23:28,500104120,YouBike2.0_忠誠忠義街口(南側),士林區,1,14,13,1,25.10519,121.52869
2026-09-25 23:28:52,09/25 23:28,500104121,YouBike2.0_士林國小,士林區,1,15,4,9,25.09204,121.52472
2026-09-25 23:28:52,09/25 23:28,500104122,YouBike2.0_雙溪濕地公園,士林區,1,15,3,12,25.09762,121.51321
2026-09-25 23:28:52,09/25 23:28,500104123,YouBike2.0_劍潭海外青年活動中心(志清大樓),士林區,1,30,21,9,25.07793,121.52357
2026-09-25 23:28:52,09/25 23:28,500104124,YouBike2.0_天和一號公園,士林區,1,15,10,3,25.11836,121.53466
2026-09-25 23:28:52,09/25 23:28,500104125,YouBike2.0_忠誠路二段178巷口,士林區,1,15,10,5,25.11633,121.53295
2026-09-25 23:28:52,09/25 23:28,500104126,YouBike2.0_克強磺溪街口,士林區,1,24,13,11,25.10893,121.52319
2026-09-25 23:28:52,09/25 23:28,500104128,YouBike2.0_蘭雅公園(西側),士林區,1,15,8,5,25.10985,121.52859
2026-09-25 23:28:52,09/25 23:28,500104129,YouBike2.0_福林路100巷77弄口,士林區,1,18,6,12,25.09441,121.53285
2026-09-25 23:28:52,09/25 23:28,500104130,YouBike2.0_福林路100巷11弄口,士林區,1,15,5,10,25.09601,121.53262
2026-09-25 23:28:52,09/25 23:28,500104131,YouBike2.0_重慶北路四段190巷口(通河西街側),士林區,1,16,7,9,25.0848,121.51253
2026-09-25 23:28:52,09/25 23:28,500104132,YouBike2.0_承德區民活動中心,士林區,1,25,11,11,25.07892,121.52157
2026-09-25 23:28:52,09/25 23:28,500104133,YouBike2.0_福林路255巷口,士林區,1,18,1,17,25.09854,121.53528
2026-09-25 23:28:52,09/25 23:28,500104134,YouBike2.0_中山北路五段378巷口,士林區,1,27,4,23,25.09064,121.52765
2026-09-25 23:28:52,09/25 23:28,500104135,YouBike2.0_中山北路六段405巷,士林區,1,21,17,4,25.11576,121.52693
2026-09-25 23:28:52,09/25 23:28,500104136,YouBike2.0_圓山育樂中心,士林區,1,22,5,16,25.08248,121.52548
2026-09-25 23:28:52,09/25 23:28,500104137,YouBike2.0_至善公園,士林區,1,25,4,21,25.09862,121.53749
2026-09-25 23:28:52,09/25 23:28,500104138,YouBike2.0_社子島抽水站,士林區,1,15,9,6,25.10844,121.49552
2026-09-25 23:28:52,09/25 23:28,500104139,YouBike2.0_中山北路六段427巷口,士林區,1,12,4,7,25.11383,121.52698
2026-09-25 23:28:52,09/25 23:28,500104140,YouBike2.0_士林分局,士林區,1,24,4,20,25.09033,121.52687
2026-09-25 23:28:52,09/25 23:28,500104141,YouBike2.0_忠誠路二段98巷口,士林區,1,24,10,13,25.113,121.53128
2026-09-25 23:28:52,09/25 23:28,500104142,YouBike2.0_東吳大學,士林區,1,22,21,1,25.095,121.54521
2026-09-25 23:28:52,09/25 23:28,500104143,YouBike2.0_福志公園,士林區,1,22,13,8,25.10022,121.53438
2026-09-25 23:28:52,09/25 23:28,500104144,YouBike2.0_德行東路331巷口,士林區,1,14,9,3,25.1106,121.53759
2026-09-25 23:28:52,09/25 23:28,500104145,YouBike2.0_天母北路87巷9弄,士林區,1,20,5,15,25.12207,121.52731
2026-09-25 23:28:52,09/25 23:28,500104146,YouBike2.0_重慶北路四段108號(通河西街側),士林區,1,17,4,13,25.08294,121.51293
2026-09-25 23:28:52,09/25 23:28,500104147,YouBike2.0_臺灣戲曲中心(文林德行西路口),士林區,1,27,10,17,25.10288,121.5197
2026-09-25 23:28:52,09/25 23:28,500104148,YouBike2.0_中山北路六段252巷口,士林區,1,10,3,7,25.10926,121.52544
2026-09-25 23:28:52,09/25 23:28,500104149,YouBike2.0_志成中正路口,士林區,1,17,6,10,25.09655,121.53016
2026-09-25 23:28:52,09/25 23:28,500104150,YouBike2.0_承德中正路口,士林區,1,18,15,3,25.09076,121.51708
2026-09-25 23:28:52,09/25 23:28,500104151,YouBike2.0_士商中正路口(西南側),士林區,1,20,14,6,25.09149,121.51934
2026-09-25 23:28:52,09/25 23:28,500104152,YouBike2.0_天母公園平面停車場,士林區,1,20,5,15,25.12518,121.53063
2026-09-25 23:28:52,09/25 23:28,500104153,YouBike2.0_通河東街福港街262巷口,士林區,0,20,0,20,25.08407,121.51617
2026-09-25 23:28:52,09/25 23:28,500104154,YouBike2.0_明安宮,士林區,1,15,6,9,25.10188,121.49616
2026-09-25 23:28:52,09/25 23:28,500104155,YouBike2.0_中山北路五段756巷口,士林區,1,21,8,13,25.09952,121.52704
2026-09-25 23:28:52,09/25 23:28,500104156,YouBike2.0_社子派出所,士林區,1,17,14,3,25.08953,121.50529
2026-09-25 23:28:52,09/25 23:28,500104157,YouBike2.0_通河西街二段102巷口,士林區,1,18,14,4,25.09264,121.50878
2026-09-25 23:28:52,09/25 23:28,500104158,YouBike2.0_社子公園(永平街80巷),士林區,1,15,7,8,25.09128,121.50662
2026-09-25 23:28:52,09/25 23:28,500104159,YouBike2.0_忠義街71巷口,士林區,1,16,11,4,25.10586,121.53154
2026-09-25 23:28:52,09/25 23:28,500104160,YouBike2.0_承德路四段292巷口,士林區,1,13,12,1,25.08953,121.51922
2026-09-25 23:28:52,09/25 23:28,500105001,YouBike2.0_台北花木批發市場,文山區,1,40,37,3,25.00402,121.54074
2026-09-25 23:28:52,09/25 23:28,500105002,YouBike2.0_捷運萬隆站(4號出口),文山區,1,22,0,22,25.0027,121.53861
2026-09-25 23:28:52,09/25 23:28,500105003,YouBike2.0_捷運萬隆站(1號出口),文山區,1,34,22,12,25.00115,121.53916
2026-09-25 23:28:52,09/25 23:28,500105004,YouBike2.0_萬和二號公園,文山區,1,35,28,7,25.00154,121.5364
2026-09-25 23:28:52,09/25 23:28,500105005,YouBike2.0_捷運萬隆站(2號出口),文山區,1,18,0,18,25.00144,121.53983
2026-09-25 23:28:52,09/25 23:28,500105006,YouBike2.0_景仁公園,文山區,1,16,7,8,24.99621,121.54043
2026-09-25 23:28:52,09/25 23:28,500105007,YouBike2.0_捷運景美站(2號出口),文山區,1,87,3,84,24.99366,121.54124
2026-09-25 23:28:52,09/25 23:28,500105008,YouBike2.0_羅斯福景隆街口,文山區,1,50,12,37,24.99898,121.5403
2026-09-25 23:28:52,09/25 23:28,500105009,YouBike2.0_景福街/羅斯福路6段142巷口,文山區,1,28,21,7,24.998336212959,121.53686287812
2026-09-25 23:28:52,09/25 23:28,500105010,YouBike2.0_興旺公園,文山區,1,30,16,12,25.00587,121.55012
2026-09-25 23:28:52,09/25 23:28,500105011,YouBike2.0_興福國中,文山區,1,21,15,4,25.00465,121.54916
2026-09-25 23:28:52,09/25 23:28,500105012,YouBike2.0_興隆路2段203巷,文山區,1,32,16,12,25.00346,121.54709
2026-09-25 23:28:52,09/25 23:28,500105013,YouBike2.0_景美運動公園,文山區,1,26,19,7,25.00219,121.54454
2026-09-25 23:28:52,09/25 23:28,500105014,YouBike2.0_景美醫院,文山區,1,18,16,2,24.99136,121.54008
2026-09-25 23:28:52,09/25 23:28,500105015,YouBike2.0_師範大學公館校區,文山區,1,14,2,12,25.00792,121.53731
2026-09-25 23:28:52,09/25 23:28,500105016,YouBike2.0_景華街128巷口,文山區,1,27,25,2,24.99543,121.54725
2026-09-25 23:28:52,09/25 23:28,500105017,YouBike2.0_仙跡岩登山口(景興路),文山區,1,22,4,18,24.99118,121.5436
2026-09-25 23:28:52,09/25 23:28,500105018,YouBike2.0_國立政治大學,文山區,1,62,31,28,24.98737,121.57726
2026-09-25 23:28:52,09/25 23:28,500105019,YouBike2.0_捷運動物園站,文山區,1,57,2,55,24.99873,121.57985
2026-09-25 23:28:52,09/25 23:28,500105020,YouBike2.0_捷運木柵站,文山區,1,46,4,40,24.99798,121.57455
2026-09-25 23:28:52,09/25 23:28,500105021,YouBike2.0_捷運萬芳社區站,文山區,1,48,7,41,24.99886,121.56769
2026-09-25 23:28:52,09/25 23:28,500105022,YouBike2.0_文山運動中心,文山區,1,36,4,31,24.99676,121.5596
2026-09-25 23:28:52,09/25 23:28,500105023,YouBike2.0_捷運辛亥站,文山區,1,42,0,41,25.00467,121.55684
2026-09-25 23:28:52,09/25 23:28,500105024,YouBike2.0_興豐公園,文山區,1,36,17,19,24.99982,121.54761
2026-09-25 23:28:52,09/25 23:28,500105025,YouBike2.0_木柵光輝路口,文山區,1,26,10,15,24.98722,121.55495
2026-09-25 23:28:52,09/25 23:28,500105026,YouBike2.0_考試院,文山區,1,39,5,33,24.98747,121.54984
2026-09-25 23:28:52,09/25 23:28,500105027,YouBike2.0_和興路26巷口,文山區,1,39,31,8,24.98573,121.54532
2026-09-25 23:28:52,09/25 23:28,500105028,YouBike2.0_世新大學,文山區,1,44,19,24,24.98859,121.54336
2026-09-25 23:28:52,09/25 23:28,500105029,YouBike2.0_一壽橋,文山區,1,28,21,6,24.97837,121.55548
2026-09-25 23:28:52,09/25 23:28,500105030,YouBike2.0_臺北市立景美女中,文山區,1,25,19,6,24.98058,121.55624
2026-09-25 23:28:52,09/25 23:28,500105031,YouBike2.0_永安藝文館_表演36房,文山區,1,29,13,15,24.98414,121.56907
2026-09-25 23:28:52,09/25 23:28,500105032,YouBike2.0_忠順區民活動中心,文山區,1,34,20,13,24.98471,121.56332
2026-09-25 23:28:52,09/25 23:28,500105033,YouBike2.0_景文中學,文山區,1,64,5,58,24.98574,121.56745
2026-09-25 23:28:52,09/25 23:28,500105034,YouBike2.0_老泉街籃球場,文山區,1,20,1,19,24.97619,121.5583
2026-09-25 23:28:52,09/25 23:28,500105035,YouBike2.0_文山行政中心,文山區,1,40,6,34,24.98959,121.56959
2026-09-25 23:28:52,09/25 23:28,500105036,YouBike2.0_木柵公園,文山區,1,38,2,35,24.98718,121.56059
2026-09-25 23:28:52,09/25 23:28,500105037,YouBike2.0_興隆公共住宅D2區,文山區,1,27,10,17,24.98814,121.56356
2026-09-25 23:28:52,09/25 23:28,500105038,YouBike2.0_木新路3段95巷口,文山區,1,24,9,13,24.98088,121.56313
2026-09-25 23:28:52,09/25 23:28,500105039,YouBike2.0_樟腳里公園,文山區,1,15,2,10,24.98181,121.56567
2026-09-25 23:28:52,09/25 23:28,500105040,YouBike2.0_實踐國中,文山區,1,13,6,5,24.98301,121.55404
2026-09-25 23:28:52,09/25 23:28,500105041,YouBike2.0_指南路3段2巷,文山區,1,13,2,10,24.98537,121.57959
2026-09-25 23:28:52,09/25 23:28,500105042,YouBike2.0_萊茵公園,文山區,1,21,7,14,24.98642,121.56514
2026-09-25 23:28:52,09/25 23:28,500105043,YouBike2.0_木柵社會住宅,文山區,1,12,6,4,24.98935,121.56651
2026-09-25 23:28:52,09/25 23:28,500105044,YouBike2.0_秀明路一段185巷口,文山區,1,20,10,10,24.99151,121.56836
2026-09-25 23:28:52,09/25 23:28,500105045,YouBike2.0_秀明路一段129巷口,文山區,0,22,1,21,24.99111,121.56703
2026-09-25 23:28:52,09/25 23:28,500105046,YouBike2.0_恆光橋(老泉街),文山區,1,13,0,11,24.97989,121.56753
2026-09-25 23:28:52,09/25 23:28,500105047,YouBike2.0_萬有3號公園,文山區,1,14,9,4,24.99889,121.5433
2026-09-25 23:28:52,09/25 23:28,500105048,YouBike2.0_捷運萬芳醫院站(興隆路三段115巷),文山區,1,20,10,10,24.99939,121.55848
2026-09-25 23:28:52,09/25 23:28,500105049,YouBike2.0_興得閱覽室,文山區,1,24,16,8,24.99579,121.55498
2026-09-25 23:28:52,09/25 23:28,500105050,YouBike2.0_辛亥生態公園,文山區,1,23,9,14,25.00348,121.55642
2026-09-25 23:28:52,09/25 23:28,500105051,YouBike2.0_博嘉運動公園,文山區,1,12,0,12,25.00079,121.57534
2026-09-25 23:28:52,09/25 23:28,500105053,YouBike2.0_仙岩公園,文山區,1,20,12,8,24.99797,121.54982
2026-09-25 23:28:52,09/25 23:28,500105054,YouBike2.0_政大一街口,文山區,1,14,11,3,24.98543,121.58006
2026-09-25 23:28:52,09/25 23:28,500105055,YouBike2.0_文山第二行政中心,文山區,1,38,8,30,25.00115,121.55142
2026-09-25 23:28:52,09/25 23:28,500105056,YouBike2.0_移民署訓練中心,文山區,1,13,9,4,24.99271,121.55865
2026-09-25 23:28:52,09/25 23:28,500105057,YouBike2.0_海巡署(南側),文山區,1,10,2,8,24.99472,121.55949
2026-09-25 23:28:52,09/25 23:28,500105058,YouBike2.0_明道國小東南側,文山區,1,28,1,27,24.98695,121.56456
2026-09-25 23:28:52,09/25 23:28,500105059,YouBike2.0_木南公園,文山區,1,17,2,15,24.98662,121.57071
2026-09-25 23:28:52,09/25 23:28,500105060,YouBike2.0_實踐國中(木新路三段310巷口),文山區,1,17,9,8,24.98339,121.55645
2026-09-25 23:28:52,09/25 23:28,500105061,YouBike2.0_師範大學公館校區_1,文山區,1,34,16,17,25.00753,121.53719
2026-09-25 23:28:52,09/25 23:28,500105062,YouBike2.0_捷運動物園站(2號出口),文山區,0,39,0,0,24.99766,121.57875
2026-09-25 23:28:52,09/25 23:28,500105063,YouBike2.0_政大水岸電梯,文山區,1,10,6,4,24.982,121.5717
2026-09-25 23:28:52,09/25 23:28,500105064,YouBike2.0_敦南山林,文山區,1,14,6,8,25.00264,121.5768
2026-09-25 23:28:52,09/25 23:28,500105066,YouBike2.0_景美污水抽水站,文山區,1,15,6,9,25.01076,121.53637
2026-09-25 23:28:52,09/25 23:28,500105067,YouBike2.0_萬和三號公園(北側),文山區,1,35,24,11,25.00345,121.53636
2026-09-25 23:28:52,09/25 23:28,500105068,YouBike2.0_景興國中,文山區,1,10,4,6,24.99609,121.54284
2026-09-25 23:28:52,09/25 23:28,500105069,YouBike2.0_景仁公園_1,文山區,1,30,13,17,24.9966,121.5403
2026-09-25 23:28:52,09/25 23:28,500105070,YouBike2.0_師大公館校區學二舍,文山區,1,84,48,36,25.00825,121.53419
2026-09-25 23:28:52,09/25 23:28,500105071,YouBike2.0_景行公園,文山區,1,15,1,14,24.99279,121.54255
2026-09-25 23:28:52,09/25 23:28,500105072,YouBike2.0_萬興國小,文山區,1,25,4,21,24.98939,121.57682
2026-09-25 23:28:52,09/25 23:28,500105073,YouBike2.0_辛亥路四段77巷口,文山區,1,23,18,5,25.00743,121.55877
2026-09-25 23:28:52,09/25 23:28,500105074,YouBike2.0_景興路42巷口,文山區,1,12,12,0,24.99696,121.54454
2026-09-25 23:28:52,09/25 23:28,500105075,YouBike2.0_木柵路三段48巷,文山區,1,15,3,12,24.98768,121.56565
2026-09-25 23:28:52,09/25 23:28,500105076,YouBike2.0_木柵路二段109巷,文山區,1,15,5,9,24.98944,121.56195
2026-09-25 23:28:52,09/25 23:28,500105077,YouBike2.0_試院公園,文山區,1,15,12,3,24.98808,121.54723
2026-09-25 23:28:52,09/25 23:28,500105079,YouBike2.0_樟樹公園,文山區,1,15,8,4,24.9825,121.55949
2026-09-25 23:28:52,09/25 23:28,500105080,YouBike2.0_萬美萬安街口,文山區,1,25,7,17,25.00223,121.57039
2026-09-25 23:28:52,09/25 23:28,500105081,YouBike2.0_興隆路二段203巷(敦南),文山區,1,27,20,7,25.00198,121.54856
2026-09-25 23:28:52,09/25 23:28,500105082,YouBike2.0_新光秀明路口,文山區,1,15,4,9,24.99197,121.57371
2026-09-25 23:28:52,09/25 23:28,500105083,YouBike2.0_光輝路134巷口,文山區,1,15,12,3,24.98532,121.55831
2026-09-25 23:28:52,09/25 23:28,500105084,YouBike2.0_光輝公園,文山區,1,27,13,10,24.98655,121.5552
2026-09-25 23:28:52,09/25 23:28,500105085,YouBike2.0_木新公園,文山區,1,12,4,7,24.98217,121.55782
2026-09-25 23:28:52,09/25 23:28,500105086,YouBike2.0_興隆路二段275巷1弄口,文山區,1,16,8,8,25.00268,121.55277
2026-09-25 23:28:52,09/25 23:28,500105087,YouBike2.0_中國科技大學,文山區,1,21,20,0,24.99925,121.55553
2026-09-25 23:28:52,09/25 23:28,500105088,YouBike2.0_樟新街8巷,文山區,1,17,10,5,24.97932,121.55406
2026-09-25 23:28:52,09/25 23:28,500105089,YouBike2.0_仙岩路22巷口,文山區,1,28,17,6,24.99892,121.54887
2026-09-25 23:28:52,09/25 23:28,500105090,YouBike2.0_木柵萬芳路口,文山區,1,29,8,19,24.99509,121.57199
2026-09-25 23:28:52,09/25 23:28,500105091,YouBike2.0_福興路78巷,文山區,1,14,6,7,25.00437,121.55048
2026-09-25 23:28:52,09/25 23:28,500105092,YouBike2.0_辛亥木柵路口,文山區,1,20,20,0,24.98839,121.55238
2026-09-25 23:28:52,09/25 23:28,500105093,YouBike2.0_興泰公園,文山區,1,12,5,6,25.00492,121.55582
2026-09-25 23:28:52,09/25 23:28,500105094,YouBike2.0_興岩社會福利綜合大樓,文山區,1,18,4,14,25.00061,121.54941
2026-09-25 23:28:52,09/25 23:28,500105095,YouBike2.0_興隆路二段22巷9弄口,文山區,1,13,11,2,24.99746,121.54543
2026-09-25 23:28:52,09/25 23:28,500105096,YouBike2.0_木新路三段155巷口,文山區,1,15,6,9,24.98184,121.56125
2026-09-25 23:28:52,09/25 23:28,500105097,YouBike2.0_景興路102巷口,文山區,1,14,3,10,24.99438,121.54376
2026-09-25 23:28:52,09/25 23:28,500105098,YouBike2.0_景福街223巷,文山區,1,17,14,0,24.99442,121.53844
2026-09-25 23:28:52,09/25 23:28,500105100,YouBike2.0_達賢圖書館,文山區,1,27,5,22,24.9884,121.57786
2026-09-25 23:28:52,09/25 23:28,500105101,YouBike2.0_捷運木柵站(西側),文山區,1,26,4,22,24.9983,121.57279
2026-09-25 23:28:52,09/25 23:28,500105102,YouBike2.0_世新大學(試院路),文山區,1,16,12,4,24.98981,121.54783
2026-09-25 23:28:52,09/25 23:28,500105103,YouBike2.0_興隆社會住宅D1區,文山區,1,31,12,19,24.98783,121.55831
2026-09-25 23:28:52,09/25 23:28,500105104,YouBike2.0_名門社區,文山區,1,18,4,14,25.00516,121.56757
2026-09-25 23:28:52,09/25 23:28,500105106,YouBike2.0_政大國際會館,文山區,1,20,11,9,24.98994,121.57513
2026-09-25 23:28:52,09/25 23:28,500105107,YouBike2.0_萬芳出租國宅,文山區,1,36,9,27,25.00335,121.5655
2026-09-25 23:28:52,09/25 23:28,500105108,YouBike2.0_景美國小,文山區,1,25,16,9,24.9893,121.53976
2026-09-25 23:28:52,09/25 23:28,500105109,YouBike2.0_景文街142巷口,文山區,1,16,11,3,24.98826,121.54065
2026-09-25 23:28:52,09/25 23:28,500105110,YouBike2.0_保儀路142巷,文山區,1,22,16,6,24.98327,121.56515
2026-09-25 23:28:52,09/25 23:28,500105111,YouBike2.0_和興水岸社會住宅,文山區,1,29,18,11,24.98505,121.54953
2026-09-25 23:28:52,09/25 23:28,500105112,YouBike2.0_萬芳路107巷口,文山區,1,20,2,18,24.99715,121.56179
2026-09-25 23:28:52,09/25 23:28,500105113,YouBike2.0_考選部國家考場,文山區,1,26,10,16,24.98703,121.54884
2026-09-25 23:28:52,09/25 23:28,500105114,YouBike2.0_明道國小(明道國宅),文山區,1,26,1,25,24.98686,121.56301
2026-09-25 23:28:52,09/25 23:28,500105115,YouBike2.0_興隆社會住宅A區,文山區,1,49,4,45,24.988,121.56018
2026-09-25 23:28:52,09/25 23:28,500105116,YouBike2.0_景興路177巷,文山區,1,11,1,10,24.99275,121.54479
2026-09-25 23:28:52,09/25 23:28,500105117,YouBike2.0_捷運景美站(1號出口),文山區,1,21,2,19,24.99274,121.5409
2026-09-25 23:28:52,09/25 23:28,500105118,YouBike2.0_秀明路二段92巷口,文山區,1,27,12,14,24.99155,121.57635
2026-09-25 23:28:52,09/25 23:28,500105119,YouBike2.0_樟新社會住宅,文山區,1,20,10,8,24.97735,121.55603
2026-09-25 23:28:52,09/25 23:28,500105120,YouBike2.0_忠順路二段57巷口,文山區,1,18,8,9,24.98484,121.56456
2026-09-25 23:28:52,09/25 23:28,500105121,YouBike2.0_景豐公園,文山區,1,18,8,6,24.99984,121.54489
2026-09-25 23:28:52,09/25 23:28,500105122,YouBike2.0_樟新區民活動中心,文山區,1,20,4,16,24.97942,121.55656
2026-09-25 23:28:52,09/25 23:28,500105123,YouBike2.0_貓空纜車動物園站,文山區,1,48,0,48,24.99645,121.57603
2026-09-25 23:28:52,09/25 23:28,500105124,YouBike2.0_保儀公園(興隆路四段195巷),文山區,1,11,7,4,24.98326,121.56307
2026-09-25 23:28:52,09/25 23:28,500105125,YouBike2.0_景新大樓,文山區,1,16,15,1,24.99005,121.54236
2026-09-25 23:28:52,09/25 23:28,500105126,YouBike2.0_文山溪洲福德宮,文山區,1,27,0,27,25.00622,121.53421
2026-09-25 23:28:52,09/25 23:28,500105128,YouBike2.0_萬有二號公園(景明街29巷),文山區,1,20,11,9,25.00045,121.54176
2026-09-25 23:28:52,09/25 23:28,500105129,YouBike2.0_指南綠地,文山區,1,18,2,14,24.98294,121.57993
2026-09-25 23:28:52,09/25 23:28,500105130,YouBike2.0_木新派出所,文山區,1,28,3,25,24.98232,121.5672
2026-09-25 23:28:52,09/25 23:28,500106001,YouBike2.0_臺北自來水事業處,中正區,1,20,16,2,25.013741,121.53068
2026-09-25 23:28:52,09/25 23:28,500106002,YouBike2.0_汀州思源街口東南側,中正區,1,34,16,18,25.014697,121.531908
2026-09-25 23:28:52,09/25 23:28,500106003,YouBike2.0_捷運公館站(1號出口),中正區,1,12,0,11,25.014529,121.534374
2026-09-25 23:28:52,09/25 23:28,500106004,YouBike2.0_捷運公館站(4號出口),中正區,1,12,2,10,25.015069,121.533828
2026-09-25 23:28:52,09/25 23:28,500106005,YouBike2.0_捷運古亭站(9號出口),中正區,1,24,3,21,25.02694,121.52224
2026-09-25 23:28:52,09/25 23:28,500106006,YouBike2.0_捷運古亭站(2號出口),中正區,1,55,1,54,25.0255,121.52346
2026-09-25 23:28:52,09/25 23:28,500106007,YouBike2.0_捷運臺電大樓站(1號出口),中正區,1,34,6,26,25.0197,121.529
2026-09-25 23:28:52,09/25 23:28,500106008,YouBike2.0_客家文化主題公園,中正區,1,31,7,24,25.02069,121.52456
2026-09-25 23:28:52,09/25 23:28,500106009,YouBike2.0_河堤國小,中正區,1,59,45,14,25.02277,121.52289
2026-09-25 23:28:52,09/25 23:28,500106010,YouBike2.0_紀州庵,中正區,1,45,32,12,25.02092,121.52049
2026-09-25 23:28:52,09/25 23:28,500106011,YouBike2.0_捷運臺電大樓站(5號出口),中正區,1,21,8,13,25.02075,121.52771
2026-09-25 23:28:52,09/25 23:28,500106012,YouBike2.0_捷運臺電大樓站(4號出口),中正區,1,13,11,2,25.02102,121.52751
2026-09-25 23:28:52,09/25 23:28,500106013,YouBike2.0_羅斯福三段金門街口,中正區,1,15,9,6,25.02345,121.52498
2026-09-25 23:28:52,09/25 23:28,500106014,YouBike2.0_牯嶺公園,中正區,1,69,44,14,25.02338,121.51889
2026-09-25 23:28:52,09/25 23:28,500106015,YouBike2.0_捷運古亭站(8號出口),中正區,1,15,2,11,25.02701,121.52164
2026-09-25 23:28:52,09/25 23:28,500106016,YouBike2.0_捷運古亭站(7號出口),中正區,1,12,0,11,25.02805,121.52155
2026-09-25 23:28:52,09/25 23:28,500106017,YouBike2.0_南昌公園,中正區,1,55,3,52,25.02698,121.52081
2026-09-25 23:28:52,09/25 23:28,500106018,YouBike2.0_和平重慶路口,中正區,1,69,50,19,25.02723,121.51659
2026-09-25 23:28:52,09/25 23:28,500106019,YouBike2.0_孫立人將軍官邸,中正區,1,23,13,10,25.02933,121.51854
2026-09-25 23:28:52,09/25 23:28,500106020,YouBike2.0_羅斯福路二段6巷口,中正區,1,22,5,17,25.02923,121.52058
2026-09-25 23:28:52,09/25 23:28,500106021,YouBike2.0_金華杭州南路口,中正區,1,51,26,22,25.031,121.52211
2026-09-25 23:28:52,09/25 23:28,500106022,YouBike2.0_捷運中正紀念堂站(3號出口),中正區,1,36,4,32,25.03239,121.51866
2026-09-25 23:28:52,09/25 23:28,500106023,YouBike2.0_捷運中正紀念堂站(4號出口),中正區,1,21,2,19,25.03376,121.51772
2026-09-25 23:28:52,09/25 23:28,500106025,YouBike2.0_螢橋國小,中正區,1,41,26,15,25.02609,121.51389
2026-09-25 23:28:52,09/25 23:28,500106026,YouBike2.0_古亭智慧圖書館,中正區,1,21,13,7,25.02543,121.51052
2026-09-25 23:28:52,09/25 23:28,500106027,YouBike2.0_永昌公園,中正區,1,28,17,7,25.02643,121.50936
2026-09-25 23:28:52,09/25 23:28,500106028,YouBike2.0_中華路二段409巷口,中正區,1,15,4,11,25.02598,121.50806
2026-09-25 23:28:52,09/25 23:28,500106029,YouBike2.0_南機場夜市(中華路二段),中正區,1,22,3,19,25.02886,121.50518
2026-09-25 23:28:52,09/25 23:28,500106030,YouBike2.0_南海和平路口西南側,中正區,1,19,1,18,25.03024,121.50904
2026-09-25 23:28:52,09/25 23:28,500106031,YouBike2.0_莒光和平路口,中正區,1,20,8,12,25.03132,121.50745
2026-09-25 23:28:52,09/25 23:28,500106037,YouBike2.0_水源路11_1號旁,中正區,1,31,28,1,25.01602,121.52565
2026-09-25 23:28:52,09/25 23:28,500106038,YouBike2.0_南門國中,中正區,1,40,5,35,25.03543,121.50834
2026-09-25 23:28:52,09/25 23:28,500106039,YouBike2.0_捷運小南門站(2號出口),中正區,1,24,2,21,25.03567,121.51006
2026-09-25 23:28:52,09/25 23:28,500106040,YouBike2.0_介壽公園,中正區,1,35,2,32,25.03907,121.5138
2026-09-25 23:28:52,09/25 23:28,500106041,YouBike2.0_中華貴陽街口,中正區,1,20,5,15,25.03938,121.50772
2026-09-25 23:28:52,09/25 23:28,500106042,YouBike2.0_華山文創園區,中正區,1,39,1,34,25.04367,121.52849
2026-09-25 23:28:52,09/25 23:28,500106043,YouBike2.0_捷運善導寺站(1號出口),中正區,1,46,24,22,25.04527,121.5222
2026-09-25 23:28:52,09/25 23:28,500106044,YouBike2.0_濟南紹興路口,中正區,1,74,7,66,25.04193,121.52459
2026-09-25 23:28:52,09/25 23:28,500106046,YouBike2.0_林森仁愛路口,中正區,1,13,2,11,25.03915,121.52163
2026-09-25 23:28:52,09/25 23:28,500106047,YouBike2.0_中正運動中心,中正區,1,40,9,29,25.03786,121.51985
2026-09-25 23:28:52,09/25 23:28,500106048,YouBike2.0_信義杭州路口,中正區,1,64,7,57,25.0357,121.5241
2026-09-25 23:28:52,09/25 23:28,500106049,YouBike2.0_捷運善導寺站(3號出口),中正區,1,20,0,20,25.04428,121.52336
2026-09-25 23:28:52,09/25 23:28,500106050,YouBike2.0_捷運小南門站(1號出口),中正區,1,46,0,46,25.03648,121.50951
2026-09-25 23:28:52,09/25 23:28,500106051,YouBike2.0_延平南路133巷口,中正區,1,36,1,35,25.03792,121.50846
2026-09-25 23:28:52,09/25 23:28,500106052,YouBike2.0_捷運西門站(2號出口),中正區,1,36,2,34,25.0416,121.50842
2026-09-25 23:28:52,09/25 23:28,500106053,YouBike2.0_寶慶博愛路口,中正區,1,47,1,46,25.04129,121.5112
2026-09-25 23:28:52,09/25 23:28,500106054,YouBike2.0_法務部,中正區,1,27,1,26,25.03705,121.51249
2026-09-25 23:28:52,09/25 23:28,500106055,YouBike2.0_臺北市立大學(博愛校區),中正區,1,99,15,84,25.03545,121.51327
2026-09-25 23:28:52,09/25 23:28,500106056,YouBike2.0_國家圖書館,中正區,1,50,1,49,25.03763,121.51709
2026-09-25 23:28:52,09/25 23:28,500106057,YouBike2.0_市民金山路口,中正區,1,98,11,85,25.0459,121.53068
2026-09-25 23:28:52,09/25 23:28,500106058,YouBike2.0_聯合醫院和平院區,中正區,1,32,13,19,25.03516,121.50641
2026-09-25 23:28:52,09/25 23:28,500106059,YouBike2.0_中山堂,中正區,1,43,5,38,25.04412,121.51025
2026-09-25 23:28:52,09/25 23:28,500106060,YouBike2.0_中華漢口街口,中正區,1,19,3,16,25.04533,121.50944
2026-09-25 23:28:52,09/25 23:28,500106061,YouBike2.0_中華路一段21巷口,中正區,1,22,15,7,25.04677,121.50989
2026-09-25 23:28:52,09/25 23:28,500106062,YouBike2.0_捷運臺大醫院站(4號出口),中正區,1,60,19,38,25.04297,121.51643
2026-09-25 23:28:52,09/25 23:28,500106063,YouBike2.0_寶藏巖觀音亭,中正區,1,23,3,19,25.01027,121.5331
2026-09-25 23:28:52,09/25 23:28,500106064,YouBike2.0_師大水源路口,中正區,1,28,8,19,25.0203,121.52302
2026-09-25 23:28:52,09/25 23:28,500106065,YouBike2.0_中山徐州路口,中正區,1,41,13,28,25.04178,121.51907
2026-09-25 23:28:52,09/25 23:28,500106066,YouBike2.0_信義連雲街口,中正區,1,39,0,38,25.03377,121.53041
2026-09-25 23:28:52,09/25 23:28,500106067,YouBike2.0_臺北轉運站,中正區,1,68,44,15,25.04842,121.51994
2026-09-25 23:28:52,09/25 23:28,500106068,YouBike2.0_莒光大埔街口,中正區,1,32,16,16,25.03132,121.50519
2026-09-25 23:28:52,09/25 23:28,500106069,YouBike2.0_捷運忠孝新生站(2號出口),中正區,1,32,2,28,25.04235,121.53222
2026-09-25 23:28:52,09/25 23:28,500106070,YouBike2.0_光華商場,中正區,1,39,1,38,25.04478,121.53274
2026-09-25 23:28:52,09/25 23:28,500106071,YouBike2.0_中山青島路口,中正區,1,40,1,39,25.04503,121.51968
2026-09-25 23:28:52,09/25 23:28,500106072,YouBike2.0_捷運中正紀念堂站(5號出口),中正區,1,29,4,25,25.03526,121.5168
2026-09-25 23:28:52,09/25 23:28,500106073,YouBike2.0_北平東杭州北路口,中正區,1,20,1,19,25.04553,121.52736
2026-09-25 23:28:52,09/25 23:28,500106074,YouBike2.0_王貫英先生紀念圖書館,中正區,1,15,13,1,25.02266,121.52362
2026-09-25 23:28:52,09/25 23:28,500106075,YouBike2.0_金山信義路口,中正區,1,25,4,18,25.03443,121.52721
2026-09-25 23:28:52,09/25 23:28,500106077,YouBike2.0_林森徐州路口,中正區,1,32,11,21,25.04094,121.52215
2026-09-25 23:28:52,09/25 23:28,500106078,YouBike2.0_徐州杭州路口,中正區,1,30,8,22,25.04023,121.52565
2026-09-25 23:28:52,09/25 23:28,500106079,YouBike2.0_捷運中正紀念堂站(6號出口),中正區,1,17,3,14,25.03615,121.5166
2026-09-25 23:28:52,09/25 23:28,500106080,YouBike2.0_捷運臺北車站(M2出口),中正區,1,20,8,10,25.04821,121.51903
2026-09-25 23:28:52,09/25 23:28,500106083,YouBike2.0_臺北市國父史蹟館(逸仙公園),中正區,1,31,19,11,25.04779,121.52042
2026-09-25 23:28:52,09/25 23:28,500106084,YouBike2.0_捷運西門站(5號出口),中正區,1,30,0,30,25.04244,121.50864
2026-09-25 23:28:52,09/25 23:28,500106085,YouBike2.0_弘道國中,中正區,1,33,4,28,25.03828,121.51524
2026-09-25 23:28:52,09/25 23:28,500106086,YouBike2.0_臺北市第一女子高級中學,中正區,1,28,3,25,25.0385,121.51288
2026-09-25 23:28:52,09/25 23:28,500106087,YouBike2.0_台北市替代役中心,中正區,1,15,9,4,25.01808,121.5275
2026-09-25 23:28:52,09/25 23:28,500106088,YouBike2.0_紹興徐州路口,中正區,1,18,13,5,25.04051,121.52401
2026-09-25 23:28:52,09/25 23:28,500106089,YouBike2.0_羅斯福寧波東街口,中正區,1,26,9,17,25.03145,121.51941
2026-09-25 23:28:52,09/25 23:28,500106090,YouBike2.0_自來水園區,中正區,1,40,37,1,25.01328,121.53004
2026-09-25 23:28:52,09/25 23:28,500106091,YouBike2.0_仁愛林森路口,中正區,1,46,3,42,25.03895,121.52233
2026-09-25 23:28:52,09/25 23:28,500106092,YouBike2.0_捷運西門站(3號出口),中正區,1,36,1,35,25.04178,121.50869
2026-09-25 23:28:52,09/25 23:28,500106093,YouBike2.0_仁愛金山路口,中正區,1,9,7,1,25.0384,121.52801
2026-09-25 23:28:52,09/25 23:28,500106094,YouBike2.0_杭州南路一段101巷口,中正區,1,14,9,4,25.03746,121.52799
2026-09-25 23:28:52,09/25 23:28,500106095,YouBike2.0_仁愛杭州路口,中正區,1,25,7,18,25.03846,121.52497
2026-09-25 23:28:52,09/25 23:28,500106096,YouBike2.0_龍興里活動中心,中正區,1,21,10,11,25.02815,121.51108
2026-09-25 23:28:52,09/25 23:28,500106097,YouBike2.0_植物園,中正區,1,29,12,17,25.0299,121.51033
2026-09-25 23:28:52,09/25 23:28,500106098,YouBike2.0_郵政博物館,中正區,1,24,1,23,25.03158,121.51464
2026-09-25 23:28:52,09/25 23:28,500106099,YouBike2.0_林森北平路口,中正區,1,20,6,14,25.04659,121.52377
2026-09-25 23:28:52,09/25 23:28,500106100,YouBike2.0_北平紹興路口,中正區,1,39,2,37,25.04597,121.52579
2026-09-25 23:28:52,09/25 23:28,500106101,YouBike2.0_天津北平路口,中正區,1,25,15,10,25.04692,121.52208
2026-09-25 23:28:52,09/25 23:28,500106102,YouBike2.0_捷運忠孝新生站(1號出口),中正區,1,19,0,19,25.04272,121.53207
2026-09-25 23:28:52,09/25 23:28,500106103,YouBike2.0_捷運忠孝新生站(5號出口),中正區,1,13,0,13,25.04113,121.53273
2026-09-25 23:28:52,09/25 23:28,500106104,YouBike2.0_捷運臺大醫院站(1號出口),中正區,1,19,14,5,25.04074,121.51586
2026-09-25 23:28:52,09/25 23:28,500106105,YouBike2.0_臺大醫院兒童醫院,中正區,1,22,3,16,25.04461,121.5188
2026-09-25 23:28:52,09/25 23:28,500106106,YouBike2.0_林森濟南路口(東北側),中正區,1,26,4,21,25.0425,121.5227
2026-09-25 23:28:52,09/25 23:28,500106107,YouBike2.0_仁愛紹興街口(南側),中正區,1,20,8,11,25.03837,121.52345
2026-09-25 23:28:52,09/25 23:28,500106108,YouBike2.0_中華南海路口,中正區,1,15,7,7,25.02703,121.50686
2026-09-25 23:28:52,09/25 23:28,500106109,YouBike2.0_立法院台北會館,中正區,1,15,7,8,25.03371,121.51068
2026-09-25 23:28:52,09/25 23:28,500106110,YouBike2.0_捷運善導寺站(3號出口)(忠孝東路側),中正區,1,31,2,28,25.04467,121.52357
2026-09-25 23:28:52,09/25 23:28,500106111,YouBike2.0_國家音樂廳,中正區,1,22,3,19,25.03788,121.51904
2026-09-25 23:28:52,09/25 23:28,500106112,YouBike2.0_忠孝西重慶南路口,中正區,1,33,8,23,25.04724,121.51272
2026-09-25 23:28:52,09/25 23:28,500106113,YouBike2.0_濟南路二段8巷口,中正區,1,14,8,5,25.04127,121.52697
2026-09-25 23:28:52,09/25 23:28,500106114,YouBike2.0_仁愛金山路口(東南側),中正區,1,14,14,0,25.03811,121.52855
2026-09-25 23:28:52,09/25 23:28,500106115,YouBike2.0_臺灣文學基地,中正區,1,23,4,18,25.04148,121.5287
2026-09-25 23:28:52,09/25 23:28,500106116,YouBike2.0_重慶南詔安街口,中正區,1,19,5,10,25.02507,121.51645
2026-09-25 23:28:52,09/25 23:28,500106117,YouBike2.0_文光公園,中正區,1,28,7,21,25.03898,121.53058
2026-09-25 23:28:52,09/25 23:28,500106118,YouBike2.0_捷運中正紀念堂站(2號出口),中正區,1,12,5,7,25.03212,121.51861
2026-09-25 23:28:52,09/25 23:28,500106119,YouBike2.0_螢圃里小公園,中正區,1,25,21,0,25.02484,121.51973
2026-09-25 23:28:52,09/25 23:28,500106120,YouBike2.0_螢橋公園,中正區,1,29,12,17,25.02682,121.51737
2026-09-25 23:28:52,09/25 23:28,500106121,YouBike2.0_泉州寧波西街口,中正區,1,49,31,17,25.02965,121.51415
2026-09-25 23:28:52,09/25 23:28,500106122,YouBike2.0_和平西路二段98巷口,中正區,1,16,8,8,25.0289,121.5097
2026-09-25 23:28:52,09/25 23:28,500106123,YouBike2.0_仁愛新生路口(西南側),中正區,1,18,16,2,25.03796,121.53261
2026-09-25 23:28:52,09/25 23:28,500106124,YouBike2.0_幸安市場,中正區,1,15,4,11,25.04032,121.53141
2026-09-25 23:28:52,09/25 23:28,500106125,YouBike2.0_龍口市場,中正區,1,14,9,3,25.0275,121.51013
2026-09-25 23:28:52,09/25 23:28,500106126,YouBike2.0_捷運善導寺站(5號出口),中正區,1,31,1,30,25.04418,121.52552
2026-09-25 23:28:52,09/25 23:28,500106127,YouBike2.0_青島杭州路口,中正區,1,17,4,13,25.04281,121.52629
2026-09-25 23:28:52,09/25 23:28,500106128,YouBike2.0_詔安街37巷口,中正區,1,28,9,18,25.02542,121.51233
2026-09-25 23:28:52,09/25 23:28,500106129,YouBike2.0_南海路112巷口,中正區,1,31,8,22,25.02757,121.50771
2026-09-25 23:28:52,09/25 23:28,500106130,YouBike2.0_牯嶺街95巷,中正區,1,16,15,1,25.0255,121.52067
2026-09-25 23:28:52,09/25 23:28,500106131,YouBike2.0_仁愛紹興路口(北側),中正區,1,23,1,21,25.03862,121.52385
2026-09-25 23:28:52,09/25 23:28,500106132,YouBike2.0_貴陽博愛路口,中正區,1,69,14,54,25.03896,121.51093
2026-09-25 23:28:52,09/25 23:28,500106133,YouBike2.0_國立臺灣博物館南門館,中正區,1,21,5,16,25.03351,121.5156
2026-09-25 23:28:52,09/25 23:28,500106134,YouBike2.0_汀州路一段106巷口,中正區,1,21,14,7,25.03008,121.50768
2026-09-25 23:28:52,09/25 23:28,500106135,YouBike2.0_羅斯福路四段108巷口,中正區,1,20,1,18,25.01346,121.5355
2026-09-25 23:28:52,09/25 23:28,500106136,YouBike2.0_公館水岸廣場,中正區,1,27,19,7,25.01193,121.52861
2026-09-25 23:28:52,09/25 23:28,500106137,YouBike2.0_捷運小南門站(3號出口),中正區,1,19,2,17,25.03532,121.51117
2026-09-25 23:28:52,09/25 23:28,500106138,YouBike2.0_臨沂街停車場,中正區,1,33,7,26,25.0426,121.53006
2026-09-25 23:28:52,09/25 23:28,500106142,YouBike2.0_愛國東羅斯福路口,中正區,1,24,1,23,25.03454,121.51733
2026-09-25 23:28:52,09/25 23:28,500106143,YouBike2.0_螢橋國中,中正區,1,18,16,1,25.01933,121.52582
2026-09-25 23:28:52,09/25 23:28,500106144,YouBike2.0_立法院中興大樓,中正區,1,13,5,7,25.04278,121.52119
2026-09-25 23:28:52,09/25 23:28,500106145,YouBike2.0_汀州南海路口,中正區,1,19,9,9,25.0288,121.50875
2026-09-25 23:28:52,09/25 23:28,500106146,YouBike2.0_捷運中正紀念堂站(7號出口),中正區,1,23,1,22,25.03465,121.5156
2026-09-25 23:28:52,09/25 23:28,500106147,YouBike2.0_羅斯福路三段210巷口,中正區,1,16,7,9,25.01884,121.52994
2026-09-25 23:28:52,09/25 23:28,500106149,YouBike2.0_忠義實小,中正區,1,19,13,2,25.02968,121.50631
2026-09-25 23:28:52,09/25 23:28,500106150,YouBike2.0_中華路二段313巷口,中正區,1,35,2,29,25.02816,121.50574
2026-09-25 23:28:52,09/25 23:28,500106151,YouBike2.0_牯嶺街9巷口,中正區,1,19,4,14,25.0313,121.51554
2026-09-25 23:28:52,09/25 23:28,500106152,YouBike2.0_量水室古蹟廣場,中正區,1,44,2,40,25.01279,121.53401
2026-09-25 23:28:52,09/25 23:28,500107001,YouBike2.0_通北街65巷口,中山區,1,27,17,10,25.08251,121.54004
2026-09-25 23:28:52,09/25 23:28,500107002,YouBike2.0_圓山風景區,中山區,1,15,3,10,25.07805,121.5295
2026-09-25 23:28:52,09/25 23:28,500107003,YouBike2.0_樂群二堤頂大道口,中山區,1,20,2,18,25.0803,121.56251
2026-09-25 23:28:52,09/25 23:28,500107004,YouBike2.0_劍潭社區,中山區,1,13,6,7,25.08524,121.53748
2026-09-25 23:28:52,09/25 23:28,500107005,YouBike2.0_培英公園,中山區,1,40,16,23,25.08258,121.54462
2026-09-25 23:28:52,09/25 23:28,500107006,YouBike2.0_樂群二明水路口,中山區,1,20,0,20,25.08009,121.55226
2026-09-25 23:28:52,09/25 23:28,500107007,YouBike2.0_北安大直街口,中山區,1,63,12,49,25.08474,121.54968
2026-09-25 23:28:52,09/25 23:28,500107008,YouBike2.0_捷運劍南路站(2號出口),中山區,1,40,5,34,25.084751813542,121.555090270105
2026-09-25 23:28:52,09/25 23:28,500107009,YouBike2.0_樂群二敬業三路口,中山區,1,20,18,2,25.07985,121.55609
2026-09-25 23:28:52,09/25 23:28,500107010,YouBike2.0_樂群二敬業四路口,中山區,1,36,20,15,25.07976,121.55813
2026-09-25 23:28:52,09/25 23:28,500107011,YouBike2.0_捷運大直站(3號出口),中山區,1,34,2,32,25.07923,121.5473
2026-09-25 23:28:52,09/25 23:28,500107012,YouBike2.0_復興市民路口,中山區,1,52,3,48,25.04585,121.54375
2026-09-25 23:28:52,09/25 23:28,500107013,YouBike2.0_南京遼寧街口,中山區,1,42,0,42,25.05176,121.54217
2026-09-25 23:28:52,09/25 23:28,500107014,YouBike2.0_伊通長安路口,中山區,1,21,0,21,25.04833,121.53469
2026-09-25 23:28:52,09/25 23:28,500107015,YouBike2.0_新生長安路口,中山區,1,44,11,33,25.04861,121.52935
2026-09-25 23:28:52,09/25 23:28,500107016,YouBike2.0_市民林森路口,中山區,1,69,16,52,25.04765,121.52589
2026-09-25 23:28:52,09/25 23:28,500107017,YouBike2.0_南京新生路口,中山區,1,36,19,15,25.05194,121.52766
2026-09-25 23:28:52,09/25 23:28,500107018,YouBike2.0_一江公園,中山區,1,37,15,22,25.05316,121.53146
2026-09-25 23:28:52,09/25 23:28,500107019,YouBike2.0_松江公園,中山區,1,42,4,37,25.05025,121.53273
2026-09-25 23:28:52,09/25 23:28,500107020,YouBike2.0_新生長春路口,中山區,1,32,9,16,25.05639,121.52752
2026-09-25 23:28:52,09/25 23:28,500107021,YouBike2.0_第二果菜批發市場,中山區,1,40,22,16,25.06642,121.53735
2026-09-25 23:28:52,09/25 23:28,500107022,YouBike2.0_民生建國路口,中山區,1,47,12,35,25.05778,121.53692
2026-09-25 23:28:52,09/25 23:28,500107023,YouBike2.0_興安華城,中山區,1,62,60,0,25.05606,121.54175
2026-09-25 23:28:52,09/25 23:28,500107024,YouBike2.0_捷運中山國中站,中山區,1,61,0,61,25.06106,121.54406
2026-09-25 23:28:52,09/25 23:28,500107025,YouBike2.0_龍江錦州街口,中山區,1,16,5,11,25.06045,121.54077
2026-09-25 23:28:52,09/25 23:28,500107026,YouBike2.0_建國長春路口,中山區,1,16,4,12,25.05469,121.53686
2026-09-25 23:28:52,09/25 23:28,500107027,YouBike2.0_南京建國路口,中山區,1,57,7,50,25.05214,121.5368
2026-09-25 23:28:52,09/25 23:28,500107028,YouBike2.0_捷運松江南京站(7號出口),中山區,1,75,2,72,25.05246,121.5332
2026-09-25 23:28:52,09/25 23:28,500107029,YouBike2.0_朱崙商場,中山區,1,37,21,12,25.04762,121.54043
2026-09-25 23:28:52,09/25 23:28,500107030,YouBike2.0_中吉公園,中山區,1,30,18,11,25.05604,121.53166
2026-09-25 23:28:52,09/25 23:28,500107031,YouBike2.0_華山公園,中山區,1,22,12,9,25.0471,121.5277
2026-09-25 23:28:52,09/25 23:28,500107032,YouBike2.0_建國北路一段17巷,中山區,1,45,5,40,25.04699,121.53735
2026-09-25 23:28:52,09/25 23:28,500107033,YouBike2.0_江寧公園,中山區,1,16,12,4,25.0617,121.53925
2026-09-25 23:28:52,09/25 23:28,500107034,YouBike2.0_民權龍江路口,中山區,1,32,11,20,25.06225,121.54107
2026-09-25 23:28:52,09/25 23:28,500107035,YouBike2.0_捷運中山國小站(2號出口),中山區,1,79,4,74,25.06246,121.52705
2026-09-25 23:28:52,09/25 23:28,500107036,YouBike2.0_捷運行天宮站(3號出口),中山區,1,48,7,38,25.05992,121.5333
2026-09-25 23:28:52,09/25 23:28,500107037,YouBike2.0_林森農安街口,中山區,1,23,19,4,25.06531,121.52565
2026-09-25 23:28:52,09/25 23:28,500107038,YouBike2.0_捷運中山國小站(4號出口),中山區,1,20,6,14,25.06283,121.52697
2026-09-25 23:28:52,09/25 23:28,500107039,YouBike2.0_農安雙城街口,中山區,0,15,0,15,25.06491,121.52449
2026-09-25 23:28:52,09/25 23:28,500107040,YouBike2.0_新生德惠街口,中山區,1,35,20,15,25.06652,121.52762
2026-09-25 23:28:52,09/25 23:28,500107041,YouBike2.0_民族林森路口,中山區,1,58,14,43,25.06847,121.52559
2026-09-25 23:28:52,09/25 23:28,500107042,YouBike2.0_臺北市立美術館,中山區,1,24,5,19,25.06987,121.52291
2026-09-25 23:28:52,09/25 23:28,500107043,YouBike2.0_中山民族路口,中山區,1,16,9,7,25.06816,121.52265
2026-09-25 23:28:52,09/25 23:28,500107044,YouBike2.0_新生高架停車場(林森北路107巷口),中山區,1,14,12,2,25.04983,121.52853
2026-09-25 23:28:52,09/25 23:28,500107045,YouBike2.0_南京林森路口,中山區,1,22,7,14,25.05201,121.52556
2026-09-25 23:28:52,09/25 23:28,500107046,YouBike2.0_仁德公園,中山區,1,18,8,9,25.05337,121.5289
2026-09-25 23:28:52,09/25 23:28,500107047,YouBike2.0_中原公園,中山區,1,15,14,1,25.05583,121.52821
2026-09-25 23:28:52,09/25 23:28,500107048,YouBike2.0_下埤公園,中山區,1,33,28,3,25.06682,121.54213
2026-09-25 23:28:52,09/25 23:28,500107049,YouBike2.0_五常國中,中山區,1,42,20,22,25.06505,121.54366
2026-09-25 23:28:52,09/25 23:28,500107050,YouBike2.0_榮星花園,中山區,0,46,0,0,25.06424,121.54037
2026-09-25 23:28:52,09/25 23:28,500107051,YouBike2.0_民權建國路口,中山區,1,50,4,43,25.06251,121.53765
2026-09-25 23:28:52,09/25 23:28,500107052,YouBike2.0_松江路431巷口,中山區,1,20,6,13,25.06585,121.53338
2026-09-25 23:28:52,09/25 23:28,500107053,YouBike2.0_新喜公園,中山區,1,13,9,1,25.06533,121.53177
2026-09-25 23:28:52,09/25 23:28,500107054,YouBike2.0_吉林路407巷口,中山區,1,15,10,0,25.06595,121.53041
2026-09-25 23:28:52,09/25 23:28,500107055,YouBike2.0_民族松江路口,中山區,1,17,4,12,25.06833,121.5328
2026-09-25 23:28:52,09/25 23:28,500107056,YouBike2.0_林安泰古厝,中山區,0,36,0,0,25.07154,121.53058
2026-09-25 23:28:52,09/25 23:28,500107058,YouBike2.0_渭水八德路口,中山區,1,23,11,11,25.04573,121.53508
2026-09-25 23:28:52,09/25 23:28,500107059,YouBike2.0_捷運中山站(2號出口),中山區,1,33,0,31,25.05228,121.52176
2026-09-25 23:28:52,09/25 23:28,500107060,YouBike2.0_撫順公園,中山區,1,30,7,23,25.06416,121.52203
2026-09-25 23:28:52,09/25 23:28,500107061,YouBike2.0_新生公園,中山區,1,29,4,23,25.06839,121.53032
2026-09-25 23:28:52,09/25 23:28,500107062,YouBike2.0_捷運行天宮站(1號出口),中山區,1,49,5,42,25.05867,121.53305
2026-09-25 23:28:52,09/25 23:28,500107063,YouBike2.0_林森長春路口,中山區,1,28,4,24,25.05497,121.52536
2026-09-25 23:28:52,09/25 23:28,500107064,YouBike2.0_建國農安街口,中山區,1,80,36,44,25.06503,121.53678
2026-09-25 23:28:52,09/25 23:28,500107065,YouBike2.0_松江路77巷口,中山區,1,10,0,10,25.04985,121.53312
2026-09-25 23:28:52,09/25 23:28,500107066,YouBike2.0_建國長安路口,中山區,1,20,9,11,25.04836,121.53669
2026-09-25 23:28:52,09/25 23:28,500107067,YouBike2.0_市民新生路口,中山區,1,15,8,7,25.04611,121.53193
2026-09-25 23:28:52,09/25 23:28,500107068,YouBike2.0_民權吉林路口,中山區,1,27,13,14,25.06269,121.53061
2026-09-25 23:28:52,09/25 23:28,500107069,YouBike2.0_中山農安街口,中山區,1,35,0,34,25.0651,121.5224
2026-09-25 23:28:52,09/25 23:28,500107070,YouBike2.0_捷運行政大樓,中山區,1,14,4,10,25.05575,121.52168
2026-09-25 23:28:52,09/25 23:28,500107071,YouBike2.0_中吉公園(松江路188巷),中山區,1,22,10,12,25.0568,121.53191
2026-09-25 23:28:52,09/25 23:28,500107072,YouBike2.0_吉林路123巷口,中山區,1,22,16,5,25.05731,121.53021
2026-09-25 23:28:52,09/25 23:28,500107075,YouBike2.0_國立臺北大學(臺北校區),中山區,1,38,5,33,25.05806,121.54304
2026-09-25 23:28:52,09/25 23:28,500107076,YouBike2.0_錦州吉林路口,中山區,1,30,29,1,25.06028,121.52991
2026-09-25 23:28:52,09/25 23:28,500107077,YouBike2.0_中山北路二段59巷口,中山區,0,12,0,0,25.05606,121.5229
2026-09-25 23:28:52,09/25 23:28,500107078,YouBike2.0_永盛公園(民生東路一段23巷),中山區,1,24,11,13,25.05873,121.52488
2026-09-25 23:28:52,09/25 23:28,500107079,YouBike2.0_新生錦州街口,中山區,1,20,6,13,25.05955,121.52744
2026-09-25 23:28:52,09/25 23:28,500107080,YouBike2.0_濱江街199巷口,中山區,1,21,20,1,25.0734,121.53985
2026-09-25 23:28:52,09/25 23:28,500107081,YouBike2.0_大佳社區公園,中山區,1,20,11,8,25.07275,121.5373
2026-09-25 23:28:52,09/25 23:28,500107082,YouBike2.0_濱江果菜市場,中山區,1,22,2,19,25.06807,121.53673
2026-09-25 23:28:52,09/25 23:28,500107083,YouBike2.0_興安合江路口,中山區,1,29,12,14,25.05619,121.53949
2026-09-25 23:28:52,09/25 23:28,500107084,YouBike2.0_復興北路514巷口東側,中山區,1,12,10,1,25.06597,121.54117
2026-09-25 23:28:52,09/25 23:28,500107085,YouBike2.0_台泥大樓,中山區,1,28,7,21,25.06142,121.52305
2026-09-25 23:28:52,09/25 23:28,500107086,YouBike2.0_植福樂群路口,中山區,1,10,1,9,25.08303,121.5604
2026-09-25 23:28:52,09/25 23:28,500107087,YouBike2.0_新興公園,中山區,1,26,22,4,25.06157,121.52439
2026-09-25 23:28:52,09/25 23:28,500107088,YouBike2.0_南京伊通街口,中山區,1,11,1,10,25.05189,121.53517
2026-09-25 23:28:52,09/25 23:28,500107089,YouBike2.0_南京龍江路口,中山區,1,24,10,14,25.05205,121.54012
2026-09-25 23:28:52,09/25 23:28,500107090,YouBike2.0_撫順街41巷(崇德宮前),中山區,1,19,6,13,25.06389,121.51916
2026-09-25 23:28:52,09/25 23:28,500107091,YouBike2.0_臺北市立圖書館大直分館,中山區,1,20,7,13,25.08152,121.54646
2026-09-25 23:28:52,09/25 23:28,500107092,YouBike2.0_捷運大直站(1號出口),中山區,1,27,15,11,25.0801,121.54708
2026-09-25 23:28:52,09/25 23:28,500107093,YouBike2.0_捷運松江南京站(4號出口),中山區,1,32,3,29,25.0512,121.53312
2026-09-25 23:28:52,09/25 23:28,500107095,YouBike2.0_中429公園,中山區,1,21,14,7,25.07864,121.55557
2026-09-25 23:28:52,09/25 23:28,500107096,YouBike2.0_長春路137巷口,中山區,1,23,18,5,25.05791,121.53114
2026-09-25 23:28:52,09/25 23:28,500107097,YouBike2.0_松江民生路口,中山區,1,21,5,15,25.05765,121.53299
2026-09-25 23:28:52,09/25 23:28,500107098,YouBike2.0_松江路132巷口,中山區,1,14,5,9,25.05277,121.53013
2026-09-25 23:28:52,09/25 23:28,500107099,YouBike2.0_長春吉林路口,中山區,1,10,3,6,25.05481,121.53032
2026-09-25 23:28:52,09/25 23:28,500107100,YouBike2.0_長春一江街口,中山區,1,11,2,8,25.05488,121.53142
2026-09-25 23:28:52,09/25 23:28,500107101,YouBike2.0_捷運松江南京站(8號出口),中山區,1,29,2,26,25.05215,121.53276
2026-09-25 23:28:52,09/25 23:28,500107102,YouBike2.0_南京一江街口,中山區,0,20,0,20,25.05215,121.53171
2026-09-25 23:28:52,09/25 23:28,500107103,YouBike2.0_松江長春路口,中山區,1,16,1,14,25.05499,121.53295
2026-09-25 23:28:52,09/25 23:28,500107104,YouBike2.0_經國七海文化園區,中山區,1,15,4,11,25.07802,121.53511
2026-09-25 23:28:52,09/25 23:28,500107105,YouBike2.0_民族玉門街口,中山區,1,20,7,13,25.06873,121.52003
2026-09-25 23:28:52,09/25 23:28,500107106,YouBike2.0_新生農安街口,中山區,1,15,8,7,25.06493,121.52778
2026-09-25 23:28:52,09/25 23:28,500107107,YouBike2.0_稻江高級護理家事職業學校,中山區,1,14,7,6,25.06532,121.52848
2026-09-25 23:28:52,09/25 23:28,500107108,YouBike2.0_捷運大直站(3號出口)_1,中山區,1,18,4,14,25.07934,121.54671
2026-09-25 23:28:52,09/25 23:28,500107109,YouBike2.0_樂群二明水路口_1,中山區,1,34,14,20,25.07983,121.55236
2026-09-25 23:28:52,09/25 23:28,500107110,YouBike2.0_民權吉林路口(南側),中山區,1,32,25,7,25.06245,121.53043
2026-09-25 23:28:52,09/25 23:28,500107111,YouBike2.0_長春龍江路口,中山區,1,45,15,30,25.05473,121.54026
2026-09-25 23:28:52,09/25 23:28,500107112,YouBike2.0_民權新生路口,中山區,1,26,22,4,25.06305,121.52776
2026-09-25 23:28:52,09/25 23:28,500107113,YouBike2.0_建國長春路口(北側),中山區,1,30,9,21,25.05476,121.53693
2026-09-25 23:28:52,09/25 23:28,500107114,YouBike2.0_中山行政中心,中山區,1,30,15,14,25.06432,121.53349
2026-09-25 23:28:52,09/25 23:28,500107115,YouBike2.0_臺北市立美術館_1,中山區,1,40,4,35,25.07063,121.52327
2026-09-25 23:28:52,09/25 23:28,500107116,YouBike2.0_劍潭社區_1,中山區,1,42,4,37,25.08476,121.53789
2026-09-25 23:28:52,09/25 23:28,500107117,YouBike2.0_濱江國小游泳池,中山區,1,16,6,10,25.07818,121.56175
2026-09-25 23:28:52,09/25 23:28,500107118,YouBike2.0_林森公園,中山區,1,49,5,41,25.05223,121.52581
2026-09-25 23:28:52,09/25 23:28,500107119,YouBike2.0_中428公園,中山區,1,24,10,12,25.07825,121.55337
2026-09-25 23:28:52,09/25 23:28,500107120,YouBike2.0_復華公園,中山區,1,20,4,15,25.05339,121.5401
2026-09-25 23:28:52,09/25 23:28,500107121,YouBike2.0_新生民族路口(西南側),中山區,1,35,4,30,25.06819,121.52767
2026-09-25 23:28:52,09/25 23:28,500107122,YouBike2.0_捷運南京復興站(1號出口),中山區,1,21,0,21,25.05253,121.54256
2026-09-25 23:28:52,09/25 23:28,500107123,YouBike2.0_八德市場(北側),中山區,1,29,3,26,25.04478,121.53661
2026-09-25 23:28:52,09/25 23:28,500107124,YouBike2.0_龍江朱崙街口,中山區,1,14,2,12,25.05004,121.54043
2026-09-25 23:28:52,09/25 23:28,500107125,YouBike2.0_大直街94巷,中山區,1,13,6,4,25.08431,121.54755
2026-09-25 23:28:52,09/25 23:28,500107126,YouBike2.0_捷運南京復興站(8號出口),中山區,1,25,11,13,25.05196,121.5433
2026-09-25 23:28:52,09/25 23:28,500107127,YouBike2.0_民權建國路口(南側),中山區,1,22,1,21,25.06228,121.53702
2026-09-25 23:28:52,09/25 23:28,500107128,YouBike2.0_林森德惠街口,中山區,1,16,5,9,25.06688,121.5257
2026-09-25 23:28:52,09/25 23:28,500107129,YouBike2.0_新生濱江街口(東南側),中山區,1,21,0,21,25.07059,121.52812
2026-09-25 23:28:52,09/25 23:28,500107130,YouBike2.0_新生北路一段62巷口,中山區,1,30,6,24,25.04699,121.53075
2026-09-25 23:28:52,09/25 23:28,500107131,YouBike2.0_新生長春路口(東北側),中山區,1,19,1,18,25.05532,121.52769
2026-09-25 23:28:52,09/25 23:28,500107132,YouBike2.0_捷運劍南路站(1號出口),中山區,1,25,12,11,25.08519,121.55498
2026-09-25 23:28:52,09/25 23:28,500107133,YouBike2.0_樂群三路123號,中山區,1,34,7,27,25.08271,121.55514
2026-09-25 23:28:52,09/25 23:28,500107134,YouBike2.0_長春路258巷2弄口,中山區,1,16,14,2,25.05427,121.53896
2026-09-25 23:28:52,09/25 23:28,500107135,YouBike2.0_長寧大廈社區(南側),中山區,1,32,5,27,25.05418,121.54332
2026-09-25 23:28:52,09/25 23:28,500107136,YouBike2.0_建國五常街口,中山區,1,20,17,2,25.06419,121.53732
2026-09-25 23:28:52,09/25 23:28,500107137,YouBike2.0_中山北路二段62巷口,中山區,1,12,2,9,25.05676,121.52268
2026-09-25 23:28:52,09/25 23:28,500107138,YouBike2.0_市民安東街口,中山區,1,36,21,13,25.0448,121.54213
2026-09-25 23:28:52,09/25 23:28,500107139,YouBike2.0_市民大道二段5巷口,中山區,1,58,52,5,25.04812,121.52166
2026-09-25 23:28:52,09/25 23:28,500107140,YouBike2.0_捷運中山站(3號出口),中山區,1,21,0,21,25.05236,121.52212
2026-09-25 23:28:52,09/25 23:28,500107141,YouBike2.0_建國北路高架橋下停車場G區,中山區,1,18,11,7,25.05959,121.53682
2026-09-25 23:28:52,09/25 23:28,500107142,YouBike2.0_朱崙公園,中山區,1,20,8,11,25.04919,121.54198
2026-09-25 23:28:52,09/25 23:28,500107143,YouBike2.0_朱崙復興北路口,中山區,1,18,2,15,25.04992,121.54379
2026-09-25 23:28:52,09/25 23:28,500107144,YouBike2.0_捷運行天宮站(4號出口),中山區,1,36,16,18,25.06037,121.53283
2026-09-25 23:28:52,09/25 23:28,500107145,YouBike2.0_建國北路三段86巷口,中山區,1,26,18,7,25.06617,121.53526
2026-09-25 23:28:52,09/25 23:28,500107146,YouBike2.0_正守公園,中山區,1,23,14,8,25.04808,121.52898
2026-09-25 23:28:52,09/25 23:28,500107147,YouBike2.0_四平松江路口,中山區,1,18,7,11,25.05366,121.53282
2026-09-25 23:28:52,09/25 23:28,500107149,YouBike2.0_北安通北街口,中山區,1,36,7,27,25.07965,121.54148
2026-09-25 23:28:52,09/25 23:28,500107150,YouBike2.0_民權東復興北路口(西北側),中山區,1,20,5,15,25.06246,121.54323
2026-09-25 23:28:52,09/25 23:28,500107151,YouBike2.0_臺北市立大同高中,中山區,1,48,24,23,25.05484,121.53521
2026-09-25 23:28:52,09/25 23:28,500107152,YouBike2.0_中崙加油站,中山區,1,27,13,12,25.04634,121.53979
2026-09-25 23:28:52,09/25 23:28,500107153,YouBike2.0_北安明水路口(自強隧道),中山區,1,12,3,9,25.08578,121.55225
2026-09-25 23:28:52,09/25 23:28,500107154,YouBike2.0_中正國小(南京東路三段48巷),中山區,1,15,5,10,25.05126,121.53845
2026-09-25 23:28:52,09/25 23:28,500107155,YouBike2.0_臺北時代廣場,中山區,1,35,5,30,25.08044,121.56152
2026-09-25 23:28:52,09/25 23:28,500107156,YouBike2.0_吉林農安街口(西北側),中山區,1,15,7,8,25.06493,121.53034
2026-09-25 23:28:52,09/25 23:28,500107157,YouBike2.0_濱江國中,中山區,1,31,12,18,25.0793,121.56178
2026-09-25 23:28:52,09/25 23:28,500107158,YouBike2.0_環山抽水站,中山區,1,34,12,22,25.07734,121.5631
2026-09-25 23:28:52,09/25 23:28,500107159,YouBike2.0_民權中山路口(東北側),中山區,1,25,14,11,25.06292,121.52299
2026-09-25 23:28:52,09/25 23:28,500107160,YouBike2.0_復興五常街口(西南側),中山區,1,26,2,23,25.06409,121.54415
2026-09-25 23:28:52,09/25 23:28,500107161,YouBike2.0_松江長安路口,中山區,1,21,2,19,25.04819,121.53282
2026-09-25 23:28:52,09/25 23:28,500107162,YouBike2.0_長安國小,中山區,1,26,7,19,25.05018,121.53008
2026-09-25 23:28:52,09/25 23:28,500107163,YouBike2.0_中山市場,中山區,1,16,7,7,25.05007,121.52107
2026-09-25 23:28:52,09/25 23:28,500107164,YouBike2.0_捷運雙連站(1號出口),中山區,1,17,6,11,25.05767,121.52097
2026-09-25 23:28:52,09/25 23:28,500107165,YouBike2.0_吉林南京路口(西北側),中山區,1,22,5,15,25.05234,121.53003
2026-09-25 23:28:52,09/25 23:28,500107166,YouBike2.0_龍江路345巷,中山區,1,23,19,3,25.06339,121.54116
2026-09-25 23:28:52,09/25 23:28,500107167,YouBike2.0_捷運劍南路站(3號出口),中山區,1,46,8,38,25.08444,121.55657
2026-09-25 23:28:52,09/25 23:28,500107168,YouBike2.0_一江南京東路口(西南側),中山區,1,22,6,16,25.05181,121.53146
2026-09-25 23:28:52,09/25 23:28,500107169,YouBike2.0_大直抽水站公車站,中山區,1,27,13,14,25.07756,121.54556
2026-09-25 23:28:52,09/25 23:28,500107170,YouBike2.0_民權東路三段39巷口,中山區,1,25,23,0,25.06596,121.54259
2026-09-25 23:28:52,09/25 23:28,500107171,YouBike2.0_臺北市立中山女高,中山區,1,33,9,24,25.04841,121.53889
2026-09-25 23:28:52,09/25 23:28,500107172,YouBike2.0_朱昌公園,中山區,1,25,24,0,25.0554,121.53908
2026-09-25 23:28:52,09/25 23:28,500107173,YouBike2.0_林森公園東北側,中山區,1,18,12,6,25.05381,121.52674
2026-09-25 23:28:52,09/25 23:28,500107174,YouBike2.0_康樂公園西北側,中山區,1,18,2,16,25.05377,121.52456
2026-09-25 23:28:52,09/25 23:28,500107175,YouBike2.0_中山北德惠街口,中山區,1,20,17,1,25.06671,121.52257
2026-09-25 23:28:52,09/25 23:28,500107176,YouBike2.0_晴光公園,中山區,1,20,4,16,25.06411,121.52446
2026-09-25 23:28:52,09/25 23:28,500107177,YouBike2.0_松江路25巷口,中山區,1,42,6,36,25.04628,121.53304
2026-09-25 23:28:52,09/25 23:28,500107178,YouBike2.0_民生東合江街口,中山區,1,20,20,0,25.05777,121.53951
2026-09-25 23:28:52,09/25 23:28,500107179,YouBike2.0_飛航服務總臺,中山區,1,23,3,20,25.07241,121.55117
2026-09-25 23:28:52,09/25 23:28,500107180,YouBike2.0_內湖堤頂大道(西南側),中山區,1,24,9,15,25.08462,121.56016
2026-09-25 23:28:52,09/25 23:28,500107181,YouBike2.0_大直派出所,中山區,1,30,6,23,25.07913,121.54422
2026-09-25 23:28:52,09/25 23:28,500107182,YouBike2.0_遼寧民生路口,中山區,1,17,11,6,25.057666880504,121.541996809041
2026-09-25 23:28:52,09/25 23:28,500107183,YouBike2.0_松江路184巷口,中山區,1,21,6,15,25.05623,121.53296
2026-09-25 23:28:52,09/25 23:28,500107184,YouBike2.0_民權東路三段60巷,中山區,1,18,11,6,25.06058,121.54236
2026-09-25 23:28:52,09/25 23:28,500107185,YouBike2.0_長春路258巷2弄(北側),中山區,1,19,14,5,25.05474,121.5383
2026-09-25 23:28:52,09/25 23:28,500107186,YouBike2.0_中山北路二段96巷口,中山區,1,18,3,15,25.0598,121.52253
2026-09-25 23:28:52,09/25 23:28,500107187,YouBike2.0_吉林路236巷口,中山區,1,21,17,0,25.05931,121.53025
2026-09-25 23:28:52,09/25 23:28,500107188,YouBike2.0_上塔悠公園(明水路),中山區,1,30,16,13,25.07767,121.55205
2026-09-25 23:28:52,09/25 23:28,500107189,YouBike2.0_中山民生東路口(東南側),中山區,1,21,3,18,25.05778,121.52299
2026-09-25 23:28:52,09/25 23:28,500107190,YouBike2.0_中山北路二段26巷,中山區,1,51,1,49,25.05392,121.52066
2026-09-25 23:28:52,09/25 23:28,500107191,YouBike2.0_八德路二段210巷口,中山區,1,21,15,6,25.04478,121.53958
2026-09-25 23:28:52,09/25 23:28,500107192,YouBike2.0_長安林森路口公車站,中山區,1,20,13,6,25.04882,121.52589
2026-09-25 23:28:52,09/25 23:28,500107193,YouBike2.0_市民大道二段67巷口,中山區,1,30,23,6,25.04652,121.5296
2026-09-25 23:28:52,09/25 23:28,500107194,YouBike2.0_德惠雙城街口(西側),中山區,1,18,12,6,25.0667,121.5242
2026-09-25 23:28:52,09/25 23:28,500107195,YouBike2.0_北安路608巷明水路口,中山區,1,18,7,11,25.08194,121.55124
2026-09-25 23:28:52,09/25 23:28,500107196,YouBike2.0_新生林森北路485巷口,中山區,1,35,11,24,25.06114,121.52745
2026-09-25 23:28:52,09/25 23:28,500107197,YouBike2.0_新壽公園,中山區,1,16,8,7,25.06313,121.53015
2026-09-25 23:28:52,09/25 23:28,500107198,YouBike2.0_復興北路430巷,中山區,1,37,19,14,25.06341,121.54353
2026-09-25 23:28:52,09/25 23:28,500107199,YouBike2.0_林森錦州街口,中山區,1,21,19,1,25.06051,121.52566
2026-09-25 23:28:52,09/25 23:28,500107200,YouBike2.0_臺北市立美術館(中山北路三段),中山區,1,20,16,4,25.07177,121.52395
2026-09-25 23:28:52,09/25 23:28,500107201,YouBike2.0_臺北市立美術館(新生北路三段),中山區,1,24,18,5,25.07255,121.52529
2026-09-25 23:28:52,09/25 23:28,500107202,YouBike2.0_南京新生路口(北側),中山區,0,24,0,0,25.0522,121.52768
2026-09-25 23:28:52,09/25 23:28,500107203,YouBike2.0_永安國小(北安路554巷),中山區,1,17,4,13,25.08002,121.54983
2026-09-25 23:28:52,09/25 23:28,500107204,YouBike2.0_敬業一路36巷口,中山區,1,27,9,16,25.08131,121.55443
2026-09-25 23:28:52,09/25 23:28,500107205,YouBike2.0_經濟部能源署,中山區,1,18,3,15,25.04792,121.54379
2026-09-25 23:28:52,09/25 23:28,500107206,YouBike2.0_松江路372巷口,中山區,1,15,4,11,25.06304,121.53289
2026-09-25 23:28:52,09/25 23:28,500107207,YouBike2.0_龍江平面停車場,中山區,1,17,0,17,25.05409,121.54205
2026-09-25 23:28:52,09/25 23:28,500107208,YouBike2.0_松江民族路口(西南側),中山區,1,16,5,10,25.06743,121.53309
2026-09-25 23:28:52,09/25 23:28,500107209,YouBike2.0_忠烈祠,中山區,1,30,3,26,25.0782,121.53237
2026-09-25 23:28:52,09/25 23:28,500107210,YouBike2.0_圓山派出所,中山區,1,30,6,24,25.0731,121.52391
2026-09-25 23:28:52,09/25 23:28,500108001,YouBike2.0_文湖街21巷118弄口,內湖區,1,28,16,11,25.09122,121.55961
2026-09-25 23:28:52,09/25 23:28,500108002,YouBike2.0_北勢湖環保公園,內湖區,1,27,3,24,25.08378,121.56208
2026-09-25 23:28:52,09/25 23:28,500108003,YouBike2.0_洲子一號公園,內湖區,1,43,8,34,25.07977,121.56454
2026-09-25 23:28:52,09/25 23:28,500108004,YouBike2.0_西康公園,內湖區,1,21,2,17,25.08284,121.56449
2026-09-25 23:28:52,09/25 23:28,500108005,YouBike2.0_文湖國小,內湖區,1,43,34,8,25.08637,121.56088
2026-09-25 23:28:52,09/25 23:28,500108006,YouBike2.0_文湖街81巷10號西側,內湖區,1,23,17,6,25.08697,121.5641
2026-09-25 23:28:52,09/25 23:28,500108007,YouBike2.0_德明財經科技大學,內湖區,1,36,21,13,25.08637,121.56574
2026-09-25 23:28:52,09/25 23:28,500108008,YouBike2.0_麗山國小,內湖區,1,76,35,40,25.0826,121.57158
2026-09-25 23:28:52,09/25 23:28,500108009,YouBike2.0_麗山高中,內湖區,1,57,5,51,25.08398,121.57725
2026-09-25 23:28:52,09/25 23:28,500108010,YouBike2.0_港華五號公園,內湖區,1,16,8,8,25.08522,121.57462
2026-09-25 23:28:52,09/25 23:28,500108011,YouBike2.0_大湖國小,內湖區,1,29,22,6,25.08803,121.59958
2026-09-25 23:28:52,09/25 23:28,500108012,YouBike2.0_安湖三號公園,內湖區,1,16,4,12,25.07021,121.61593
2026-09-25 23:28:52,09/25 23:28,500108013,YouBike2.0_東湖路113巷95弄,內湖區,1,17,7,8,25.072153981463,121.615050088067
2026-09-25 23:28:52,09/25 23:28,500108014,YouBike2.0_瑞光計程車服務站,內湖區,1,20,7,13,25.0745,121.57389
2026-09-25 23:28:52,09/25 23:28,500108015,YouBike2.0_文德三號公園(江南街71巷16弄),內湖區,1,15,12,3,25.07524,121.5772
2026-09-25 23:28:52,09/25 23:28,500108016,YouBike2.0_捷運大湖公園站(2號出口),內湖區,1,46,4,41,25.08395,121.60185
2026-09-25 23:28:52,09/25 23:28,500108018,YouBike2.0_康寧星雲街口,內湖區,1,19,8,11,25.07958,121.59336
2026-09-25 23:28:52,09/25 23:28,500108019,YouBike2.0_星雲街47號,內湖區,1,22,12,8,25.07864,121.59177
2026-09-25 23:28:52,09/25 23:28,500108020,YouBike2.0_捷運西湖站(1號出口),內湖區,1,25,12,12,25.08301,121.56638
2026-09-25 23:28:52,09/25 23:28,500108021,YouBike2.0_捷運西湖站(2號出口),內湖區,1,24,9,13,25.08205,121.56716
2026-09-25 23:28:52,09/25 23:28,500108022,YouBike2.0_瑞光路583巷口,內湖區,1,20,7,13,25.07999,121.56779
2026-09-25 23:28:52,09/25 23:28,500108023,YouBike2.0_港都公園,內湖區,1,15,7,4,25.08296,121.5752
2026-09-25 23:28:52,09/25 23:28,500108024,YouBike2.0_環山路二段26巷口,內湖區,1,22,11,9,25.08598,121.572
2026-09-25 23:28:52,09/25 23:28,500108025,YouBike2.0_成功金龍路口,內湖區,1,36,5,30,25.08436,121.59478
2026-09-25 23:28:52,09/25 23:28,500108026,YouBike2.0_碧山公園,內湖區,1,31,16,15,25.0878,121.59227
2026-09-25 23:28:52,09/25 23:28,500108027,YouBike2.0_金瑞公園,內湖區,1,45,30,13,25.08785,121.5879
2026-09-25 23:28:52,09/25 23:28,500108028,YouBike2.0_捷運文德站(2號出口),內湖區,1,49,1,48,25.07842,121.58464
2026-09-25 23:28:52,09/25 23:28,500108029,YouBike2.0_陽光公園,內湖區,1,21,12,9,25.07695,121.58764
2026-09-25 23:28:52,09/25 23:28,500108030,YouBike2.0_文德二號公園(南側),內湖區,1,13,12,1,25.07504,121.58375
2026-09-25 23:28:52,09/25 23:28,500108031,YouBike2.0_文德二號公園(北側),內湖區,1,15,9,6,25.07758,121.58381
2026-09-25 23:28:52,09/25 23:28,500108032,YouBike2.0_瑞陽公園,內湖區,1,12,6,5,25.07777,121.57961
2026-09-25 23:28:52,09/25 23:28,500108033,YouBike2.0_湖光國宅,內湖區,1,45,28,17,25.07538,121.58079
2026-09-25 23:28:52,09/25 23:28,500108034,YouBike2.0_潭美街213號,內湖區,0,12,0,0,25.05575,121.58486
2026-09-25 23:28:52,09/25 23:28,500108035,YouBike2.0_南京東路六段180號,內湖區,1,19,9,9,25.0559,121.57991
2026-09-25 23:28:52,09/25 23:28,500108036,YouBike2.0_潭美國小(南京舊宗路口),內湖區,1,29,10,18,25.05768,121.58159
2026-09-25 23:28:52,09/25 23:28,500108037,YouBike2.0_新明路343號,內湖區,1,10,5,5,25.05653,121.58345
2026-09-25 23:28:52,09/25 23:28,500108038,YouBike2.0_成美長壽橋(潭美街),內湖區,1,22,5,14,25.0539,121.58084
2026-09-25 23:28:52,09/25 23:28,500108039,YouBike2.0_內湖行政中心,內湖區,1,25,6,19,25.06915,121.58898
2026-09-25 23:28:52,09/25 23:28,500108040,YouBike2.0_樂康公園,內湖區,1,20,8,11,25.07007,121.62055
2026-09-25 23:28:52,09/25 23:28,500108041,YouBike2.0_安康路32巷24弄,內湖區,1,21,12,9,25.06181,121.59447
2026-09-25 23:28:52,09/25 23:28,500108043,YouBike2.0_明美公園,內湖區,1,47,4,43,25.06256,121.58607
2026-09-25 23:28:52,09/25 23:28,500108044,YouBike2.0_南京東路六段368巷,內湖區,1,73,13,60,25.05827,121.58707
2026-09-25 23:28:52,09/25 23:28,500108045,YouBike2.0_新明成功路口,內湖區,1,38,7,29,25.06058,121.5911
2026-09-25 23:28:52,09/25 23:28,500108046,YouBike2.0_民權瑞光路口,內湖區,1,57,41,9,25.06835,121.58323
2026-09-25 23:28:52,09/25 23:28,500108047,YouBike2.0_瑞光公共住宅(瑞光路),內湖區,1,16,5,11,25.07335,121.57951
2026-09-25 23:28:52,09/25 23:28,500108048,YouBike2.0_民權東路六段15巷,內湖區,1,42,10,31,25.06853,121.57813
2026-09-25 23:28:52,09/25 23:28,500108049,YouBike2.0_扶輪親恩公園,內湖區,1,57,21,36,25.06709,121.58002
2026-09-25 23:28:52,09/25 23:28,500108050,YouBike2.0_新湖三民善街口,內湖區,1,15,1,14,25.06286,121.57497
2026-09-25 23:28:52,09/25 23:28,500108051,YouBike2.0_內湖119號綠地,內湖區,1,41,2,39,25.05594,121.57865
2026-09-25 23:28:52,09/25 23:28,500108052,YouBike2.0_行善公園,內湖區,1,25,23,0,25.05301,121.57592
2026-09-25 23:28:52,09/25 23:28,500108054,YouBike2.0_三軍總醫院,內湖區,1,50,8,41,25.07151,121.58991
2026-09-25 23:28:52,09/25 23:28,500108055,YouBike2.0_福華商場,內湖區,1,40,9,31,25.06877,121.59265
2026-09-25 23:28:52,09/25 23:28,500108056,YouBike2.0_臺北市網球中心,內湖區,1,34,4,30,25.0674,121.59749
2026-09-25 23:28:52,09/25 23:28,500108057,YouBike2.0_捷運葫洲站(1號出口),內湖區,1,37,20,17,25.07249,121.60796
2026-09-25 23:28:52,09/25 23:28,500108058,YouBike2.0_麗湖國小,內湖區,1,27,16,9,25.07332,121.60223
2026-09-25 23:28:52,09/25 23:28,500108059,YouBike2.0_金湖路347巷125弄口,內湖區,1,25,10,13,25.0733,121.59834
2026-09-25 23:28:52,09/25 23:28,500108060,YouBike2.0_碧湖公園,內湖區,1,25,4,21,25.07988,121.58287
2026-09-25 23:28:52,09/25 23:28,500108061,YouBike2.0_碧湖公園(內湖路二段103巷),內湖區,1,19,16,0,25.08317,121.58109
2026-09-25 23:28:52,09/25 23:28,500108062,YouBike2.0_貿七社區,內湖區,1,17,9,8,25.08357,121.58534
2026-09-25 23:28:52,09/25 23:28,500108063,YouBike2.0_內湖區農會,內湖區,1,12,8,4,25.08165,121.58891
2026-09-25 23:28:52,09/25 23:28,500108064,YouBike2.0_捷運內湖站(2號出口),內湖區,1,10,5,5,25.0835,121.59454
2026-09-25 23:28:52,09/25 23:28,500108065,YouBike2.0_康寧金湖路口,內湖區,1,21,8,12,25.07896,121.59921
2026-09-25 23:28:52,09/25 23:28,500108066,YouBike2.0_康寧路一段156巷20弄口,內湖區,1,20,8,11,25.07792,121.59354
2026-09-25 23:28:52,09/25 23:28,500108067,YouBike2.0_安康公園,內湖區,1,25,18,7,25.06657,121.6136
2026-09-25 23:28:52,09/25 23:28,500108068,YouBike2.0_安泰街83巷,內湖區,1,34,25,6,25.07669,121.61709
2026-09-25 23:28:52,09/25 23:28,500108069,YouBike2.0_內溝溪生態展示館,內湖區,1,16,5,10,25.08722,121.62306
2026-09-25 23:28:52,09/25 23:28,500108070,YouBike2.0_捷運港墘站(2號出口),內湖區,1,47,3,43,25.07967,121.57584
2026-09-25 23:28:52,09/25 23:28,500108071,YouBike2.0_東湖國中,內湖區,1,42,5,37,25.07334,121.61962
2026-09-25 23:28:52,09/25 23:28,500108072,YouBike2.0_石潭公園(安康路),內湖區,1,41,11,30,25.06261,121.59334
2026-09-25 23:28:52,09/25 23:28,500108073,YouBike2.0_內湖垃圾焚化廠,內湖區,1,20,2,17,25.06209,121.60347
2026-09-25 23:28:52,09/25 23:28,500108074,YouBike2.0_康寧公園(北側),內湖區,0,22,6,15,25.06927,121.61019
2026-09-25 23:28:52,09/25 23:28,500108075,YouBike2.0_康寧路三段54巷口,內湖區,1,15,4,7,25.0716,121.60936
2026-09-25 23:28:52,09/25 23:28,500108076,YouBike2.0_行善路25巷口,內湖區,1,21,6,13,25.05707,121.57658
2026-09-25 23:28:52,09/25 23:28,500108077,YouBike2.0_新明路460巷口,內湖區,1,22,10,12,25.05503,121.57823
2026-09-25 23:28:52,09/25 23:28,500108078,YouBike2.0_下灣公園,內湖區,1,30,16,13,25.06516,121.59561
2026-09-25 23:28:52,09/25 23:28,500108079,YouBike2.0_民權東路六段245巷口,內湖區,1,17,5,12,25.06708,121.60059
2026-09-25 23:28:52,09/25 23:28,500108081,YouBike2.0_東湖國小,內湖區,1,31,8,22,25.06854,121.61532
2026-09-25 23:28:52,09/25 23:28,500108082,YouBike2.0_捷運內湖站(1號出口),內湖區,1,28,6,21,25.08373,121.59406
2026-09-25 23:28:52,09/25 23:28,500108083,YouBike2.0_瑞光港墘路口,內湖區,1,30,7,23,25.07611,121.57487
2026-09-25 23:28:52,09/25 23:28,500108084,YouBike2.0_瑞湖陽光街口,內湖區,1,34,1,32,25.07296,121.57603
2026-09-25 23:28:52,09/25 23:28,500108085,YouBike2.0_金龍公園,內湖區,1,15,7,8,25.08554,121.59076
2026-09-25 23:28:52,09/25 23:28,500108086,YouBike2.0_星雲街138巷1弄口,內湖區,1,21,10,9,25.07943,121.59544
2026-09-25 23:28:52,09/25 23:28,500108087,YouBike2.0_東湖一號公園,內湖區,1,18,4,13,25.07567,121.6118
2026-09-25 23:28:52,09/25 23:28,500108088,YouBike2.0_東湖二號公園,內湖區,1,25,12,13,25.07415,121.61075
2026-09-25 23:28:52,09/25 23:28,500108089,YouBike2.0_康湖二號公園(康寧醫院),內湖區,1,25,9,16,25.07514,121.60857
2026-09-25 23:28:52,09/25 23:28,500108090,YouBike2.0_堤頂大道新湖一路口,內湖區,1,20,11,9,25.05892,121.57354
2026-09-25 23:28:52,09/25 23:28,500108091,YouBike2.0_下灣公園(成功路),內湖區,1,16,10,6,25.06682,121.5907
2026-09-25 23:28:52,09/25 23:28,500108092,YouBike2.0_舊宗行善路口,內湖區,1,22,5,17,25.05876,121.58062
2026-09-25 23:28:52,09/25 23:28,500108093,YouBike2.0_新湖二路250巷口,內湖區,1,20,4,16,25.06455,121.58262
2026-09-25 23:28:52,09/25 23:28,500108094,YouBike2.0_成功路四段41巷口,內湖區,1,15,5,8,25.08105,121.59205
2026-09-25 23:28:52,09/25 23:28,500108095,YouBike2.0_金湖星雲街口,內湖區,1,30,6,23,25.08151,121.59764
2026-09-25 23:28:52,09/25 23:28,500108096,YouBike2.0_國防醫學院,內湖區,1,25,0,25,25.06851,121.59559
2026-09-25 23:28:52,09/25 23:28,500108097,YouBike2.0_民權東路六段190巷117弄口,內湖區,1,25,13,11,25.06434,121.59399
2026-09-25 23:28:52,09/25 23:28,500108098,YouBike2.0_內湖運動中心,內湖區,1,21,6,15,25.07848,121.57493
2026-09-25 23:28:52,09/25 23:28,500108099,YouBike2.0_九華公園,內湖區,1,25,13,11,25.08844,121.56122
2026-09-25 23:28:52,09/25 23:28,500108100,YouBike2.0_內湖路二段179巷口,內湖區,1,22,5,17,25.08454,121.584
2026-09-25 23:28:52,09/25 23:28,500108102,YouBike2.0_行善行愛路口,內湖區,1,12,4,6,25.0606,121.58286
2026-09-25 23:28:52,09/25 23:28,500108103,YouBike2.0_民善新湖二路口(家樂福內湖店),內湖區,1,23,2,21,25.06017,121.57552
2026-09-25 23:28:52,09/25 23:28,500108104,YouBike2.0_統振大樓,內湖區,1,25,5,20,25.06007,121.60138
2026-09-25 23:28:52,09/25 23:28,500108105,YouBike2.0_陽光街161巷口,內湖區,1,16,4,11,25.07433,121.58584
2026-09-25 23:28:52,09/25 23:28,500108106,YouBike2.0_潭美公園(南京東路六段368巷),內湖區,1,25,17,7,25.05928,121.58617
2026-09-25 23:28:52,09/25 23:28,500108107,YouBike2.0_西康二號公園,內湖區,1,21,17,3,25.08503,121.5637
2026-09-25 23:28:52,09/25 23:28,500108108,YouBike2.0_三民國中(民權東路六段47巷),內湖區,1,13,12,1,25.06935,121.58692
2026-09-25 23:28:52,09/25 23:28,500108109,YouBike2.0_瑞光路76巷口,內湖區,1,12,4,7,25.07168,121.58125
2026-09-25 23:28:52,09/25 23:28,500108110,YouBike2.0_捷運東湖站,內湖區,1,62,7,54,25.06664,121.61351
2026-09-25 23:28:52,09/25 23:28,500108111,YouBike2.0_新湖國小,內湖區,1,23,13,10,25.06874,121.58923
2026-09-25 23:28:52,09/25 23:28,500108112,YouBike2.0_碧山內湖路口,內湖區,1,16,6,10,25.08627,121.5914
2026-09-25 23:28:52,09/25 23:28,500108115,YouBike2.0_民權東路六段413巷,內湖區,1,25,15,9,25.07038,121.60352
2026-09-25 23:28:52,09/25 23:28,500108116,YouBike2.0_宏匯瑞光廣場(瑞光路),內湖區,1,16,2,14,25.07676,121.57433
2026-09-25 23:28:52,09/25 23:28,500108117,YouBike2.0_宏匯瑞光廣場(港墘路),內湖區,1,20,8,11,25.07777,121.57562
2026-09-25 23:28:52,09/25 23:28,500108118,YouBike2.0_康樂街151巷,內湖區,1,24,3,20,25.07192,121.61955
2026-09-25 23:28:52,09/25 23:28,500108119,YouBike2.0_內湖路一段360巷,內湖區,1,15,3,12,25.0812,121.57067
2026-09-25 23:28:52,09/25 23:28,500108120,YouBike2.0_成功路三段83號前,內湖區,1,17,5,11,25.07823,121.5898
2026-09-25 23:28:52,09/25 23:28,500108121,YouBike2.0_內湖路一段47巷,內湖區,1,22,6,15,25.08781,121.55872
2026-09-25 23:28:52,09/25 23:28,500108122,YouBike2.0_陽光舊宗路口,內湖區,1,20,5,14,25.07243,121.57416
2026-09-25 23:28:52,09/25 23:28,500108123,YouBike2.0_安湖公園,內湖區,1,15,3,11,25.07392,121.61545
2026-09-25 23:28:52,09/25 23:28,500108124,YouBike2.0_湖興公園,內湖區,1,16,8,8,25.06671,121.58913
2026-09-25 23:28:52,09/25 23:28,500108125,YouBike2.0_安泰公園,內湖區,1,15,8,6,25.07391,121.61869
2026-09-25 23:28:52,09/25 23:28,500108126,YouBike2.0_安泰街(康樂橋下),內湖區,1,21,4,17,25.07849,121.61666
2026-09-25 23:28:52,09/25 23:28,500108127,YouBike2.0_康樂綠地,內湖區,1,20,6,12,25.07539,121.6203
2026-09-25 23:28:52,09/25 23:28,500108128,YouBike2.0_捷運港墘站(1號出口),內湖區,1,23,0,23,25.08004,121.57568
2026-09-25 23:28:52,09/25 23:28,500108129,YouBike2.0_明美公園(行善路333巷),內湖區,1,30,5,24,25.06058,121.5866
2026-09-25 23:28:52,09/25 23:28,500108131,YouBike2.0_舊宗新湖三路口,內湖區,1,25,6,19,25.06321,121.57681
2026-09-25 23:28:52,09/25 23:28,500108132,YouBike2.0_內湖運動公園,內湖區,1,25,4,20,25.06745,121.57513
2026-09-25 23:28:52,09/25 23:28,500108133,YouBike2.0_內湖路三段326巷口,內湖區,1,20,10,8,25.08968,121.58352
2026-09-25 23:28:52,09/25 23:28,500108134,YouBike2.0_成功公園,內湖區,1,11,3,7,25.08416,121.59665
2026-09-25 23:28:52,09/25 23:28,500108135,YouBike2.0_康寧路三段189巷93弄口,內湖區,1,25,12,11,25.0735,121.61258
2026-09-25 23:28:52,09/25 23:28,500108136,YouBike2.0_中國醫藥大學附設醫院臺北分院,內湖區,1,16,8,8,25.08227,121.5909
2026-09-25 23:28:52,09/25 23:28,500108137,YouBike2.0_康樂抽水站,內湖區,1,25,11,12,25.06643,121.61732
2026-09-25 23:28:52,09/25 23:28,500108138,YouBike2.0_環山路三段16巷口,內湖區,1,21,2,19,25.08464,121.57945
2026-09-25 23:28:52,09/25 23:28,500108139,YouBike2.0_文德一號綠地,內湖區,1,15,1,14,25.0786,121.58302
2026-09-25 23:28:52,09/25 23:28,500108140,YouBike2.0_臺北花市,內湖區,1,33,1,31,25.06265,121.57427
2026-09-25 23:28:52,09/25 23:28,500108141,YouBike2.0_行善社會住宅,內湖區,1,23,10,13,25.06126,121.58201
2026-09-25 23:28:52,09/25 23:28,500108142,YouBike2.0_康寧路三段99巷17弄口,內湖區,1,18,3,15,25.0721,121.60991
2026-09-25 23:28:52,09/25 23:28,500108143,YouBike2.0_堤頂大道二段407巷口,內湖區,1,15,3,12,25.08019,121.56316
2026-09-25 23:28:52,09/25 23:28,500108144,YouBike2.0_海德堡科技大樓,內湖區,1,12,1,11,25.08156,121.56227
2026-09-25 23:28:52,09/25 23:28,500108145,YouBike2.0_致伸科技大樓,內湖區,1,17,4,13,25.08067,121.5656
2026-09-25 23:28:52,09/25 23:28,500108146,YouBike2.0_內湖路一段288巷口,內湖區,1,20,6,14,25.08202,121.56861
2026-09-25 23:28:52,09/25 23:28,500108147,YouBike2.0_大都會客運內湖站,內湖區,1,25,14,11,25.06749,121.57784
2026-09-25 23:28:52,09/25 23:28,500108148,YouBike2.0_瑞湖公園,內湖區,1,15,6,9,25.06888,121.57711
2026-09-25 23:28:52,09/25 23:28,500108150,YouBike2.0_台灣世曦大樓,內湖區,1,16,9,7,25.07345,121.57848
2026-09-25 23:28:52,09/25 23:28,500108151,YouBike2.0_遠雄時代總部,內湖區,1,14,3,11,25.07821,121.57103
2026-09-25 23:28:52,09/25 23:28,500108152,YouBike2.0_瑞光路358巷口,內湖區,1,14,6,8,25.07733,121.5727
2026-09-25 23:28:52,09/25 23:28,500108153,YouBike2.0_大港墘公園(洲子街),內湖區,1,18,5,13,25.07897,121.5737
2026-09-25 23:28:52,09/25 23:28,500108154,YouBike2.0_世紀經貿,內湖區,1,16,10,6,25.08049,121.57361
2026-09-25 23:28:52,09/25 23:28,500108156,YouBike2.0_民權東路六段56巷口,內湖區,1,25,7,18,25.06805,121.58488
2026-09-25 23:28:52,09/25 23:28,500108157,YouBike2.0_新湖三行忠路72巷口,內湖區,1,18,5,13,25.06605,121.58206
2026-09-25 23:28:52,09/25 23:28,500108158,YouBike2.0_新湖三新湖二146巷口,內湖區,1,25,18,7,25.06407,121.57787
2026-09-25 23:28:52,09/25 23:28,500108159,YouBike2.0_舊宗新湖二路口,內湖區,1,25,9,15,25.06151,121.57811
2026-09-25 23:28:52,09/25 23:28,500108160,YouBike2.0_新光基湖大樓,內湖區,1,19,5,14,25.08152,121.56489
2026-09-25 23:28:52,09/25 23:28,500108161,YouBike2.0_內湖路一段120巷15弄,內湖區,1,32,3,29,25.08203,121.56298
2026-09-25 23:28:52,09/25 23:28,500108162,YouBike2.0_北勢湖環保公園(堤頂大道側),內湖區,1,21,6,14,25.08318,121.56154
2026-09-25 23:28:52,09/25 23:28,500108164,YouBike2.0_達爾文大樓,內湖區,1,15,1,14,25.07941,121.57277
2026-09-25 23:28:52,09/25 23:28,500108165,YouBike2.0_東湖四號公園,內湖區,1,28,19,5,25.07074,121.61803
2026-09-25 23:28:52,09/25 23:28,500108166,YouBike2.0_加瑪科技中心,內湖區,1,13,4,9,25.08035,121.5705
2026-09-25 23:28:52,09/25 23:28,500108167,YouBike2.0_福壽公園,內湖區,1,14,5,9,25.07983,121.59625
2026-09-25 23:28:52,09/25 23:28,500108168,YouBike2.0_捷運西湖站(1號出口)內湖路側,內湖區,1,20,2,18,25.08227,121.56709
2026-09-25 23:28:52,09/25 23:28,500108169,YouBike2.0_威剛科技總部,內湖區,1,52,4,47,25.06153,121.60033
2026-09-25 23:28:52,09/25 23:28,500108170,YouBike2.0_太陽科技廣場,內湖區,1,15,11,3,25.08514,121.56161
2026-09-25 23:28:52,09/25 23:28,500108171,YouBike2.0_瑞光路316巷,內湖區,1,20,3,17,25.07567,121.57341
2026-09-25 23:28:52,09/25 23:28,500108172,YouBike2.0_文德路220巷口,內湖區,1,20,6,13,25.07862,121.58796
2026-09-25 23:28:52,09/25 23:28,500108173,YouBike2.0_長壽抽水站,內湖區,1,20,2,18,25.06099,121.59662
2026-09-25 23:28:52,09/25 23:28,500108174,YouBike2.0_捷運葫洲站(2號出口),內湖區,1,20,0,20,25.07264,121.60692
2026-09-25 23:28:52,09/25 23:28,500108175,YouBike2.0_五分埤,內湖區,1,16,3,13,25.07595,121.62257
2026-09-25 23:28:52,09/25 23:28,500108176,YouBike2.0_環山路三段1巷(麗山高中),內湖區,1,18,7,11,25.08438,121.57876
2026-09-25 23:28:52,09/25 23:28,500108177,YouBike2.0_潭美公園(南京東路六段482號),內湖區,1,29,1,28,25.06092,121.58898
2026-09-25 23:28:52,09/25 23:28,500108178,YouBike2.0_美善公園,內湖區,1,22,11,11,25.05703,121.57861
2026-09-25 23:28:52,09/25 23:28,500108179,YouBike2.0_潭美公園(新明路298巷),內湖區,1,26,5,21,25.05698,121.58173
2026-09-25 23:28:52,09/25 23:28,500108181,YouBike2.0_麗山國小(內湖路一段411巷),內湖區,1,22,13,9,25.08389,121.57189
2026-09-25 23:28:52,09/25 23:28,500108182,YouBike2.0_行善路417巷,內湖區,1,26,1,24,25.06468,121.58654
2026-09-25 23:28:52,09/25 23:28,500108183,YouBike2.0_明湖國小(康寧路三段165巷23弄),內湖區,1,26,5,20,25.07165,121.61177
2026-09-25 23:28:52,09/25 23:28,500108184,YouBike2.0_康寧路三段70巷153號,內湖區,1,20,7,13,25.06658,121.60803
2026-09-25 23:28:52,09/25 23:28,500108185,YouBike2.0_東湖立體停車場,內湖區,1,15,4,10,25.0692,121.6122
2026-09-25 23:28:52,09/25 23:28,500108186,YouBike2.0_明美公園(南京東路六段451巷口),內湖區,1,30,14,15,25.06082,121.58757
2026-09-25 23:28:52,09/25 23:28,500108187,YouBike2.0_文德路66巷14弄,內湖區,1,18,7,11,25.07712,121.58096
2026-09-25 23:28:52,09/25 23:28,500108188,YouBike2.0_捷運東湖站(3號出口),內湖區,1,30,1,27,25.06701,121.61194
2026-09-25 23:28:52,09/25 23:28,500108189,YouBike2.0_捷運大湖公園站(1號出口),內湖區,1,24,1,22,25.08383,121.60253
2026-09-25 23:28:52,09/25 23:28,500108190,YouBike2.0_內湖路一段1巷口,內湖區,1,20,9,11,25.08533,121.558
2026-09-25 23:28:52,09/25 23:28,500108191,YouBike2.0_環山路一段136巷口,內湖區,1,42,18,24,25.08645,121.56928
2026-09-25 23:28:52,09/25 23:28,500108192,YouBike2.0_上灣公園,內湖區,1,25,16,7,25.06572,121.59778
2026-09-25 23:28:52,09/25 23:28,500108193,YouBike2.0_湖興公園(成功路),內湖區,1,21,4,17,25.06703,121.59048
2026-09-25 23:28:52,09/25 23:28,500108194,YouBike2.0_文德三號公園(文德路),內湖區,1,21,5,16,25.07834,121.58076
2026-09-25 23:28:52,09/25 23:28,500108195,YouBike2.0_康寧路一段218巷2弄口,內湖區,1,18,1,14,25.07837,121.59652
2026-09-25 23:28:52,09/25 23:28,500108196,YouBike2.0_星雲街210巷口,內湖區,1,16,9,7,25.07966,121.59793
2026-09-25 23:28:52,09/25 23:28,500108197,YouBike2.0_成功路二段406巷口,內湖區,1,20,2,18,25.07077,121.59
2026-09-25 23:28:52,09/25 23:28,500108199,YouBike2.0_捷運東湖站(2號出口),內湖區,1,20,4,15,25.06769,121.61163
2026-09-25 23:28:52,09/25 23:28,500108200,YouBike2.0_民權東路六段280巷155弄口,內湖區,1,21,4,17,25.06865,121.60884
2026-09-25 23:28:52,09/25 23:28,500108201,YouBike2.0_將軍嶺,內湖區,1,23,8,15,25.07457,121.5901
2026-09-25 23:28:52,09/25 23:28,500108202,YouBike2.0_文湖街21巷82弄口,內湖區,1,21,3,18,25.08899,121.56036
2026-09-25 23:28:52,09/25 23:28,500108203,YouBike2.0_西湖公園(內湖路一段387巷),內湖區,1,25,10,14,25.08409,121.57066
2026-09-25 23:28:52,09/25 23:28,500108204,YouBike2.0_國立臺灣戲曲學院(內湖校區),內湖區,1,28,9,19,25.08107,121.58609
2026-09-25 23:28:52,09/25 23:28,500108205,YouBike2.0_內湖路一段285巷65弄,內湖區,1,19,12,7,25.08443,121.56912
2026-09-25 23:28:52,09/25 23:28,500108206,YouBike2.0_西湖國中,內湖區,1,18,10,8,25.08466,121.56577
2026-09-25 23:28:52,09/25 23:28,500108207,YouBike2.0_成美疏散門,內湖區,1,22,14,7,25.05734,121.58804
2026-09-25 23:28:52,09/25 23:28,500108208,YouBike2.0_大湖國小(大湖山莊街173巷口),內湖區,1,19,10,9,25.0878,121.60124
2026-09-25 23:28:52,09/25 23:28,500108209,YouBike2.0_成功路五段450巷口,內湖區,1,17,3,13,25.07468,121.60693
2026-09-25 23:28:52,09/25 23:28,500108211,YouBike2.0_金湖路401巷,內湖區,1,22,8,14,25.07255,121.60376
2026-09-25 23:28:52,09/25 23:28,500108212,YouBike2.0_內湖國小(內湖路一段737巷51弄),內湖區,1,31,6,25,25.08027,121.57984
2026-09-25 23:28:52,09/25 23:28,500108213,YouBike2.0_黃石公廟,內湖區,1,21,8,13,25.07726,121.60709
2026-09-25 23:28:52,09/25 23:28,500108214,YouBike2.0_內湖路一段737巷/麗山街口,內湖區,1,22,16,4,25.08294,121.5792
2026-09-25 23:28:52,09/25 23:28,500108215,YouBike2.0_行愛路78巷,內湖區,1,21,7,14,25.06198,121.58029
2026-09-25 23:28:52,09/25 23:28,500108216,YouBike2.0_港墘路1巷口,內湖區,1,16,10,6,25.08336,121.57829
2026-09-25 23:28:52,09/25 23:28,500108217,YouBike2.0_民權東路六段280巷69弄,內湖區,1,19,12,7,25.06889,121.60737
2026-09-25 23:28:52,09/25 23:28,500108218,YouBike2.0_瑞光路548巷,內湖區,1,27,7,20,25.07843,121.56679
2026-09-25 23:28:52,09/25 23:28,500108219,YouBike2.0_內湖國小(內湖路二段76巷),內湖區,1,14,2,12,25.07926,121.58096
2026-09-25 23:28:52,09/25 23:28,500108220,YouBike2.0_三民國中(民權東路),內湖區,1,24,6,18,25.069,121.58493
2026-09-25 23:28:52,09/25 23:28,500108221,YouBike2.0_內湖大坑公園,內湖區,1,21,5,16,25.06887,121.59842
2026-09-25 23:28:52,09/25 23:28,500108222,YouBike2.0_金湖康寧路口(白鷺鷥山登山步道),內湖區,1,15,9,5,25.07535,121.60132
2026-09-25 23:28:52,09/25 23:28,500108223,YouBike2.0_成功路四段61巷35弄口,內湖區,1,16,8,8,25.08036,121.59361
2026-09-25 23:28:52,09/25 23:28,500108224,YouBike2.0_成美抽水站,內湖區,1,25,8,17,25.05532,121.58354
2026-09-25 23:28:52,09/25 23:28,500108225,YouBike2.0_文湖公園,內湖區,1,16,4,11,25.08748,121.5613
2026-09-25 23:28:52,09/25 23:28,500108226,YouBike2.0_成功路二段/石潭路(西南側),內湖區,1,45,1,43,25.06315,121.5906
2026-09-25 23:28:52,09/25 23:28,500108227,YouBike2.0_華城橋(東湖),內湖區,1,18,4,12,25.06899,121.61948
2026-09-25 23:28:52,09/25 23:28,500108228,YouBike2.0_成功路二段115巷口(國道一號),內湖區,1,35,9,26,25.06468,121.59106
2026-09-25 23:28:52,09/25 23:28,500108229,YouBike2.0_康寧路三段56巷198號,內湖區,1,16,1,14,25.06733,121.6072
2026-09-25 23:28:52,09/25 23:28,500108230,YouBike2.0_內湖路一段715巷口,內湖區,1,15,13,2,25.07992,121.57736
2026-09-25 23:28:52,09/25 23:28,500108231,YouBike2.0_成功路三段187巷口,內湖區,1,17,10,6,25.08021,121.59052
2026-09-25 23:28:52,09/25 23:28,500108233,YouBike2.0_江南街41巷3弄,內湖區,1,20,9,11,25.07736,121.57816
2026-09-25 23:28:52,09/25 23:28,500108234,YouBike2.0_民權東路六段280巷45弄口,內湖區,1,13,11,1,25.07096,121.60669
2026-09-25 23:28:52,09/25 23:28,500108235,YouBike2.0_成功路三段12巷口,內湖區,1,18,14,3,25.07579,121.59009
2026-09-25 23:28:52,09/25 23:28,500108236,YouBike2.0_民權東路六段191巷口,內湖區,1,22,10,11,25.07289,121.59949
2026-09-25 23:28:52,09/25 23:28,500108237,YouBike2.0_石潭公園(安康路)南側,內湖區,1,41,7,32,25.06148,121.59257
2026-09-25 23:28:52,09/25 23:28,500108238,YouBike2.0_金豐金莊路口,內湖區,1,18,5,11,25.0656,121.58703
2026-09-25 23:28:52,09/25 23:28,500108239,YouBike2.0_康寧路三段99巷,內湖區,1,15,11,2,25.07286,121.61076
2026-09-25 23:28:52,09/25 23:28,500108240,YouBike2.0_康寧安康路口(國道一號),內湖區,1,21,12,8,25.06531,121.61102
2026-09-25 23:28:52,09/25 23:28,500108241,YouBike2.0_捷運文德站(1號出口),內湖區,1,26,5,20,25.07868,121.58587
2026-09-25 23:28:52,09/25 23:28,500108242,YouBike2.0_港華6號公園,內湖區,1,15,7,8,25.0843,121.57447
2026-09-25 23:28:52,09/25 23:28,500108243,YouBike2.0_港墘路26巷,內湖區,1,15,8,7,25.0829,121.57744
2026-09-25 23:28:52,09/25 23:28,500109001,YouBike2.0_承德路七段304巷口,北投區,1,24,4,20,25.1168,121.5048
2026-09-25 23:28:52,09/25 23:28,500109002,YouBike2.0_洲美運動公園,北投區,1,25,0,24,25.10981,121.49886
2026-09-25 23:28:52,09/25 23:28,500109003,YouBike2.0_榮華二明德路口,北投區,1,30,11,19,25.11357,121.52255
2026-09-25 23:28:52,09/25 23:28,500109004,YouBike2.0_捷運明德站(1號出口),北投區,1,23,7,15,25.10896,121.51936
2026-09-25 23:28:52,09/25 23:28,500109005,YouBike2.0_文林建民路口,北投區,1,36,33,2,25.10788,121.51457
2026-09-25 23:28:52,09/25 23:28,500109006,YouBike2.0_永欣綠地,北投區,1,37,27,9,25.12416,121.52607
2026-09-25 23:28:52,09/25 23:28,500109007,YouBike2.0_關渡宮,北投區,1,62,27,34,25.11739,121.46288
2026-09-25 23:28:52,09/25 23:28,500109008,YouBike2.0_關渡自然公園,北投區,1,35,25,9,25.11884,121.46912
2026-09-25 23:28:52,09/25 23:28,500109009,YouBike2.0_關渡醫院,北投區,1,14,10,4,25.1203,121.4665
2026-09-25 23:28:52,09/25 23:28,500109010,YouBike2.0_捷運忠義站(1號出口),北投區,1,42,16,26,25.13149,121.47365
2026-09-25 23:28:52,09/25 23:28,500109011,YouBike2.0_捷運關渡站(1號出口),北投區,1,99,86,13,25.12397,121.46712
2026-09-25 23:28:52,09/25 23:28,500109012,YouBike2.0_捷運關渡站(2號出口),北投區,1,22,19,2,25.12618,121.46737
2026-09-25 23:28:52,09/25 23:28,500109013,YouBike2.0_中央北路四段540巷口,北投區,1,31,12,19,25.12796,121.46782
2026-09-25 23:28:52,09/25 23:28,500109014,YouBike2.0_大度立德路口,北投區,1,24,1,23,25.1231,121.47092
2026-09-25 23:28:52,09/25 23:28,500109015,YouBike2.0_捷運復興崗站(1號出口),北投區,1,45,1,43,25.1378,121.4863
2026-09-25 23:28:52,09/25 23:28,500109016,YouBike2.0_捷運復興崗站旅客服務中心,北投區,1,15,15,0,25.13666,121.48159
2026-09-25 23:28:52,09/25 23:28,500109017,YouBike2.0_豐年公園,北投區,1,29,15,14,25.13475,121.49613
2026-09-25 23:28:52,09/25 23:28,500109018,YouBike2.0_稻香重三路口,北投區,1,15,8,7,25.13997,121.48967
2026-09-25 23:28:52,09/25 23:28,500109019,YouBike2.0_國防大學政治作戰學院,北投區,1,45,7,38,25.13776,121.49345
2026-09-25 23:28:52,09/25 23:28,500109020,YouBike2.0_秀山區民活動中心,北投區,1,36,24,12,25.14582,121.49303
2026-09-25 23:28:52,09/25 23:28,500109022,YouBike2.0_大業大同街口,北投區,1,42,22,20,25.13691,121.49987
2026-09-25 23:28:52,09/25 23:28,500109023,YouBike2.0_捷運新北投站,北投區,1,58,10,47,25.13733,121.50339
2026-09-25 23:28:52,09/25 23:28,500109024,YouBike2.0_捷運北投站,北投區,1,30,12,18,25.13187,121.499
2026-09-25 23:28:52,09/25 23:28,500109025,YouBike2.0_捷運奇岩站(三合街),北投區,1,40,16,24,25.12634,121.50099
2026-09-25 23:28:52,09/25 23:28,500109026,YouBike2.0_八仙里辦公處,北投區,0,25,0,0,25.12297,121.50158
2026-09-25 23:28:52,09/25 23:28,500109027,YouBike2.0_清江國小,北投區,1,58,43,13,25.12725,121.50676
2026-09-25 23:28:52,09/25 23:28,500109028,YouBike2.0_大業路300巷口,北投區,1,20,16,4,25.12814,121.49782
2026-09-25 23:28:52,09/25 23:28,500109029,YouBike2.0_立農公園,北投區,1,21,13,8,25.11798,121.50342
2026-09-25 23:28:52,09/25 23:28,500109030,YouBike2.0_北投奇岩長青樂活大樓,北投區,1,25,5,20,25.12666,121.50373
2026-09-25 23:28:52,09/25 23:28,500109031,YouBike2.0_捷運唭哩岸站(2號出口),北投區,1,48,2,45,25.12087,121.50523
2026-09-25 23:28:52,09/25 23:28,500109032,YouBike2.0_北投運動中心,北投區,1,89,54,34,25.11666,121.50962
2026-09-25 23:28:52,09/25 23:28,500109033,YouBike2.0_陽明大學,北投區,1,56,23,33,25.11912,121.51223
2026-09-25 23:28:52,09/25 23:28,500109034,YouBike2.0_捷運石牌站(2號出口),北投區,1,62,16,45,25.11451,121.51567
2026-09-25 23:28:52,09/25 23:28,500109035,YouBike2.0_台北護理大學,北投區,1,42,9,33,25.11752,121.51662
2026-09-25 23:28:52,09/25 23:28,500109036,YouBike2.0_捷運石牌站(1號出口),北投區,1,33,12,17,25.11542,121.51469
2026-09-25 23:28:52,09/25 23:28,500109037,YouBike2.0_振興醫院,北投區,1,36,2,34,25.11753,121.52186
2026-09-25 23:28:52,09/25 23:28,500109039,YouBike2.0_石牌國小,北投區,1,26,5,19,25.1144,121.51307
2026-09-25 23:28:52,09/25 23:28,500109040,YouBike2.0_振興公園,北投區,1,25,6,19,25.11865,121.5235
2026-09-25 23:28:52,09/25 23:28,500109041,YouBike2.0_立農國小,北投區,1,25,15,8,25.11978,121.50422
2026-09-25 23:28:52,09/25 23:28,500109042,YouBike2.0_承德路七段280巷口,北投區,1,22,18,2,25.11587,121.50576
2026-09-25 23:28:52,09/25 23:28,500109043,YouBike2.0_致遠一路二段11巷,北投區,1,22,15,6,25.11093,121.51382
2026-09-25 23:28:52,09/25 23:28,500109044,YouBike2.0_榮富公園,北投區,1,13,11,1,25.1137,121.52437
2026-09-25 23:28:52,09/25 23:28,500109045,YouBike2.0_中正高中,北投區,1,31,5,26,25.10467,121.51654
2026-09-25 23:28:52,09/25 23:28,500109046,YouBike2.0_立功立德路口,北投區,1,41,6,34,25.12501,121.47158
2026-09-25 23:28:52,09/25 23:28,500109047,YouBike2.0_桃源國中,北投區,1,49,18,31,25.13485,121.47769
2026-09-25 23:28:52,09/25 23:28,500109048,YouBike2.0_陽明交大圖書館,北投區,1,37,7,29,25.12081,121.51352
2026-09-25 23:28:52,09/25 23:28,500109049,YouBike2.0_捷運新北投站(2號出口),北投區,1,24,10,13,25.13675,121.50224
2026-09-25 23:28:52,09/25 23:28,500109050,YouBike2.0_復興公園,北投區,1,28,10,18,25.13872,121.5021
2026-09-25 23:28:52,09/25 23:28,500109051,YouBike2.0_承德石牌路口,北投區,1,17,13,4,25.11272,121.50922
2026-09-25 23:28:52,09/25 23:28,500109052,YouBike2.0_承德路七段188巷口,北投區,1,16,11,4,25.11416,121.50771
2026-09-25 23:28:52,09/25 23:28,500109053,YouBike2.0_捷運明德站(3號出口),北投區,1,48,1,47,25.11,121.51841
2026-09-25 23:28:52,09/25 23:28,500109054,YouBike2.0_大豐公園,北投區,1,48,35,13,25.13102,121.50408
2026-09-25 23:28:52,09/25 23:28,500109055,YouBike2.0_洲美公園,北投區,1,30,18,10,25.10032,121.50599
2026-09-25 23:28:52,09/25 23:28,500109056,YouBike2.0_中和街455巷11弄,北投區,1,25,17,8,25.14319,121.49621
2026-09-25 23:28:52,09/25 23:28,500109057,YouBike2.0_洲美蜆仔港公園,北投區,1,27,12,15,25.10065,121.51107
2026-09-25 23:28:52,09/25 23:28,500109058,YouBike2.0_文化三杏林一路口,北投區,1,17,16,0,25.14058,121.49915
2026-09-25 23:28:52,09/25 23:28,500109059,YouBike2.0_珠海復興一路口,北投區,1,28,7,20,25.14045,121.50446
2026-09-25 23:28:52,09/25 23:28,500109060,YouBike2.0_裕民二路33巷,北投區,1,15,12,3,25.11535,121.51736
2026-09-25 23:28:52,09/25 23:28,500109061,YouBike2.0_新奇岩社會住宅,北投區,1,12,12,0,25.12287,121.5037
2026-09-25 23:28:52,09/25 23:28,500109062,YouBike2.0_泉源公園,北投區,1,20,9,11,25.14193,121.50835
2026-09-25 23:28:52,09/25 23:28,500109063,YouBike2.0_奇岩4號綠地,北投區,1,24,24,0,25.12533,121.50573
2026-09-25 23:28:52,09/25 23:28,500109064,YouBike2.0_臺北健康護理大學(教研大樓),北投區,1,27,21,6,25.11857,121.51846
2026-09-25 23:28:52,09/25 23:28,500109065,YouBike2.0_奇岩一號公園,北投區,1,23,11,12,25.12989,121.50394
2026-09-25 23:28:52,09/25 23:28,500109066,YouBike2.0_福星公園,北投區,1,51,32,19,25.1094,121.51248
2026-09-25 23:28:52,09/25 23:28,500109067,YouBike2.0_中庸公園,北投區,1,27,10,16,25.13774,121.50142
2026-09-25 23:28:52,09/25 23:28,500109068,YouBike2.0_豐年公園_1,北投區,1,33,33,0,25.13529,121.49664
2026-09-25 23:28:52,09/25 23:28,500109070,YouBike2.0_光明溫泉路口,北投區,1,30,20,10,25.13431,121.50226
2026-09-25 23:28:52,09/25 23:28,500109071,YouBike2.0_和信治癌中心醫院,北投區,1,25,4,19,25.12757,121.47207
2026-09-25 23:28:52,09/25 23:28,500109072,YouBike2.0_致遠新村,北投區,1,22,12,10,25.14319,121.49093
2026-09-25 23:28:52,09/25 23:28,500109073,YouBike2.0_北投公園露天溫泉,北投區,1,15,2,12,25.13684,121.50792
2026-09-25 23:28:52,09/25 23:28,500109074,YouBike2.0_中和街493巷9弄口,北投區,1,16,14,2,25.1439,121.49447
2026-09-25 23:28:52,09/25 23:28,500109075,YouBike2.0_捷運北投站(1號出口),北投區,1,58,18,40,25.13258,121.49862
2026-09-25 23:28:52,09/25 23:28,500109076,YouBike2.0_石牌立農街口,北投區,1,29,2,27,25.11879,121.51921
2026-09-25 23:28:52,09/25 23:28,500109077,YouBike2.0_捷運唭哩岸站(1號出口),北投區,1,20,2,18,25.12082,121.50727
2026-09-25 23:28:52,09/25 23:28,500109078,YouBike2.0_大興光明路2巷口,北投區,1,14,8,6,25.13043,121.50017
2026-09-25 23:28:52,09/25 23:28,500109079,YouBike2.0_捷運忠義站(2號出口),北投區,1,33,25,8,25.13076,121.47347
2026-09-25 23:28:52,09/25 23:28,500109080,YouBike2.0_福國承德路口,北投區,1,15,9,6,25.10171,121.51263
2026-09-25 23:28:52,09/25 23:28,500109081,YouBike2.0_捷運北投站(1號出口)(北投路側),北投區,1,40,10,30,25.13201,121.49817
2026-09-25 23:28:52,09/25 23:28,500109082,YouBike2.0_華固創富中心,北投區,1,15,9,6,25.10392,121.51244
2026-09-25 23:28:52,09/25 23:28,500109084,YouBike2.0_崇仰公園(公舘路255巷),北投區,1,20,7,11,25.12595,121.51098
2026-09-25 23:28:52,09/25 23:28,500109085,YouBike2.0_北投文化公園(北側),北投區,1,20,11,9,25.13713,121.49706
2026-09-25 23:28:52,09/25 23:28,500109086,YouBike2.0_中和綠地,北投區,1,30,16,10,25.1419,121.4989
2026-09-25 23:28:52,09/25 23:28,500109087,YouBike2.0_大業路65巷口,北投區,1,25,0,24,25.12307,121.49906
2026-09-25 23:28:52,09/25 23:28,500109088,YouBike2.0_公舘承德路口,北投區,1,25,17,8,25.11969,121.50169
2026-09-25 23:28:52,09/25 23:28,500109089,YouBike2.0_文林北明德路口(東北側),北投區,1,15,13,2,25.10576,121.5173
2026-09-25 23:28:52,09/25 23:28,500109091,YouBike2.0_永興路一段32巷口,北投區,1,20,13,7,25.13905,121.50012
2026-09-25 23:28:52,09/25 23:28,500109092,YouBike2.0_國立陽明交通大學(甲棟),北投區,1,30,10,20,25.11944,121.51453
2026-09-25 23:28:52,09/25 23:28,500109093,YouBike2.0_關渡國中,北投區,1,24,12,11,25.11955,121.46735
2026-09-25 23:28:52,09/25 23:28,500109094,YouBike2.0_立功街55巷口,北投區,1,21,7,14,25.12518,121.46922
2026-09-25 23:28:52,09/25 23:28,500109095,YouBike2.0_承德路七段401巷(洲美橋下),北投區,1,25,1,24,25.11483,121.49934
2026-09-25 23:28:52,09/25 23:28,500109096,YouBike2.0_大業路(農禪寺),北投區,1,16,4,12,25.12231,121.49964
2026-09-25 23:28:52,09/25 23:28,500109097,YouBike2.0_中國電影製片廠,北投區,1,15,9,6,25.13843,121.48802
2026-09-25 23:28:52,09/25 23:28,500109098,YouBike2.0_北投新興公園,北投區,1,15,10,5,25.13997,121.48711
2026-09-25 23:28:52,09/25 23:28,500109099,YouBike2.0_捷運石牌站(2號出口)(西安街一段),北投區,1,23,3,20,25.11332,121.51615
2026-09-25 23:28:52,09/25 23:28,500109100,YouBike2.0_華碩立功大樓,北投區,1,15,1,14,25.12771,121.47071
2026-09-25 23:28:52,09/25 23:28,500109101,YouBike2.0_關渡碼頭,北投區,1,99,53,46,25.12066,121.46228
2026-09-25 23:28:52,09/25 23:28,500109102,YouBike2.0_珠海路(48號公園),北投區,1,21,11,10,25.14262,121.51218
2026-09-25 23:28:52,09/25 23:28,500109103,YouBike2.0_承德文林北路口(西側),北投區,1,16,5,11,25.11032,121.51097
2026-09-25 23:28:52,09/25 23:28,500109104,YouBike2.0_石牌路二段324巷口,北投區,1,15,5,10,25.12164,121.52404
2026-09-25 23:28:52,09/25 23:28,500109105,YouBike2.0_北投文化公園(中央北路),北投區,1,16,10,6,25.13632,121.49686
2026-09-25 23:28:52,09/25 23:28,500109106,YouBike2.0_泉源路23巷口,北投區,1,25,9,15,25.13939,121.50571
2026-09-25 23:28:52,09/25 23:28,500109107,YouBike2.0_大業路667巷口,北投區,1,23,3,19,25.13709,121.4996
2026-09-25 23:28:52,09/25 23:28,500109108,YouBike2.0_幼華中學(大業路),北投區,1,18,9,9,25.13372,121.49602
2026-09-25 23:28:52,09/25 23:28,500109109,YouBike2.0_溫泉路68巷6弄口,北投區,1,19,5,14,25.13401,121.50564
2026-09-25 23:28:52,09/25 23:28,500109110,YouBike2.0_親水公園,北投區,1,20,7,13,25.13761,121.49032
2026-09-25 23:28:52,09/25 23:28,500109111,YouBike2.0_文林橋(文林北路75巷),北投區,1,25,4,21,25.10192,121.51719
2026-09-25 23:28:52,09/25 23:28,500109112,YouBike2.0_榮華公園,北投區,1,26,14,12,25.11138,121.52212
2026-09-25 23:28:52,09/25 23:28,500109113,YouBike2.0_北投市場(民族街口),北投區,1,24,21,1,25.13221,121.50388
2026-09-25 23:28:52,09/25 23:28,500109114,YouBike2.0_奇岩抽水站,北投區,1,26,10,16,25.12386,121.50328
2026-09-25 23:28:52,09/25 23:28,500109115,YouBike2.0_溫泉路81號,北投區,1,20,0,20,25.13543,121.5057
2026-09-25 23:28:52,09/25 23:28,500109116,YouBike2.0_北投公園噴泉,北投區,1,27,2,25,25.13687,121.5048
2026-09-25 23:28:52,09/25 23:28,500109117,YouBike2.0_振華公園,北投區,1,23,10,13,25.11574,121.51854
2026-09-25 23:28:52,09/25 23:28,500109118,YouBike2.0_三合街一段82巷62弄口,北投區,1,22,18,3,25.12874,121.50409
2026-09-25 23:28:52,09/25 23:28,500109119,YouBike2.0_公舘西安街二段口,北投區,1,25,16,7,25.12157,121.50281
2026-09-25 23:28:52,09/25 23:28,500109120,YouBike2.0_好市多北投店,北投區,1,62,37,25,25.12782,121.46948
2026-09-25 23:28:52,09/25 23:28,500109121,YouBike2.0_薇閣高中,北投區,0,21,0,0,25.13964,121.50388
2026-09-25 23:28:52,09/25 23:28,500109122,YouBike2.0_彰化銀行北投分行,北投區,1,19,16,3,25.13161,121.4971
2026-09-25 23:28:52,09/25 23:28,500109123,YouBike2.0_中央北路一段197巷口,北投區,1,25,10,15,25.13579,121.49749
2026-09-25 23:28:52,09/25 23:28,500109124,YouBike2.0_福星公園地下停車場(出入口B),北投區,1,30,5,25,25.10744,121.51289
2026-09-25 23:28:52,09/25 23:28,500109125,YouBike2.0_民族街36巷口,北投區,1,20,6,13,25.13305,121.50596
2026-09-25 23:28:52,09/25 23:28,500109126,YouBike2.0_承德文承路口,北投區,1,20,15,5,25.10496,121.51178
2026-09-25 23:28:52,09/25 23:28,500109127,YouBike2.0_承平福美路口,北投區,1,18,5,13,25.10026,121.50805
2026-09-25 23:28:52,09/25 23:28,500109128,YouBike2.0_承美福國路口,北投區,1,30,17,12,25.10091,121.50375
2026-09-25 23:28:52,09/25 23:28,500109129,YouBike2.0_北投22號線形公園共融遊戲場,北投區,1,43,30,11,25.1202,121.51039
2026-09-25 23:28:52,09/25 23:28,500109130,YouBike2.0_承德路七段164巷口,北投區,1,18,1,16,25.11344,121.50844
2026-09-25 23:28:52,09/25 23:28,500109132,YouBike2.0_光明路266號前,北投區,1,73,4,68,25.13661,121.51002
2026-09-25 23:28:52,09/25 23:28,500109133,YouBike2.0_中和街493巷1弄口,北投區,1,18,3,14,25.14496,121.49579
2026-09-25 23:28:52,09/25 23:28,500109134,YouBike2.0_共月橋,北投區,1,25,14,9,25.12817,121.50315
2026-09-25 23:28:52,09/25 23:28,500109135,YouBike2.0_東華兒童遊戲賽車場,北投區,1,48,8,39,25.12036,121.50875
2026-09-25 23:28:52,09/25 23:28,500109136,YouBike2.0_懷德建民路口,北投區,1,15,4,11,25.11101,121.51955
2026-09-25 23:28:52,09/25 23:28,500109137,YouBike2.0_懷德55巷停車場,北投區,1,24,15,9,25.11297,121.51952
2026-09-25 23:28:52,09/25 23:28,500109138,YouBike2.0_石牌公園,北投區,1,20,10,9,25.11619,121.51147
2026-09-25 23:28:52,09/25 23:28,500109139,YouBike2.0_復興一路45巷,北投區,1,15,9,6,25.14131,121.50278
2026-09-25 23:28:52,09/25 23:28,500110002,YouBike2.0_捷運松山站(4號出口),松山區,1,19,3,11,25.04987,121.57785
2026-09-25 23:28:52,09/25 23:28,500110003,YouBike2.0_塔悠八德路口,松山區,1,34,17,14,25.05009,121.57202
2026-09-25 23:28:52,09/25 23:28,500110004,YouBike2.0_鵬程公園,松山區,1,24,12,10,25.05503,121.56876
2026-09-25 23:28:52,09/25 23:28,500110005,YouBike2.0_中崙高中,松山區,1,85,25,56,25.04878,121.56087
2026-09-25 23:28:52,09/25 23:28,500110006,YouBike2.0_捷運南京三民站(2號出口),松山區,1,19,2,17,25.05136,121.56283
2026-09-25 23:28:52,09/25 23:28,500110007,YouBike2.0_捷運南京三民站(1號出口),松山區,1,39,3,36,25.05155,121.5636
2026-09-25 23:28:52,09/25 23:28,500110008,YouBike2.0_光復北路11巷口,松山區,1,31,9,20,25.04937,121.558
2026-09-25 23:28:52,09/25 23:28,500110009,YouBike2.0_捷運南京三民站(4號出口),松山區,1,13,2,11,25.05152,121.5646
2026-09-25 23:28:52,09/25 23:28,500110010,YouBike2.0_西松高中,松山區,1,14,11,3,25.05492,121.56701
2026-09-25 23:28:52,09/25 23:28,500110011,YouBike2.0_民權復興路口,松山區,1,45,14,30,25.0622,121.54565
2026-09-25 23:28:52,09/25 23:28,500110012,YouBike2.0_民福三號綠地,松山區,1,20,17,3,25.06374,121.54767
2026-09-25 23:28:52,09/25 23:28,500110013,YouBike2.0_民有一號公園,松山區,1,41,20,19,25.06095,121.54731
2026-09-25 23:28:52,09/25 23:28,500110014,YouBike2.0_民生敦化路口,松山區,1,69,5,64,25.05804,121.54897
2026-09-25 23:28:52,09/25 23:28,500110015,YouBike2.0_松基公園,松山區,1,20,10,9,25.0546,121.54486
2026-09-25 23:28:52,09/25 23:28,500110016,YouBike2.0_三民路166巷口,松山區,1,12,5,6,25.0619,121.56328
2026-09-25 23:28:52,09/25 23:28,500110017,YouBike2.0_民生活動中心,松山區,1,41,2,36,25.05907,121.56305
2026-09-25 23:28:52,09/25 23:28,500110018,YouBike2.0_捷運小巨蛋站(2號出口),松山區,1,26,19,5,25.05157,121.55118
2026-09-25 23:28:52,09/25 23:28,500110019,YouBike2.0_臺北市藝文推廣處,松山區,1,45,29,15,25.04826,121.55235
2026-09-25 23:28:52,09/25 23:28,500110020,YouBike2.0_民生國小(敦化北路199巷),松山區,1,20,6,14,25.05633,121.55286
2026-09-25 23:28:52,09/25 23:28,500110021,YouBike2.0_敦北公園,松山區,1,51,3,48,25.06118,121.55098
2026-09-25 23:28:52,09/25 23:28,500110022,YouBike2.0_民權運動公園,松山區,1,84,8,76,25.062,121.56019
2026-09-25 23:28:52,09/25 23:28,500110023,YouBike2.0_新東公園,松山區,1,51,14,37,25.05925,121.56888
2026-09-25 23:28:52,09/25 23:28,500110024,YouBike2.0_民生光復路口,松山區,1,33,14,18,25.05834,121.55496
2026-09-25 23:28:52,09/25 23:28,500110025,YouBike2.0_三民公園,松山區,1,35,19,16,25.061286751494,121.566678992451
2026-09-25 23:28:52,09/25 23:28,500110026,YouBike2.0_八德路三段74巷口,松山區,1,17,11,6,25.04459,121.55252
2026-09-25 23:28:52,09/25 23:28,500110027,YouBike2.0_八德路三段8巷口,松山區,1,18,7,10,25.04494,121.54953
2026-09-25 23:28:52,09/25 23:28,500110028,YouBike2.0_三軍總醫院(松山分院),松山區,1,43,7,35,25.05419,121.55631
2026-09-25 23:28:52,09/25 23:28,500110029,YouBike2.0_平安新城,松山區,1,18,8,10,25.05528,121.559
2026-09-25 23:28:52,09/25 23:28,500110030,YouBike2.0_健康社會住宅,松山區,1,20,5,13,25.05433,121.56545
2026-09-25 23:28:52,09/25 23:28,500110031,YouBike2.0_民權光復路口(東北側),松山區,1,39,4,33,25.06206,121.55475
2026-09-25 23:28:52,09/25 23:28,500110032,YouBike2.0_市民東興路口,松山區,1,30,13,16,25.0484,121.56586
2026-09-25 23:28:52,09/25 23:28,500110033,YouBike2.0_光復南路22巷口,松山區,1,29,3,26,25.04693,121.55771
2026-09-25 23:28:52,09/25 23:28,500110034,YouBike2.0_光復南路46巷,松山區,1,23,10,11,25.04606,121.55665
2026-09-25 23:28:52,09/25 23:28,500110035,YouBike2.0_松山新城,松山區,1,27,25,2,25.05347,121.55436
2026-09-25 23:28:52,09/25 23:28,500110036,YouBike2.0_國土管理署,松山區,1,39,7,31,25.04769,121.5448
2026-09-25 23:28:52,09/25 23:28,500110037,YouBike2.0_南京光復路口,松山區,1,31,1,27,25.05143,121.55716
2026-09-25 23:28:52,09/25 23:28,500110038,YouBike2.0_民生立體停車場,松山區,1,24,3,20,25.05846,121.55947
2026-09-25 23:28:52,09/25 23:28,500110039,YouBike2.0_健康新城,松山區,1,44,29,15,25.05408,121.56095
2026-09-25 23:28:52,09/25 23:28,500110040,YouBike2.0_健安新城,松山區,1,30,12,15,25.05606,121.56345
2026-09-25 23:28:52,09/25 23:28,500110041,YouBike2.0_復盛公園,松山區,0,37,0,37,25.04763,121.56115
2026-09-25 23:28:52,09/25 23:28,500110042,YouBike2.0_中崙福成宮,松山區,1,27,6,18,25.04524,121.54659
2026-09-25 23:28:52,09/25 23:28,500110043,YouBike2.0_捷運南京復興站(7號出口),松山區,1,15,2,13,25.05278,121.54478
2026-09-25 23:28:52,09/25 23:28,500110044,YouBike2.0_捷運南京復興站(5號出口),松山區,1,68,7,61,25.05168,121.54506
2026-09-25 23:28:52,09/25 23:28,500110045,YouBike2.0_塔悠疏散門,松山區,1,32,19,12,25.0648,121.56788
2026-09-25 23:28:52,09/25 23:28,500110046,YouBike2.0_臺北田徑場,松山區,1,71,0,69,25.04951,121.54941
2026-09-25 23:28:52,09/25 23:28,500110047,YouBike2.0_捷運小巨蛋站(5號出口),松山區,1,22,4,18,25.05176,121.55352
2026-09-25 23:28:52,09/25 23:28,500110048,YouBike2.0_敦化長春路口,松山區,1,34,4,30,25.0536,121.54871
2026-09-25 23:28:52,09/25 23:28,500110049,YouBike2.0_饒河疏散門(基四號疏散門),松山區,1,19,1,14,25.05147,121.57683
2026-09-25 23:28:52,09/25 23:28,500110050,YouBike2.0_捷運松山站(2號出口),松山區,1,14,2,11,25.05013,121.57635
2026-09-25 23:28:52,09/25 23:28,500110051,YouBike2.0_民權東路三段106巷口,松山區,1,22,3,19,25.062,121.54472
2026-09-25 23:28:52,09/25 23:28,500110052,YouBike2.0_南京東路五段59巷口,松山區,1,17,12,5,25.05163,121.55907
2026-09-25 23:28:52,09/25 23:28,500110053,YouBike2.0_三民公園(塔悠路),松山區,1,20,3,17,25.06241,121.56831
2026-09-25 23:28:52,09/25 23:28,500110054,YouBike2.0_寶清公園,松山區,1,23,19,4,25.05198,121.5681
2026-09-25 23:28:52,09/25 23:28,500110055,YouBike2.0_西松公園,松山區,1,11,11,0,25.05406,121.56407
2026-09-25 23:28:52,09/25 23:28,500110056,YouBike2.0_長壽公園,松山區,1,22,9,12,25.05378,121.55893
2026-09-25 23:28:52,09/25 23:28,500110057,YouBike2.0_復源公園,松山區,1,14,10,4,25.04634,121.5542
2026-09-25 23:28:52,09/25 23:28,500110058,YouBike2.0_南京東路四段179巷口,松山區,1,13,2,9,25.05173,121.55609
2026-09-25 23:28:52,09/25 23:28,500110059,YouBike2.0_臺北田徑場(北寧路側),松山區,1,44,23,21,25.04954,121.55261
2026-09-25 23:28:52,09/25 23:28,500110060,YouBike2.0_西松高中(健康路325巷),松山區,1,31,13,18,25.05567,121.56713
2026-09-25 23:28:52,09/25 23:28,500110061,YouBike2.0_南京東興路口,松山區,1,30,24,6,25.05149,121.56535
2026-09-25 23:28:52,09/25 23:28,500110062,YouBike2.0_捷運松山站(3號出口),松山區,1,52,1,49,25.04962,121.57746
2026-09-25 23:28:52,09/25 23:28,500110063,YouBike2.0_介壽國中,松山區,1,43,19,24,25.05722,121.55706
2026-09-25 23:28:52,09/25 23:28,500110064,YouBike2.0_敦化南京路口(東北側),松山區,1,25,5,20,25.05226,121.54926
2026-09-25 23:28:52,09/25 23:28,500110065,YouBike2.0_敦化八德路口,松山區,1,55,1,50,25.04802,121.54864
2026-09-25 23:28:52,09/25 23:28,500110066,YouBike2.0_新東街51巷口,松山區,1,27,4,23,25.0615,121.56332
2026-09-25 23:28:52,09/25 23:28,500110067,YouBike2.0_八德立體停車場,松山區,1,34,22,12,25.04985,121.57189
2026-09-25 23:28:52,09/25 23:28,500110068,YouBike2.0_長春慶城街口,松山區,1,28,2,26,25.05452,121.54636
2026-09-25 23:28:52,09/25 23:28,500110069,YouBike2.0_八德路四段652巷口,松山區,1,20,16,4,25.04942,121.57503
2026-09-25 23:28:52,09/25 23:28,500110070,YouBike2.0_捷運松山站(1號出口),松山區,1,15,4,10,25.05014,121.57692
2026-09-25 23:28:52,09/25 23:28,500110071,YouBike2.0_捷運小巨蛋站(3號出口),松山區,1,28,12,16,25.05152,121.55243
2026-09-25 23:28:52,09/25 23:28,500110072,YouBike2.0_捷運小巨蛋站(5號出口)_1,松山區,1,20,0,19,25.05181,121.5521
2026-09-25 23:28:52,09/25 23:28,500110073,YouBike2.0_敦化北路155巷口,松山區,1,30,5,25,25.0542,121.5491
2026-09-25 23:28:52,09/25 23:28,500110074,YouBike2.0_民生復興路口,松山區,1,30,7,23,25.05764,121.54443
2026-09-25 23:28:52,09/25 23:28,500110076,YouBike2.0_市民延吉街口,松山區,1,30,4,25,25.0444,121.55397
2026-09-25 23:28:52,09/25 23:28,500110077,YouBike2.0_龍城市場,松山區,1,22,12,8,25.05454,121.55417
2026-09-25 23:28:52,09/25 23:28,500110078,YouBike2.0_捷運南京三民站(3號出口),松山區,1,28,9,17,25.05129,121.56426
2026-09-25 23:28:52,09/25 23:28,500110079,YouBike2.0_塔悠基隆路口(麥帥一橋下),松山區,1,20,6,13,25.05139,121.57062
2026-09-25 23:28:52,09/25 23:28,500110080,YouBike2.0_五常街370巷,松山區,1,11,9,1,25.06432,121.54537
2026-09-25 23:28:52,09/25 23:28,500110081,YouBike2.0_延壽街119巷口,松山區,1,15,15,0,25.05708,121.56486
2026-09-25 23:28:52,09/25 23:28,500110082,YouBike2.0_市民東寧路口,松山區,1,23,20,1,25.04742,121.56305
2026-09-25 23:28:52,09/25 23:28,500110083,YouBike2.0_民福簡易綠地,松山區,1,15,11,4,25.06589,121.54529
2026-09-25 23:28:52,09/25 23:28,500110084,YouBike2.0_三民國小(撫遠街),松山區,1,26,26,0,25.06457,121.56458
2026-09-25 23:28:52,09/25 23:28,500110085,YouBike2.0_民生郵局,松山區,1,14,9,4,25.05936,121.56586
2026-09-25 23:28:52,09/25 23:28,500110086,YouBike2.0_民權敦化路口(西北側),松山區,1,24,7,16,25.06185,121.55
2026-09-25 23:28:52,09/25 23:28,500110087,YouBike2.0_寶清八德路口(北側),松山區,1,19,17,1,25.05028,121.56879
2026-09-25 23:28:52,09/25 23:28,500110088,YouBike2.0_民生東路三段140巷口,松山區,1,15,3,12,25.056,121.5467
2026-09-25 23:28:52,09/25 23:28,500110089,YouBike2.0_新東延壽街口,松山區,1,24,21,1,25.05725,121.56608
2026-09-25 23:28:52,09/25 23:28,500110090,YouBike2.0_健康公園,松山區,1,26,15,10,25.05434,121.56878
2026-09-25 23:28:52,09/25 23:28,500110091,YouBike2.0_新中街4巷口,松山區,1,36,26,10,25.05779,121.56167
2026-09-25 23:28:52,09/25 23:28,500110092,YouBike2.0_光復北富錦街口,松山區,1,25,4,19,25.06054,121.55489
2026-09-25 23:28:52,09/25 23:28,500110093,YouBike2.0_松山國小(東北側),松山區,1,24,15,9,25.05141,121.57972
2026-09-25 23:28:52,09/25 23:28,500110094,YouBike2.0_撫遠街403巷,松山區,1,33,18,15,25.06608,121.5658
2026-09-25 23:28:52,09/25 23:28,500110095,YouBike2.0_基六號疏散門,松山區,1,33,12,19,25.06575,121.568
2026-09-25 23:28:52,09/25 23:28,500110096,YouBike2.0_民權三民路口,松山區,1,20,6,14,25.06293,121.56296
2026-09-25 23:28:52,09/25 23:28,500110097,YouBike2.0_民權運動公園(北側),松山區,1,30,2,28,25.06198,121.55711
2026-09-25 23:28:52,09/25 23:28,500110098,YouBike2.0_中崙高中停車場,松山區,1,25,14,10,25.05023,121.56153
2026-09-25 23:28:52,09/25 23:28,500110099,YouBike2.0_光復延壽街口(西北側),松山區,1,23,17,6,25.05677,121.55548
2026-09-25 23:28:52,09/25 23:28,500110100,YouBike2.0_富錦新東街口(西側),松山區,1,13,12,0,25.06108,121.5647
2026-09-25 23:28:52,09/25 23:28,500110101,YouBike2.0_延壽街18巷口,松山區,1,17,16,1,25.05725,121.56843
2026-09-25 23:28:52,09/25 23:28,500110102,YouBike2.0_民生東路四段97巷,松山區,1,26,14,9,25.05864,121.55208
2026-09-25 23:28:52,09/25 23:28,500110103,YouBike2.0_民生東路五段177巷口,松山區,1,19,4,15,25.05913,121.56466
2026-09-25 23:28:52,09/25 23:28,500110104,YouBike2.0_西松高中地下停車場,松山區,1,26,18,8,25.05564,121.56551
2026-09-25 23:28:52,09/25 23:28,500110105,YouBike2.0_民生東路五段69巷,松山區,1,17,14,2,25.05983,121.55809
2026-09-25 23:28:52,09/25 23:28,500110106,YouBike2.0_民生東路五段137巷6弄口,松山區,1,16,9,7,25.06043,121.56142
2026-09-25 23:28:52,09/25 23:28,500110107,YouBike2.0_敦化北慶城街口,松山區,1,37,0,35,25.05714,121.54873
2026-09-25 23:28:52,09/25 23:28,500110108,YouBike2.0_南京東路三段338巷口,松山區,1,21,11,10,25.05161,121.54766
2026-09-25 23:28:52,09/25 23:28,500110109,YouBike2.0_民權東路三段175巷口,松山區,1,20,11,9,25.06218,121.54738
2026-09-25 23:28:52,09/25 23:28,500110110,YouBike2.0_健康路225巷口,松山區,1,26,12,14,25.05415,121.56263
2026-09-25 23:28:52,09/25 23:28,500111001,YouBike2.0_南港公園(東新街),南港區,1,25,0,24,25.04591,121.59226
2026-09-25 23:28:52,09/25 23:28,500111002,YouBike2.0_南港公園(福德街),南港區,1,56,3,51,25.04128,121.59089
2026-09-25 23:28:52,09/25 23:28,500111003,YouBike2.0_捷運昆陽站(1號出口),南港區,1,65,6,58,25.05014,121.59238
2026-09-25 23:28:52,09/25 23:28,500111004,YouBike2.0_忠孝東路六段225巷口,南港區,1,35,22,13,25.04919,121.58832
2026-09-25 23:28:52,09/25 23:28,500111005,YouBike2.0_捷運後山埤站(1號出口),南港區,1,53,2,51,25.04437,121.58133
2026-09-25 23:28:52,09/25 23:28,500111006,YouBike2.0_合樂公園,南港區,1,15,2,13,25.04843,121.58154
2026-09-25 23:28:52,09/25 23:28,500111007,YouBike2.0_合心廣場,南港區,1,43,10,31,25.04608,121.58315
2026-09-25 23:28:52,09/25 23:28,500111008,YouBike2.0_成德國中,南港區,1,44,21,23,25.04592,121.5882
2026-09-25 23:28:52,09/25 23:28,500111009,YouBike2.0_玉成公園,南港區,1,36,22,13,25.04281,121.58613
2026-09-25 23:28:52,09/25 23:28,500111010,YouBike2.0_研究院舊莊街口,南港區,1,30,5,25,25.04239,121.61683
2026-09-25 23:28:52,09/25 23:28,500111011,YouBike2.0_中研院綜合體育館東側,南港區,1,30,3,27,25.04054,121.61374
2026-09-25 23:28:52,09/25 23:28,500111012,YouBike2.0_國家生技園區,南港區,1,38,1,37,25.04763,121.61145
2026-09-25 23:28:52,09/25 23:28,500111013,YouBike2.0_捷運南港展覽館站(5號出口),南港區,1,73,6,66,25.05469,121.61669
2026-09-25 23:28:52,09/25 23:28,500111014,YouBike2.0_中研公園,南港區,1,54,30,24,25.04697,121.61375
2026-09-25 23:28:52,09/25 23:28,500111015,YouBike2.0_福山公園,南港區,1,55,32,22,25.04499,121.61775
2026-09-25 23:28:52,09/25 23:28,500111016,YouBike2.0_舊莊區民活動中心,南港區,1,40,25,13,25.04139,121.6191
2026-09-25 23:28:52,09/25 23:28,500111017,YouBike2.0_凌雲市場,南港區,1,35,14,21,25.03564,121.61415
2026-09-25 23:28:52,09/25 23:28,500111018,YouBike2.0_市民大道八段532號,南港區,1,30,16,14,25.054,121.61334
2026-09-25 23:28:52,09/25 23:28,500111019,YouBike2.0_捷運南港軟體園區(2號出口),南港區,1,70,0,70,25.05933,121.61677
2026-09-25 23:28:52,09/25 23:28,500111020,YouBike2.0_南港國小,南港區,1,59,17,40,25.05668,121.61137
2026-09-25 23:28:52,09/25 23:28,500111021,YouBike2.0_興中立體停車場(興中路),南港區,1,26,5,21,25.05629,121.607
2026-09-25 23:28:52,09/25 23:28,500111022,YouBike2.0_臺北市立圖書館南港分館,南港區,1,40,16,23,25.05485,121.60866
2026-09-25 23:28:52,09/25 23:28,500111023,YouBike2.0_東陽公園,南港區,1,56,33,22,25.05716,121.59792
2026-09-25 23:28:52,09/25 23:28,500111024,YouBike2.0_向陽南港路口,南港區,1,44,8,36,25.05437,121.59423
2026-09-25 23:28:52,09/25 23:28,500111025,YouBike2.0_南港車站(忠孝東路七段415巷),南港區,1,11,3,8,25.05252,121.60922
2026-09-25 23:28:52,09/25 23:28,500111026,YouBike2.0_捷運南港站(2號出口),南港區,1,23,1,21,25.05201,121.60741
2026-09-25 23:28:52,09/25 23:28,500111027,YouBike2.0_捷運南港站(1號出口),南港區,1,20,4,15,25.05192,121.60642
2026-09-25 23:28:52,09/25 23:28,500111028,YouBike2.0_東新國小,南港區,1,29,28,0,25.05623,121.60194
2026-09-25 23:28:52,09/25 23:28,500111029,YouBike2.0_中華科技大學,南港區,1,20,16,2,25.03392,121.60985
2026-09-25 23:28:52,09/25 23:28,500111030,YouBike2.0_六福公園,南港區,1,19,7,12,25.04681,121.61703
2026-09-25 23:28:52,09/25 23:28,500111031,YouBike2.0_南港加壓站,南港區,1,24,15,9,25.04805,121.61594
2026-09-25 23:28:52,09/25 23:28,500111032,YouBike2.0_臺北流行音樂中心(南港路),南港區,1,21,11,10,25.05343,121.59945
2026-09-25 23:28:52,09/25 23:28,500111033,YouBike2.0_興南公園,南港區,1,26,2,24,25.05766,121.60396
2026-09-25 23:28:52,09/25 23:28,500111034,YouBike2.0_臺北流行音樂中心(市民大道),南港區,1,32,6,25,25.05211,121.59839
2026-09-25 23:28:52,09/25 23:28,500111035,YouBike2.0_南港車站(市民大道),南港區,1,30,2,26,25.05326,121.60656
2026-09-25 23:28:52,09/25 23:28,500111036,YouBike2.0_忠孝東路七段527巷口,南港區,1,26,10,15,25.05266,121.61275
2026-09-25 23:28:52,09/25 23:28,500111037,YouBike2.0_南港軟體園區(新民街),南港區,1,25,1,23,25.05627,121.61369
2026-09-25 23:28:52,09/25 23:28,500111038,YouBike2.0_世貿公園,南港區,1,51,1,50,25.05831,121.61422
2026-09-25 23:28:52,09/25 23:28,500111039,YouBike2.0_凌雲五村(研究院路三段8巷),南港區,1,26,14,12,25.03595,121.61688
2026-09-25 23:28:52,09/25 23:28,500111040,YouBike2.0_新新公園(昆陽街60巷),南港區,1,20,17,3,25.0521,121.59053
2026-09-25 23:28:52,09/25 23:28,500111041,YouBike2.0_南港高中(昆陽街),南港區,1,26,18,8,25.05285,121.59279
2026-09-25 23:28:52,09/25 23:28,500111042,YouBike2.0_南港路三段290巷口,南港區,1,20,17,3,25.05234,121.58152
2026-09-25 23:28:52,09/25 23:28,500111043,YouBike2.0_南港路三段220巷口,南港區,1,25,9,16,25.05289,121.58599
2026-09-25 23:28:52,09/25 23:28,500111044,YouBike2.0_南港東新街口,南港區,1,28,14,14,25.05168,121.58284
2026-09-25 23:28:52,09/25 23:28,500111045,YouBike2.0_八德中坡路口,南港區,1,46,20,26,25.05064,121.5803
2026-09-25 23:28:52,09/25 23:28,500111046,YouBike2.0_捷運後山埤站(3號出口),南港區,1,21,3,17,25.04511,121.5836
2026-09-25 23:28:52,09/25 23:28,500111047,YouBike2.0_玉成公園運動中心,南港區,1,26,10,15,25.04193,121.58493
2026-09-25 23:28:52,09/25 23:28,500111048,YouBike2.0_百福公園,南港區,1,25,13,9,25.03884,121.58788
2026-09-25 23:28:52,09/25 23:28,500111049,YouBike2.0_南湖大橋(經貿二路255巷),南港區,1,20,8,11,25.06148,121.61384
2026-09-25 23:28:52,09/25 23:28,500111050,YouBike2.0_園區重陽路口,南港區,1,21,18,2,25.05937,121.61072
2026-09-25 23:28:52,09/25 23:28,500111051,YouBike2.0_南港車站B棟(市民大道),南港區,1,24,1,23,25.05293,121.60549
2026-09-25 23:28:52,09/25 23:28,500111052,YouBike2.0_胡適公園,南港區,1,25,3,22,25.04014,121.61766
2026-09-25 23:28:52,09/25 23:28,500111053,YouBike2.0_南港抽水站,南港區,1,20,10,9,25.06164,121.61267
2026-09-25 23:28:52,09/25 23:28,500111054,YouBike2.0_經貿公園,南港區,1,20,1,19,25.06271,121.61597
2026-09-25 23:28:52,09/25 23:28,500111055,YouBike2.0_育成高中,南港區,1,33,6,27,25.05853,121.60983
2026-09-25 23:28:52,09/25 23:28,500111056,YouBike2.0_捷運南港展覽館站(7號出口),南港區,1,42,12,30,25.05436,121.6181
2026-09-25 23:28:52,09/25 23:28,500111057,YouBike2.0_力行橋(南港),南港區,1,18,16,1,25.05172,121.61686
2026-09-25 23:28:52,09/25 23:28,500111058,YouBike2.0_舊莊國小(舊莊街一段),南港區,1,18,8,8,25.03987,121.62015
2026-09-25 23:28:52,09/25 23:28,500111059,YouBike2.0_向陽公園,南港區,1,41,18,21,25.05705,121.59265
2026-09-25 23:28:52,09/25 23:28,500111060,YouBike2.0_小彎社會住宅,南港區,1,51,29,20,25.0582,121.59368
2026-09-25 23:28:52,09/25 23:28,500111061,YouBike2.0_捷運南港展覽館站(6號出口),南港區,1,25,5,20,25.05465,121.6185
2026-09-25 23:28:52,09/25 23:28,500111062,YouBike2.0_捷運南港展覽館站(4號出口),南港區,1,39,14,24,25.05535,121.61838
2026-09-25 23:28:52,09/25 23:28,500111063,YouBike2.0_成德綠地,南港區,1,17,7,5,25.04675,121.58731
2026-09-25 23:28:52,09/25 23:28,500111064,YouBike2.0_南港公園(東新街170巷),南港區,1,16,8,7,25.04134,121.59323
2026-09-25 23:28:52,09/25 23:28,500111065,YouBike2.0_中坡市民路口(東北側),南港區,1,27,9,16,25.04969,121.58028
2026-09-25 23:28:52,09/25 23:28,500111066,YouBike2.0_昆陽公園,南港區,1,14,8,6,25.0483,121.59425
2026-09-25 23:28:52,09/25 23:28,500111067,YouBike2.0_南港路二段178巷口,南港區,1,18,11,7,25.05368,121.59969
2026-09-25 23:28:52,09/25 23:28,500111068,YouBike2.0_南港車站(忠孝東路),南港區,1,24,0,23,25.05225,121.60766
2026-09-25 23:28:52,09/25 23:28,500111069,YouBike2.0_南港車站(興華路),南港區,1,48,28,17,25.05343,121.60633
2026-09-25 23:28:52,09/25 23:28,500111070,YouBike2.0_玉成公園(成福路178巷口),南港區,1,43,19,23,25.04177,121.58735
2026-09-25 23:28:52,09/25 23:28,500111071,YouBike2.0_玉東公園(東新街),南港區,1,25,13,11,25.04998,121.58383
2026-09-25 23:28:52,09/25 23:28,500111072,YouBike2.0_南港出租國宅社區,南港區,1,25,11,13,25.03878,121.59302
2026-09-25 23:28:52,09/25 23:28,500111073,YouBike2.0_成福路197巷口,南港區,1,15,4,8,25.04066,121.58877
2026-09-25 23:28:52,09/25 23:28,500111074,YouBike2.0_南港疏散門(基三號疏散門),南港區,1,24,6,18,25.05543,121.5892
2026-09-25 23:28:52,09/25 23:28,500111075,YouBike2.0_成德立體停車場,南港區,1,17,10,6,25.04557,121.58629
2026-09-25 23:28:52,09/25 23:28,500111076,YouBike2.0_南港展覽館2館,南港區,1,18,0,18,25.05545,121.61646
2026-09-25 23:28:52,09/25 23:28,500111077,YouBike2.0_舊莊派出所,南港區,1,15,7,7,25.03827,121.62274
2026-09-25 23:28:52,09/25 23:28,500111078,YouBike2.0_南港路三段80巷,南港區,1,15,0,14,25.05394,121.59124
2026-09-25 23:28:52,09/25 23:28,500111079,YouBike2.0_捷運昆陽站(4號出口),南港區,1,28,7,20,25.05066,121.59431
2026-09-25 23:28:52,09/25 23:28,500111080,YouBike2.0_忠孝東路六段278巷口,南港區,1,14,14,0,25.04916,121.58906
2026-09-25 23:28:52,09/25 23:28,500111081,YouBike2.0_中研院人文社會科學館,南港區,1,45,12,33,25.04126,121.6118
2026-09-25 23:28:52,09/25 23:28,500111082,YouBike2.0_南港路三段130巷口,南港區,1,12,9,2,25.05457,121.58781
2026-09-25 23:28:52,09/25 23:28,500111083,YouBike2.0_南港路三段190巷口,南港區,1,16,5,11,25.05381,121.58638
2026-09-25 23:28:52,09/25 23:28,500111084,YouBike2.0_忠孝東路六段212巷口,南港區,1,15,7,7,25.0488,121.58742
2026-09-25 23:28:52,09/25 23:28,500111085,YouBike2.0_新富公園,南港區,1,12,8,4,25.05296,121.61713
2026-09-25 23:28:52,09/25 23:28,500111086,YouBike2.0_東新街63巷口,南港區,1,15,1,14,25.04728,121.58605
2026-09-25 23:28:52,09/25 23:28,500111087,YouBike2.0_中興公園,南港區,1,15,7,8,25.04487,121.61481
2026-09-25 23:28:52,09/25 23:28,500111088,YouBike2.0_向陽市民大道路口(西北側),南港區,1,29,19,10,25.05163,121.59535
2026-09-25 23:28:52,09/25 23:28,500111089,YouBike2.0_向陽南港路口(西北側),南港區,1,40,19,20,25.05486,121.5944
2026-09-25 23:28:52,09/25 23:28,500111090,YouBike2.0_研究院路一段151巷口,南港區,1,14,14,0,25.04997,121.6162
2026-09-25 23:28:52,09/25 23:28,500111091,YouBike2.0_興中重陽路口,南港區,1,24,7,17,25.05801,121.60674
2026-09-25 23:28:52,09/25 23:28,500111092,YouBike2.0_中研院近代史研究所研究大樓,南港區,1,16,4,12,25.03999,121.61538
2026-09-25 23:28:52,09/25 23:28,500111093,YouBike2.0_中研院人文社會科學研究中心,南港區,1,16,1,13,25.04159,121.61532
2026-09-25 23:28:52,09/25 23:28,500111094,YouBike2.0_中研院生態時代館,南港區,1,16,9,7,25.04287,121.61342
2026-09-25 23:28:52,09/25 23:28,500111095,YouBike2.0_玉成街(中坡北路50巷口),南港區,1,20,8,10,25.04691,121.58192
2026-09-25 23:28:52,09/25 23:28,500111096,YouBike2.0_東明公園,南港區,1,20,15,4,25.05469,121.60381
2026-09-25 23:28:52,09/25 23:28,500111097,YouBike2.0_捷運南港軟體園區站(1號出口),南港區,1,36,1,34,25.06043,121.61498
2026-09-25 23:28:52,09/25 23:28,500111098,YouBike2.0_南港花園社區A18,南港區,1,13,6,5,25.04015,121.59111
2026-09-25 23:28:52,09/25 23:28,500111113,YouBike2.0_內湖機廠(港東街),南港區,1,20,13,6,25.058,121.62189
2026-09-25 23:28:52,09/25 23:28,500111114,YouBike2.0_市民昆陽街口,南港區,1,30,17,13,25.05124,121.59361
2026-09-25 23:28:52,09/25 23:28,500111115,YouBike2.0_南港機廠(北流),南港區,1,20,13,7,25.05156,121.6014
2026-09-25 23:28:52,09/25 23:28,500111116,YouBike2.0_忠孝東路七段265巷,南港區,1,40,34,6,25.05216,121.60338
2026-09-25 23:28:52,09/25 23:28,500111117,YouBike2.0_昆陽東新街口,南港區,1,24,4,19,25.04857,121.59401
2026-09-25 23:28:52,09/25 23:28,500111118,YouBike2.0_臺北市捷運局機電工程處,南港區,1,20,3,17,25.0614,121.61795
2026-09-25 23:28:52,09/25 23:28,500111119,YouBike2.0_經貿二路105巷口(經貿二路),南港區,1,37,1,36,25.05791,121.61704
2026-09-25 23:28:52,09/25 23:28,500111120,YouBike2.0_經貿二路105巷口(經貿一路),南港區,1,20,7,13,25.0586,121.61973
2026-09-25 23:28:52,09/25 23:28,500111121,YouBike2.0_經貿二路185巷,南港區,1,21,12,9,25.06148,121.61698
2026-09-25 23:28:52,09/25 23:28,500111122,YouBike2.0_國家生物模式中心,南港區,1,19,2,17,25.04637,121.60948
2026-09-25 23:28:52,09/25 23:28,500111123,YouBike2.0_南港路三段106巷口(中華賓士),南港區,1,23,16,6,25.05312,121.58928
2026-09-25 23:28:52,09/25 23:28,500111124,YouBike2.0_中坡松隆路口,南港區,1,21,1,20,25.04865,121.58028
2026-09-25 23:28:52,09/25 23:28,500111125,YouBike2.0_成功疏散門,南港區,1,20,14,5,25.05898,121.59407
2026-09-25 23:28:52,09/25 23:28,500111126,YouBike2.0_環保局南港區清潔南港分隊,南港區,1,27,11,16,25.06088,121.61085
2026-09-25 23:28:52,09/25 23:28,500111127,YouBike2.0_重陽公園(興南街),南港區,1,20,13,7,25.05557,121.59983
2026-09-25 23:28:52,09/25 23:28,500111128,YouBike2.0_生物技術開發中心,南港區,1,21,3,18,25.04921,121.61025
2026-09-25 23:28:52,09/25 23:28,500111129,YouBike2.0_南港車站C棟(市民大道),南港區,1,24,1,23,25.0528,121.6045
2026-09-25 23:28:52,09/25 23:28,500111130,YouBike2.0_新陽綠地,南港區,1,24,1,23,25.05492,121.59817
2026-09-25 23:28:52,09/25 23:28,500111131,YouBike2.0_九如公園(凌雲街),南港區,1,20,4,16,25.03904,121.61554
2026-09-25 23:28:52,09/25 23:28,500111132,YouBike2.0_捷運南港機廠社會住宅,南港區,1,50,13,36,25.05088,121.59729
2026-09-25 23:28:52,09/25 23:28,500111133,YouBike2.0_忠孝向陽路口,南港區,1,27,16,10,25.05105,121.5969
2026-09-25 23:28:52,09/25 23:28,500111134,YouBike2.0_重陽路39巷,南港區,1,26,7,19,25.05634,121.59518
2026-09-25 23:28:52,09/25 23:28,500111135,YouBike2.0_興南街52巷,南港區,1,18,3,14,25.05625,121.60423
2026-09-25 23:28:52,09/25 23:28,500111136,YouBike2.0_成功路一段36巷(松河街),南港區,1,30,7,23,25.05758,121.59162
2026-09-25 23:28:52,09/25 23:28,500112001,YouBike2.0_黎忠區民活動中心,信義區,1,32,24,7,25.02035,121.55769
2026-09-25 23:28:52,09/25 23:28,500112002,YouBike2.0_基隆路二段159巷口,信義區,1,14,12,2,25.02561,121.55409
2026-09-25 23:28:52,09/25 23:28,500112003,YouBike2.0_嘉興街175巷口,信義區,1,23,17,5,25.02811,121.55671
2026-09-25 23:28:52,09/25 23:28,500112004,YouBike2.0_和平東路三段631巷口,信義區,1,24,15,9,25.0132,121.56335
2026-09-25 23:28:52,09/25 23:28,500112005,YouBike2.0_和平東路三段530巷口,信義區,1,36,7,29,25.01545,121.56134
2026-09-25 23:28:52,09/25 23:28,500112006,YouBike2.0_六張犁社會住宅1區,信義區,1,79,31,48,25.02698,121.55841
2026-09-25 23:28:52,09/25 23:28,500112007,YouBike2.0_臺北醫學大學,信義區,1,64,0,63,25.02668,121.56175
2026-09-25 23:28:52,09/25 23:28,500112008,YouBike2.0_三興公園,信義區,1,47,16,30,25.02868,121.55932
2026-09-25 23:28:52,09/25 23:28,500112009,YouBike2.0_松德站,信義區,1,69,14,55,25.03162,121.57396
2026-09-25 23:28:52,09/25 23:28,500112010,YouBike2.0_捷運象山站(2號出口),信義區,1,65,0,64,25.03222,121.56974
2026-09-25 23:28:52,09/25 23:28,500112011,YouBike2.0_象山公園,信義區,1,48,8,40,25.02863,121.56981
2026-09-25 23:28:52,09/25 23:28,500112012,YouBike2.0_松仁路253巷3弄,信義區,1,25,14,8,25.02678,121.56884
2026-09-25 23:28:52,09/25 23:28,500112013,YouBike2.0_興雅國中,信義區,1,18,2,15,25.03616,121.56983
2026-09-25 23:28:52,09/25 23:28,500112014,YouBike2.0_捷運象山站(1號出口),信義區,1,24,2,22,25.03295,121.56867
2026-09-25 23:28:52,09/25 23:28,500112015,YouBike2.0_松德路200巷,信義區,1,57,27,26,25.03471,121.57301
2026-09-25 23:28:52,09/25 23:28,500112016,YouBike2.0_中全公園,信義區,1,34,26,8,25.0382,121.57495
2026-09-25 23:28:52,09/25 23:28,500112017,YouBike2.0_台北市災害應變中心,信義區,1,53,4,46,25.0286,121.56628
2026-09-25 23:28:52,09/25 23:28,500112018,YouBike2.0_信義運動中心,信義區,1,35,1,34,25.03189,121.56678
2026-09-25 23:28:52,09/25 23:28,500112019,YouBike2.0_捷運台北101/世貿站(3號出口),信義區,1,15,6,9,25.03275,121.56337
2026-09-25 23:28:52,09/25 23:28,500112020,YouBike2.0_景新公園,信義區,1,17,6,11,25.03003,121.56287
2026-09-25 23:28:52,09/25 23:28,500112021,YouBike2.0_光復信義路口東南側,信義區,1,16,13,3,25.03281,121.55756
2026-09-25 23:28:52,09/25 23:28,500112022,YouBike2.0_三張犁,信義區,1,65,8,57,25.03452,121.5576
2026-09-25 23:28:52,09/25 23:28,500112023,YouBike2.0_仁愛路四段496巷口,信義區,1,58,21,37,25.03745,121.5602
2026-09-25 23:28:52,09/25 23:28,500112024,YouBike2.0_松山工農,信義區,1,34,13,21,25.03961,121.57199
2026-09-25 23:28:52,09/25 23:28,500112025,YouBike2.0_松友公園,信義區,1,39,35,2,25.03423,121.57636
2026-09-25 23:28:52,09/25 23:28,500112026,YouBike2.0_林口公園,信義區,1,51,21,28,25.03894,121.57915
2026-09-25 23:28:52,09/25 23:28,500112027,YouBike2.0_松山家商,信義區,1,40,6,34,25.0347,121.58018
2026-09-25 23:28:52,09/25 23:28,500112028,YouBike2.0_永春陂濕地公園,信義區,1,40,17,22,25.03301,121.58096
2026-09-25 23:28:52,09/25 23:28,500112029,YouBike2.0_臺北市政府,信義區,1,56,28,27,25.03801,121.56541
2026-09-25 23:28:52,09/25 23:28,500112030,YouBike2.0_松智松壽路口,信義區,1,39,9,29,25.03607,121.56535
2026-09-25 23:28:52,09/25 23:28,500112031,YouBike2.0_市府松壽路口,信義區,1,28,18,9,25.03627,121.56383
2026-09-25 23:28:52,09/25 23:28,500112032,YouBike2.0_市府松高路口,信義區,1,54,30,24,25.03899,121.56369
2026-09-25 23:28:52,09/25 23:28,500112033,YouBike2.0_市民廣場,信義區,1,50,0,47,25.03599,121.56218
2026-09-25 23:28:52,09/25 23:28,500112035,YouBike2.0_信義廣場(台北101),信義區,1,90,1,89,25.03306,121.5662
2026-09-25 23:28:52,09/25 23:28,500112036,YouBike2.0_捷運台北101/世貿站(5號出口),信義區,1,21,1,18,25.03338,121.56333
2026-09-25 23:28:52,09/25 23:28,500112037,YouBike2.0_春光公園,信義區,1,68,36,29,25.0427,121.58112
2026-09-25 23:28:52,09/25 23:28,500112038,YouBike2.0_松仁路121巷口,信義區,1,31,5,25,25.03476,121.56865
2026-09-25 23:28:52,09/25 23:28,500112039,YouBike2.0_福德國小,信義區,1,42,15,24,25.03846,121.58618
2026-09-25 23:28:52,09/25 23:28,500112040,YouBike2.0_福德公園,信義區,1,35,17,15,25.03841,121.58355
2026-09-25 23:28:52,09/25 23:28,500112042,YouBike2.0_松高路(信義新天地A4館),信義區,1,17,1,13,25.03918,121.56654
2026-09-25 23:28:52,09/25 23:28,500112043,YouBike2.0_興雅松仁路口,信義區,1,65,6,56,25.0401,121.56822
2026-09-25 23:28:52,09/25 23:28,500112044,YouBike2.0_福祥公園,信義區,1,26,16,6,25.04626,121.57045
2026-09-25 23:28:52,09/25 23:28,500112045,YouBike2.0_吳興公車總站,信義區,1,21,15,1,25.02388,121.56984
2026-09-25 23:28:52,09/25 23:28,500112046,YouBike2.0_泰和公園,信義區,1,40,35,4,25.0193,121.57105
2026-09-25 23:28:52,09/25 23:28,500112047,YouBike2.0_興雅國小(基隆路一段37巷),信義區,1,27,25,1,25.04773,121.56895
2026-09-25 23:28:52,09/25 23:28,500112048,YouBike2.0_雅祥公園(松信路50巷口),信義區,1,19,14,3,25.04732,121.57211
2026-09-25 23:28:52,09/25 23:28,500112049,YouBike2.0_松山車站,信義區,1,70,3,65,25.0489,121.57841
2026-09-25 23:28:52,09/25 23:28,500112050,YouBike2.0_五常公園,信義區,1,37,11,26,25.04797,121.57432
2026-09-25 23:28:52,09/25 23:28,500112051,YouBike2.0_永吉松信路口,信義區,1,35,29,6,25.04548,121.57207
2026-09-25 23:28:52,09/25 23:28,500112052,YouBike2.0_三興國小,信義區,1,26,21,2,25.02969,121.55766
2026-09-25 23:28:52,09/25 23:28,500112053,YouBike2.0_市民松信路口,信義區,1,20,18,2,25.04927,121.57205
2026-09-25 23:28:52,09/25 23:28,500112054,YouBike2.0_松山高中,信義區,1,42,6,33,25.0433,121.5638
2026-09-25 23:28:52,09/25 23:28,500112055,YouBike2.0_基隆光復路口,信義區,1,31,27,1,25.03005,121.55764
2026-09-25 23:28:52,09/25 23:28,500112056,YouBike2.0_基隆忠孝路口西南側,信義區,1,29,6,22,25.04108,121.5629
2026-09-25 23:28:52,09/25 23:28,500112057,YouBike2.0_泰和里民活動中心,信義區,1,25,7,16,25.0213,121.57027
2026-09-25 23:28:52,09/25 23:28,500112058,YouBike2.0_捷運後山埤站(2號出口),信義區,1,22,2,19,25.04395,121.58184
2026-09-25 23:28:52,09/25 23:28,500112059,YouBike2.0_虎林永吉路口,信義區,1,21,18,0,25.04519,121.57712
2026-09-25 23:28:52,09/25 23:28,500112060,YouBike2.0_永吉公園,信義區,1,25,16,5,25.04345,121.57539
2026-09-25 23:28:52,09/25 23:28,500112061,YouBike2.0_永吉路321巷口,信義區,1,19,15,4,25.04561,121.57549
2026-09-25 23:28:52,09/25 23:28,500112062,YouBike2.0_松山永吉路口,信義區,1,20,16,3,25.04623,121.57772
2026-09-25 23:28:52,09/25 23:28,500112063,YouBike2.0_松山路292巷口,信義區,1,20,12,5,25.0432,121.57789
2026-09-25 23:28:52,09/25 23:28,500112064,YouBike2.0_捷運象山站(3號出口),信義區,1,63,0,63,25.03295,121.5712
2026-09-25 23:28:52,09/25 23:28,500112065,YouBike2.0_松德公園,信義區,1,67,13,54,25.03657,121.57349
2026-09-25 23:28:52,09/25 23:28,500112066,YouBike2.0_世貿三館,信義區,1,54,5,49,25.03511,121.56369
2026-09-25 23:28:52,09/25 23:28,500112067,YouBike2.0_松德虎林街口,信義區,1,30,17,12,25.0383,121.5762
2026-09-25 23:28:52,09/25 23:28,500112068,YouBike2.0_富台公園,信義區,1,47,25,19,25.04185,121.57204
2026-09-25 23:28:52,09/25 23:28,500112069,YouBike2.0_基隆路一段101巷口,信義區,1,32,21,10,25.04516,121.56702
2026-09-25 23:28:52,09/25 23:28,500112070,YouBike2.0_捷運永春站(2號出口),信義區,1,30,3,24,25.0405,121.57538
2026-09-25 23:28:52,09/25 23:28,500112071,YouBike2.0_吳興街260巷,信義區,1,32,15,12,25.02606,121.5631
2026-09-25 23:28:52,09/25 23:28,500112072,YouBike2.0_松山家商(林口街),信義區,1,47,4,42,25.03593,121.57906
2026-09-25 23:28:52,09/25 23:28,500112073,YouBike2.0_仁愛逸仙路口,信義區,1,38,9,28,25.03771,121.56124
2026-09-25 23:28:52,09/25 23:28,500112075,YouBike2.0_信義基隆路口,信義區,1,26,16,7,25.03321,121.55873
2026-09-25 23:28:52,09/25 23:28,500112076,YouBike2.0_捷運台北101/世貿站(2號出口),信義區,1,52,0,48,25.0327,121.56157
2026-09-25 23:28:52,09/25 23:28,500112078,YouBike2.0_吳興街284巷36弄口,信義區,1,25,5,18,25.02236,121.56268
2026-09-25 23:28:52,09/25 23:28,500112079,YouBike2.0_協和祐德高級中學,信義區,1,20,3,17,25.0426,121.58381
2026-09-25 23:28:52,09/25 23:28,500112080,YouBike2.0_福德國小公車站,信義區,1,27,18,8,25.03929,121.58755
2026-09-25 23:28:52,09/25 23:28,500112081,YouBike2.0_松仁路95巷口,信義區,1,74,9,60,25.03656,121.56866
2026-09-25 23:28:52,09/25 23:28,500112082,YouBike2.0_臺北南山廣場_1,信義區,1,68,2,64,25.03404,121.56598
2026-09-25 23:28:52,09/25 23:28,500112083,YouBike2.0_景聯廣場,信義區,1,23,2,20,25.03214,121.55974
2026-09-25 23:28:52,09/25 23:28,500112084,YouBike2.0_景平公園,信義區,1,41,1,40,25.02976,121.5642
2026-09-25 23:28:52,09/25 23:28,500112085,YouBike2.0_捷運市政府站(3號出口),信義區,1,92,28,63,25.04084,121.56789
2026-09-25 23:28:52,09/25 23:28,500112086,YouBike2.0_五分埔公園,信義區,1,20,2,18,25.04719,121.58058
2026-09-25 23:28:52,09/25 23:28,500112087,YouBike2.0_松仁路305號,信義區,1,21,15,3,25.02306,121.57036
2026-09-25 23:28:52,09/25 23:28,500112088,YouBike2.0_吳興街394巷口,信義區,1,12,6,5,25.02474,121.56741
2026-09-25 23:28:52,09/25 23:28,500112089,YouBike2.0_富生公園,信義區,1,22,22,0,25.04116,121.5706
2026-09-25 23:28:52,09/25 23:28,500112090,YouBike2.0_松勤莊敬路口,信義區,1,15,1,14,25.03203,121.5615
2026-09-25 23:28:52,09/25 23:28,500112091,YouBike2.0_松仁松平路口,信義區,1,10,4,5,25.03047,121.56838
2026-09-25 23:28:52,09/25 23:28,500112092,YouBike2.0_信義松德路口,信義區,1,23,4,19,25.03322,121.57433
2026-09-25 23:28:52,09/25 23:28,500112093,YouBike2.0_捷運市政府站(4號出口),信義區,1,18,0,17,25.04146,121.56731
2026-09-25 23:28:52,09/25 23:28,500112094,YouBike2.0_吳興街284巷(廣安宮),信義區,1,15,12,2,25.02326,121.56329
2026-09-25 23:28:52,09/25 23:28,500112095,YouBike2.0_景勤二號公園(西南側),信義區,1,22,4,18,25.02605,121.5577
2026-09-25 23:28:52,09/25 23:28,500112096,YouBike2.0_克勤新村,信義區,1,40,2,38,25.02589,121.56073
2026-09-25 23:28:52,09/25 23:28,500112097,YouBike2.0_和平東路三段291號,信義區,1,20,7,9,25.02186,121.55532
2026-09-25 23:28:52,09/25 23:28,500112098,YouBike2.0_永吉路468巷口,信義區,1,13,2,10,25.04533,121.57915
2026-09-25 23:28:52,09/25 23:28,500112099,YouBike2.0_廣慈博愛園區(西側),信義區,1,23,2,19,25.03866,121.58082
2026-09-25 23:28:52,09/25 23:28,500112100,YouBike2.0_和平東路三段341巷口,信義區,1,50,15,34,25.02188,121.55891
2026-09-25 23:28:52,09/25 23:28,500112101,YouBike2.0_革新公園,信義區,1,18,12,6,25.04367,121.56741
2026-09-25 23:28:52,09/25 23:28,500112102,YouBike2.0_黎雙公園,信義區,1,17,5,12,25.0246,121.56028
2026-09-25 23:28:52,09/25 23:28,500112103,YouBike2.0_臺北文化體育園區辦公大樓,信義區,1,33,1,29,25.04144,121.56126
2026-09-25 23:28:52,09/25 23:28,500112104,YouBike2.0_捷運國父紀念館站(5號出口),信義區,1,23,0,21,25.04206,121.55792
2026-09-25 23:28:52,09/25 23:28,500112105,YouBike2.0_光復南菸廠路口,信義區,1,25,1,23,25.04482,121.55795
2026-09-25 23:28:52,09/25 23:28,500112106,YouBike2.0_中坡北永吉路口,信義區,1,15,6,9,25.04557,121.58059
2026-09-25 23:28:52,09/25 23:28,500112107,YouBike2.0_松仁路281巷66弄,信義區,1,20,12,8,25.02261,121.57178
2026-09-25 23:28:52,09/25 23:28,500112108,YouBike2.0_基隆市民路口,信義區,1,26,18,8,25.04892,121.56906
2026-09-25 23:28:52,09/25 23:28,500112109,YouBike2.0_松仁路253巷4弄口,信義區,1,22,11,7,25.02559,121.56954
2026-09-25 23:28:52,09/25 23:28,500112110,YouBike2.0_松德路169巷口,信義區,1,35,30,4,25.03633,121.57582
2026-09-25 23:28:52,09/25 23:28,500112111,YouBike2.0_吳興新村,信義區,1,22,4,18,25.02815,121.56114
2026-09-25 23:28:52,09/25 23:28,500112112,YouBike2.0_松山文創園區(一號倉庫),信義區,1,19,1,17,25.04503,121.55951
2026-09-25 23:28:52,09/25 23:28,500112113,YouBike2.0_永吉路187巷口,信義區,1,16,14,2,25.04584,121.57273
2026-09-25 23:28:52,09/25 23:28,500112114,YouBike2.0_仁愛路四段512巷,信義區,1,16,4,11,25.03706,121.56124
2026-09-25 23:28:52,09/25 23:28,500112115,YouBike2.0_信安街/富陽街44巷口,信義區,1,21,10,11,25.02309,121.55537
2026-09-25 23:28:52,09/25 23:28,500112116,YouBike2.0_吳興公園,信義區,1,20,10,9,25.02383,121.56767
2026-09-25 23:28:52,09/25 23:28,500112117,YouBike2.0_逸仙松高路口,信義區,1,25,3,21,25.03942,121.56149
2026-09-25 23:28:52,09/25 23:28,500112118,YouBike2.0_光復仁愛路口,信義區,1,25,1,24,25.03784,121.55768
2026-09-25 23:28:52,09/25 23:28,500112119,YouBike2.0_信義松智路口(東南側),信義區,1,51,0,51,25.03284,121.56555
2026-09-25 23:28:52,09/25 23:28,500112120,YouBike2.0_松山家商(東側),信義區,1,24,3,20,25.03568,121.58133
2026-09-25 23:28:52,09/25 23:28,500112123,YouBike2.0_松山松隆路口,信義區,1,18,5,13,25.04831,121.57766
2026-09-25 23:28:52,09/25 23:28,500112124,YouBike2.0_松智松平路口,信義區,1,16,0,14,25.0304,121.5654
2026-09-25 23:28:52,09/25 23:28,500112125,YouBike2.0_象山公園(松勤街140巷),信義區,1,29,0,28,25.03098,121.5697
2026-09-25 23:28:52,09/25 23:28,500112127,YouBike2.0_永吉路120巷15弄口,信義區,1,21,15,3,25.04501,121.57028
2026-09-25 23:28:52,09/25 23:28,500112128,YouBike2.0_臺北文創大樓(菸廠路),信義區,1,27,3,24,25.04499,121.56082
2026-09-25 23:28:52,09/25 23:28,500112129,YouBike2.0_松德路25巷口,信義區,1,18,7,10,25.0392,121.57742
2026-09-25 23:28:52,09/25 23:28,500112130,YouBike2.0_國家鐵道博物館,信義區,1,40,2,38,25.04728,121.56337
2026-09-25 23:28:52,09/25 23:28,500112132,YouBike2.0_六張犁社會住宅2區,信義區,1,48,19,28,25.02783,121.56024
2026-09-25 23:28:52,09/25 23:28,500112133,YouBike2.0_莊敬路341巷3弄,信義區,1,13,5,8,25.02864,121.56482
2026-09-25 23:28:52,09/25 23:28,500112134,YouBike2.0_信義國中,信義區,1,28,7,20,25.02863,121.56675
2026-09-25 23:28:52,09/25 23:28,500112135,YouBike2.0_捷運廣慈/奉天宮站(1號出口),信義區,1,50,39,7,25.0375,121.58198
2026-09-25 23:28:52,09/25 23:28,500112136,YouBike2.0_忠駝公園,信義區,1,41,12,28,25.03606,121.55923
2026-09-25 23:28:52,09/25 23:28,500112137,YouBike2.0_忠孝東路五段790巷25弄口,信義區,1,12,9,3,25.04235,121.58283
2026-09-25 23:28:52,09/25 23:28,500113001,YouBike2.0_德昌寶興街口(西北角),萬華區,1,14,6,4,25.02365,121.49528
2026-09-25 23:28:52,09/25 23:28,500113002,YouBike2.0_寶興長泰街口(西南角),萬華區,1,17,12,5,25.0216,121.49597
2026-09-25 23:28:52,09/25 23:28,500113003,YouBike2.0_萬大路486巷口,萬華區,1,10,7,2,25.01975,121.4973
2026-09-25 23:28:52,09/25 23:28,500113004,YouBike2.0_國興中華路口,萬華區,1,22,9,13,25.02485,121.50898
2026-09-25 23:28:52,09/25 23:28,500113005,YouBike2.0_古亭國中,萬華區,1,51,17,34,25.02442,121.5107
2026-09-25 23:28:52,09/25 23:28,500113006,YouBike2.0_國興水源路口,萬華區,1,23,17,5,25.02297,121.50845
2026-09-25 23:28:52,09/25 23:28,500113007,YouBike2.0_青年公園高爾夫球場,萬華區,1,25,12,3,25.02481,121.50755
2026-09-25 23:28:52,09/25 23:28,500113008,YouBike2.0_國興青年路口,萬華區,1,51,5,46,25.02594,121.50651
2026-09-25 23:28:52,09/25 23:28,500113009,YouBike2.0_青年公園棒球場,萬華區,1,28,23,4,25.0241,121.50289
2026-09-25 23:28:52,09/25 23:28,500113010,YouBike2.0_青年公園籃球場,萬華區,1,24,7,16,25.02085,121.50539
2026-09-25 23:28:52,09/25 23:28,500113012,YouBike2.0_復華花園新城,萬華區,0,32,0,0,25.029675416698,121.502558105228
2026-09-25 23:28:52,09/25 23:28,500113013,YouBike2.0_新和國小,萬華區,1,20,18,2,25.02582,121.50255
2026-09-25 23:28:52,09/25 23:28,500113014,YouBike2.0_莒光郵局,萬華區,0,22,0,22,25.03124,121.50122
2026-09-25 23:28:52,09/25 23:28,500113015,YouBike2.0_莒光立體停車場,萬華區,1,10,4,3,25.03116,121.50336
2026-09-25 23:28:52,09/25 23:28,500113016,YouBike2.0_艋舺大道146巷口,萬華區,1,14,4,10,25.03301,121.5016
2026-09-25 23:28:52,09/25 23:28,500113017,YouBike2.0_東園國小,萬華區,1,33,21,11,25.02257,121.49807
2026-09-25 23:28:52,09/25 23:28,500113018,YouBike2.0_華中疏散門,萬華區,1,12,1,9,25.01688,121.49534
2026-09-25 23:28:52,09/25 23:28,500113019,YouBike2.0_錦德公園,萬華區,1,29,12,8,25.02332,121.49264
2026-09-25 23:28:52,09/25 23:28,500113020,YouBike2.0_忠德公園,萬華區,1,19,12,4,25.02516,121.49604
2026-09-25 23:28:52,09/25 23:28,500113022,YouBike2.0_華江高中,萬華區,1,50,31,19,25.02744,121.49619
2026-09-25 23:28:52,09/25 23:28,500113023,YouBike2.0_西園艋舺路口,萬華區,1,64,11,52,25.03267,121.49757
2026-09-25 23:28:52,09/25 23:28,500113025,YouBike2.0_雙園國中,萬華區,1,24,19,5,25.02673,121.49176
2026-09-25 23:28:52,09/25 23:28,500113026,YouBike2.0_長順區民活動中心,萬華區,1,26,4,22,25.03284,121.48908
2026-09-25 23:28:52,09/25 23:28,500113027,YouBike2.0_萬華安居社會住宅A區,萬華區,1,25,14,10,25.03397,121.49029
2026-09-25 23:28:52,09/25 23:28,500113028,YouBike2.0_華江八號公園,萬華區,1,20,12,8,25.03388,121.49293
2026-09-25 23:28:52,09/25 23:28,500113029,YouBike2.0_環河南雙園街口,萬華區,1,21,20,1,25.03203,121.49127
2026-09-25 23:28:52,09/25 23:28,500113030,YouBike2.0_大理高中,萬華區,1,35,12,23,25.03124,121.49075
2026-09-25 23:28:52,09/25 23:28,500113031,YouBike2.0_糖廍文化園區,萬華區,1,18,6,12,25.03383,121.4946
2026-09-25 23:28:52,09/25 23:28,500113032,YouBike2.0_兩棵樹公園,萬華區,1,19,1,18,25.03253,121.49549
2026-09-25 23:28:52,09/25 23:28,500113033,YouBike2.0_萬華青年公宅,萬華區,1,23,16,7,25.02021,121.50376
2026-09-25 23:28:52,09/25 23:28,500113034,YouBike2.0_開封西寧路口,萬華區,1,94,68,26,25.04662,121.50717
2026-09-25 23:28:52,09/25 23:28,500113035,YouBike2.0_峨眉停車場,萬華區,1,47,2,44,25.04441,121.50541
2026-09-25 23:28:52,09/25 23:28,500113036,YouBike2.0_長沙公園,萬華區,1,37,27,9,25.0417,121.49992
2026-09-25 23:28:52,09/25 23:28,500113037,YouBike2.0_貓公園(中興橋頭),萬華區,1,16,10,4,25.04369,121.5018
2026-09-25 23:28:52,09/25 23:28,500113038,YouBike2.0_西本願寺廣場,萬華區,1,99,3,92,25.04099,121.50769
2026-09-25 23:28:52,09/25 23:28,500113039,YouBike2.0_中華桂林路口,萬華區,1,34,2,32,25.03771,121.50662
2026-09-25 23:28:52,09/25 23:28,500113040,YouBike2.0_捷運龍山寺站(1號出口),萬華區,0,11,0,0,25.03535,121.49938
2026-09-25 23:28:52,09/25 23:28,500113041,YouBike2.0_龍山國小,萬華區,1,62,15,47,25.0355,121.49541
2026-09-25 23:28:52,09/25 23:28,500113042,YouBike2.0_華西公園,萬華區,1,51,19,32,25.03852,121.49881
2026-09-25 23:28:52,09/25 23:28,500113043,YouBike2.0_老松國小,萬華區,1,74,14,58,25.03792,121.50177
2026-09-25 23:28:52,09/25 23:28,500113044,YouBike2.0_萬華火車站,萬華區,1,78,40,37,25.03364,121.50322
2026-09-25 23:28:52,09/25 23:28,500113045,YouBike2.0_萬華火車站(D2廣場),萬華區,1,42,0,16,25.03394,121.50117
2026-09-25 23:28:52,09/25 23:28,500113046,YouBike2.0_捷運龍山寺站(3號出口),萬華區,1,40,11,28,25.03509,121.50199
2026-09-25 23:28:52,09/25 23:28,500113047,YouBike2.0_臺北市電影主題公園(峨眉街),萬華區,1,20,14,6,25.04445,121.50306
2026-09-25 23:28:52,09/25 23:28,500113048,YouBike2.0_臺北市電影主題公園(康定路),萬華區,1,15,1,13,25.04551,121.50318
2026-09-25 23:28:52,09/25 23:28,500113049,YouBike2.0_中華峨眉街口,萬華區,1,24,8,14,25.04345,121.50841
2026-09-25 23:28:52,09/25 23:28,500113050,YouBike2.0_萬華266號綠地,萬華區,1,19,15,3,25.0403,121.50197
2026-09-25 23:28:52,09/25 23:28,500113051,YouBike2.0_萬大國小(萬大路344巷口),萬華區,1,22,4,18,25.02376,121.49986
2026-09-25 23:28:52,09/25 23:28,500113052,YouBike2.0_德昌街10巷口,萬華區,1,17,10,4,25.02533,121.4996
2026-09-25 23:28:52,09/25 23:28,500113053,YouBike2.0_環河南和平西路口,萬華區,1,20,2,18,25.03517,121.49048
2026-09-25 23:28:52,09/25 23:28,500113054,YouBike2.0_長順街60巷口,萬華區,1,15,7,8,25.03119,121.48858
2026-09-25 23:28:52,09/25 23:28,500113055,YouBike2.0_西園公園,萬華區,1,14,9,3,25.0271,121.49775
2026-09-25 23:28:52,09/25 23:28,500113056,YouBike2.0_華江污水廠,萬華區,1,20,7,13,25.03606,121.49163
2026-09-25 23:28:52,09/25 23:28,500113057,YouBike2.0_柳鄉公園,萬華區,1,34,10,24,25.03731,121.49526
2026-09-25 23:28:52,09/25 23:28,500113058,YouBike2.0_綠堤社區公園,萬華區,1,28,27,1,25.03302,121.4931
2026-09-25 23:28:52,09/25 23:28,500113059,YouBike2.0_長順艋舺大道口,萬華區,1,26,10,16,25.03035,121.49228
2026-09-25 23:28:52,09/25 23:28,500113060,YouBike2.0_富民路145巷口,萬華區,0,18,11,7,25.01796,121.49988
2026-09-25 23:28:52,09/25 23:28,500113061,YouBike2.0_環南綜合市場,萬華區,1,26,12,13,25.0286,121.48908
2026-09-25 23:28:52,09/25 23:28,500113062,YouBike2.0_龍山國中,萬華區,1,15,14,1,25.03646,121.50492
2026-09-25 23:28:52,09/25 23:28,500113063,YouBike2.0_洛陽停車場,萬華區,0,22,0,0,25.04776,121.50612
2026-09-25 23:28:52,09/25 23:28,500113064,YouBike2.0_桂林昆明街口,萬華區,1,29,8,21,25.03811,121.50362
2026-09-25 23:28:52,09/25 23:28,500113065,YouBike2.0_萬華國中_1,萬華區,1,36,26,10,25.02926,121.49936
2026-09-25 23:28:52,09/25 23:28,500113066,YouBike2.0_青年公園3號出口,萬華區,1,46,25,18,25.02273,121.50271
2026-09-25 23:28:52,09/25 23:28,500113068,YouBike2.0_捷運龍山寺站(1號出口)_1,萬華區,0,11,0,0,25.03548,121.50026
2026-09-25 23:28:52,09/25 23:28,500113069,YouBike2.0_莒光社會住宅,萬華區,1,30,2,27,25.0317,121.50033
2026-09-25 23:28:52,09/25 23:28,500113070,YouBike2.0_艋舺西藏路口,萬華區,1,30,7,23,25.0287,121.49156
2026-09-25 23:28:52,09/25 23:28,500113071,YouBike2.0_萬大路493巷,萬華區,1,10,5,5,25.01975,121.4992
2026-09-25 23:28:52,09/25 23:28,500113072,YouBike2.0_雙園國中地下停車場,萬華區,1,12,9,3,25.02768,121.49134
2026-09-25 23:28:52,09/25 23:28,500113073,YouBike2.0_青年路152巷口,萬華區,1,23,5,14,25.01979,121.5009
2026-09-25 23:28:52,09/25 23:28,500113074,YouBike2.0_和平西路二段190巷口,萬華區,1,12,8,4,25.03348,121.50445
2026-09-25 23:28:52,09/25 23:28,500113075,YouBike2.0_萬大路424巷口,萬華區,1,15,9,4,25.02039,121.4927
2026-09-25 23:28:52,09/25 23:28,500113077,YouBike2.0_長泰街52巷口,萬華區,1,15,5,9,25.0232,121.50028
2026-09-25 23:28:52,09/25 23:28,500113078,YouBike2.0_水源青年路口,萬華區,1,24,11,12,25.02005,121.50429
2026-09-25 23:28:52,09/25 23:28,500113079,YouBike2.0_青年公園4號出口,萬華區,1,24,11,8,25.02114,121.50265
2026-09-25 23:28:52,09/25 23:28,500113080,YouBike2.0_祥安水岸景觀大廈,萬華區,1,15,10,4,25.01907,121.50219
2026-09-25 23:28:52,09/25 23:28,500113081,YouBike2.0_大理高中(西藏路),萬華區,1,40,3,37,25.03062,121.49021
2026-09-25 23:28:52,09/25 23:28,500113083,YouBike2.0_綠堤公園(西北側),萬華區,1,9,9,0,25.03338,121.49267
2026-09-25 23:28:52,09/25 23:28,500113085,YouBike2.0_艋舺雙園街口,萬華區,1,14,12,2,25.0301,121.49324
2026-09-25 23:28:52,09/25 23:28,500113086,YouBike2.0_德昌街125巷口,萬華區,1,19,8,9,25.02406,121.49639
2026-09-25 23:28:52,09/25 23:28,500113087,YouBike2.0_萬青街186號,萬華區,1,21,10,5,25.02263,121.50154
2026-09-25 23:28:52,09/25 23:28,500113088,YouBike2.0_艋舺大道/西園路140巷口,萬華區,1,20,11,9,25.03174,121.49502
2026-09-25 23:28:52,09/25 23:28,500113089,YouBike2.0_龍山國中(廣州街),萬華區,1,24,4,20,25.03614,121.50625
2026-09-25 23:28:52,09/25 23:28,500113090,YouBike2.0_華江高中(西藏路),萬華區,1,32,31,1,25.02901,121.49659
2026-09-25 23:28:52,09/25 23:28,500113091,YouBike2.0_新和國小(中華路二段416巷),萬華區,1,19,11,8,25.02677,121.50283
2026-09-25 23:28:52,09/25 23:28,500113092,YouBike2.0_環南綜合市場(西藏路),萬華區,1,15,4,11,25.0294,121.49082
2026-09-25 23:28:52,09/25 23:28,500113093,YouBike2.0_萬華青年社會住宅(青年路168巷49弄),萬華區,1,20,15,5,25.01995,121.50229
2026-09-25 23:28:52,09/25 23:28,500113094,YouBike2.0_萬華51號公園,萬華區,1,14,1,11,25.03484,121.49928
2026-09-25 23:28:52,09/25 23:28,500113095,YouBike2.0_萬華區公所(大理街),萬華區,1,26,1,25,25.03457,121.5
2026-09-25 23:28:52,09/25 23:28,500113096,YouBike2.0_環河南路一段350巷口,萬華區,1,15,9,6,25.03935,121.49743
2026-09-25 23:28:52,09/25 23:28,500113097,YouBike2.0_萬華安居社會住宅B區,萬華區,1,32,18,14,25.03349,121.49089
2026-09-25 23:28:52,09/25 23:28,500113098,YouBike2.0_青年公園(西藏路125巷口),萬華區,1,18,11,7,25.0251,121.50371
2026-09-25 23:28:52,09/25 23:28,500113099,YouBike2.0_漢口街二段53巷口,萬華區,1,19,5,13,25.04581,121.50636
2026-09-25 23:28:52,09/25 23:28,500113100,YouBike2.0_環河福德宮,萬華區,1,27,3,24,25.03788,121.49429
2026-09-25 23:28:52,09/25 23:28,500113101,YouBike2.0_崇仁花園(萬大路423巷),萬華區,1,20,5,11,25.02183,121.50133
2026-09-25 23:28:52,09/25 23:28,500113102,YouBike2.0_復華花園新城東側,萬華區,1,32,19,7,25.02975,121.5035
2026-09-25 23:28:52,09/25 23:28,500113103,YouBike2.0_中華開封街口,萬華區,1,36,16,19,25.04587,121.50912
2026-09-25 23:28:52,09/25 23:28,500113104,YouBike2.0_中華忠孝路口(西南側),萬華區,1,19,4,15,25.04763,121.5095
2026-09-25 23:28:52,09/25 23:28,500113105,YouBike2.0_祥安國宅,萬華區,1,19,9,10,25.01959,121.50325
2026-09-25 23:28:52,09/25 23:28,500119005,YouBike2.0_臺大水源舍區A棟,臺大公館校區,1,37,13,24,25.01493,121.53044
2026-09-25 23:28:52,09/25 23:28,500119006,YouBike2.0_臺大卓越研究大樓,臺大公館校區,1,92,4,88,25.01466,121.52917
2026-09-25 23:28:52,09/25 23:28,500119007,YouBike2.0_臺大水源修齊會館,臺大公館校區,1,35,5,30,25.01411,121.52997
2026-09-25 23:28:52,09/25 23:28,500119008,YouBike2.0_臺大檔案展示館,臺大公館校區,1,10,4,6,25.01391,121.52895
2026-09-25 23:28:52,09/25 23:28,500119009,YouBike2.0_臺大水源舍區B棟,臺大公館校區,1,30,8,22,25.01525,121.53009
2026-09-25 23:28:52,09/25 23:28,500119043,YouBike2.0_臺大男八舍東側,臺大公館校區,1,42,25,17,25.01729,121.54531
2026-09-25 23:28:52,09/25 23:28,500119044,YouBike2.0_臺大禮賢樓東南側,臺大公館校區,1,35,1,34,25.01415,121.53767
2026-09-25 23:28:52,09/25 23:28,500119045,YouBike2.0_臺大農業陳列館北側,臺大公館校區,1,45,3,41,25.01839,121.53404
2026-09-25 23:28:52,09/25 23:28,500119046,YouBike2.0_臺大管理學院二館北側,臺大公館校區,1,40,3,37,25.01355,121.53673
2026-09-25 23:28:52,09/25 23:28,500119047,YouBike2.0_臺大土木系館,臺大公館校區,1,30,2,28,25.01761,121.53844
2026-09-25 23:28:52,09/25 23:28,500119048,YouBike2.0_臺大大一女舍北側,臺大公館校區,1,53,0,53,25.01547,121.53436
2026-09-25 23:28:52,09/25 23:28,500119049,YouBike2.0_臺大女九舍西南側,臺大公館校區,1,37,1,36,25.01981,121.53903
2026-09-25 23:28:52,09/25 23:28,500119050,YouBike2.0_臺大小福樓東側,臺大公館校區,1,31,2,29,25.01846,121.5376
2026-09-25 23:28:52,09/25 23:28,500119051,YouBike2.0_臺大立體機車停車場,臺大公館校區,1,27,0,24,25.01616,121.54251
2026-09-25 23:28:52,09/25 23:28,500119052,YouBike2.0_臺大工綜館南側,臺大公館校區,1,43,1,40,25.01857,121.54059
2026-09-25 23:28:52,09/25 23:28,500119053,YouBike2.0_臺大天文數學館南側,臺大公館校區,1,40,1,39,25.02108,121.53783
2026-09-25 23:28:52,09/25 23:28,500119054,YouBike2.0_臺大心理系館南側,臺大公館校區,1,30,3,27,25.01941,121.5404
2026-09-25 23:28:52,09/25 23:28,500119055,YouBike2.0_臺大樂學館東側,臺大公館校區,1,28,0,28,25.01793,121.53585
2026-09-25 23:28:52,09/25 23:28,500119056,YouBike2.0_臺大農化新館西側,臺大公館校區,1,10,7,3,25.01627,121.53535
2026-09-25 23:28:52,09/25 23:28,500119057,YouBike2.0_臺大五號館西側,臺大公館校區,1,48,1,47,25.01666,121.53718
2026-09-25 23:28:52,09/25 23:28,500119058,YouBike2.0_臺大舊體育館西側,臺大公館校區,1,33,1,31,25.0198,121.53583
2026-09-25 23:28:52,09/25 23:28,500119059,YouBike2.0_臺大共同教室北側,臺大公館校區,1,68,1,67,25.01595,121.53791
2026-09-25 23:28:52,09/25 23:28,500119060,YouBike2.0_臺大共同教室東南側,臺大公館校區,1,12,0,12,25.01566,121.53786
2026-09-25 23:28:52,09/25 23:28,500119061,YouBike2.0_臺大鹿鳴堂東側,臺大公館校區,1,39,0,39,25.01511,121.53786
2026-09-25 23:28:52,09/25 23:28,500119062,YouBike2.0_臺大公館停車場西北側,臺大公館校區,1,12,6,6,25.01345,121.53798
2026-09-25 23:28:52,09/25 23:28,500119063,YouBike2.0_臺大第二行政大樓南側,臺大公館校區,1,27,3,23,25.01603,121.53635
2026-09-25 23:28:52,09/25 23:28,500119064,YouBike2.0_臺大明達館機車停車場,臺大公館校區,1,28,1,26,25.01754,121.54398
2026-09-25 23:28:52,09/25 23:28,500119065,YouBike2.0_臺大二號館,臺大公館校區,1,10,0,10,25.01699,121.53574
2026-09-25 23:28:52,09/25 23:28,500119066,YouBike2.0_臺大凝態館南側,臺大公館校區,1,20,1,19,25.02157,121.53633
2026-09-25 23:28:52,09/25 23:28,500119067,YouBike2.0_臺大社科院西側,臺大公館校區,1,42,2,40,25.02053,121.54145
2026-09-25 23:28:52,09/25 23:28,500119068,YouBike2.0_臺大社會系館南側,臺大公館校區,1,51,0,51,25.01987,121.54175
2026-09-25 23:28:52,09/25 23:28,500119069,YouBike2.0_臺大思亮館東南側,臺大公館校區,1,37,1,36,25.02074,121.53906
2026-09-25 23:28:52,09/25 23:28,500119070,YouBike2.0_臺大椰林小舖,臺大公館校區,1,65,1,63,25.01561,121.53583
2026-09-25 23:28:52,09/25 23:28,500119071,YouBike2.0_臺大計資中心南側,臺大公館校區,1,54,2,52,25.02036,121.53992
2026-09-25 23:28:52,09/25 23:28,500119072,YouBike2.0_臺大原分所北側,臺大公館校區,1,12,0,12,25.01881,121.53868
2026-09-25 23:28:52,09/25 23:28,500119074,YouBike2.0_臺大生命科學館西北側,臺大公館校區,1,30,0,30,25.01548,121.53825
2026-09-25 23:28:52,09/25 23:28,500119075,YouBike2.0_臺大第一活動中心西南側,臺大公館校區,1,48,0,48,25.01761,121.53995
2026-09-25 23:28:52,09/25 23:28,500119076,YouBike2.0_臺大博理館西側,臺大公館校區,1,22,1,20,25.01922,121.54195
2026-09-25 23:28:52,09/25 23:28,500119077,YouBike2.0_臺大博雅館西側,臺大公館校區,1,99,3,96,25.0189,121.536
2026-09-25 23:28:52,09/25 23:28,500119078,YouBike2.0_臺大森林館北側,臺大公館校區,1,10,0,10,25.01704,121.53888
2026-09-25 23:28:52,09/25 23:28,500119079,YouBike2.0_臺大一號館,臺大公館校區,1,19,0,19,25.01698,121.53455
2026-09-25 23:28:52,09/25 23:28,500119080,YouBike2.0_臺大小小福西南側,臺大公館校區,1,10,2,8,25.01539,121.53686
2026-09-25 23:28:52,09/25 23:28,500119081,YouBike2.0_臺大教研館北側,臺大公館校區,1,26,0,26,25.01337,121.53909
2026-09-25 23:28:52,09/25 23:28,500119082,YouBike2.0_臺大四號館東北側,臺大公館校區,1,34,0,34,25.01703,121.53781
2026-09-25 23:28:52,09/25 23:28,500119083,YouBike2.0_臺大新生教室南側,臺大公館校區,1,18,0,17,25.0196,121.53846
2026-09-25 23:28:52,09/25 23:28,500119084,YouBike2.0_臺大鄭江樓北側,臺大公館校區,1,40,0,40,25.01854,121.54309
2026-09-25 23:28:52,09/25 23:28,500119085,YouBike2.0_臺大電機二館東南側,臺大公館校區,1,14,0,14,25.01857,121.54247
2026-09-25 23:28:52,09/25 23:28,500119086,YouBike2.0_臺大圖資系館北側,臺大公館校區,1,51,0,51,25.01804,121.53928
2026-09-25 23:28:52,09/25 23:28,500119087,YouBike2.0_臺大總圖書館西南側,臺大公館校區,1,73,1,72,25.0169,121.54031
2026-09-25 23:28:52,09/25 23:28,500119088,YouBike2.0_臺大黑森林西側,臺大公館校區,1,35,24,11,25.01995,121.54347
2026-09-25 23:28:52,09/25 23:28,500119089,YouBike2.0_臺大獸醫館南側,臺大公館校區,1,24,5,19,25.01791,121.54242
2026-09-25 23:28:52,09/25 23:28,500119090,YouBike2.0_臺大新體育館東南側,臺大公館校區,1,51,0,50,25.02112,121.53591
2026-09-25 23:28:52,09/25 23:28,500119091,YouBike2.0_臺大明達館北側(員工宿舍),臺大公館校區,1,93,4,89,25.01816,121.54469
2026-09-25 23:28:52,09/25 23:28,500119092,YouBike2.0_臺大管理學院一館,臺大公館校區,1,17,0,16,25.01436,121.53828
2026-09-25 23:28:52,09/25 23:28,500119093,YouBike2.0_臺大禮賢樓西側,臺大公館校區,1,36,0,36,25.01467,121.53765
2026-09-25 23:28:52,09/25 23:28,500119094,YouBike2.0_臺大大一女餐廳廣場,臺大公館校區,1,40,1,21,25.01479,121.53494
2026-09-25 23:28:52,09/25 23:28,500119095,YouBike2.0_臺大學新館,臺大公館校區,1,33,1,32,25.01944,121.54339
2026-09-25 23:28:52,09/25 23:28,500119096,YouBike2.0_臺大水源舍區C棟,臺大公館校區,1,99,5,93,25.01547,121.52892
2026-09-25 23:28:52,09/25 23:28,500119097,YouBike2.0_臺大人文館,臺大公館校區,1,67,0,67,25.0182,121.53476
2026-09-25 23:28:52,09/25 23:28,500119098,YouBike2.0_臺大數學研究中心(東側),臺大公館校區,1,62,4,58,25.02004,121.53881
2026-09-25 23:28:52,09/25 23:28,500119099,YouBike2.0_臺大博理館北側,臺大公館校區,1,36,1,35,25.01945,121.54245
2026-09-25 23:28:52,09/25 23:28,500119100,YouBike2.0_臺大博理館東側,臺大公館校區,1,24,1,23,25.01929,121.54264
2026-09-25 23:28:52,09/25 23:28,500119101,YouBike2.0_臺大德田館東北側,臺大公館校區,1,56,0,56,25.01976,121.54197
2026-09-25 23:28:52,09/25 23:28,500119102,YouBike2.0_臺大普通教學館東側,臺大公館校區,1,42,2,40,25.01861,121.53717
2026-09-25 23:28:52,09/25 23:28,500119103,YouBike2.0_臺大次震宇宙館西側,臺大公館校區,1,34,2,30,25.02162,121.537
